{
  "case_id": "1954_128",
  "case_name": "Commissioner of Income-tax, Bombay v. Messrs, Ogale Glass Works Ltd.",
  "case_year": 1953,
  "court": "Supreme Court of India",
  "judges": [
    "Das, J."
  ],
  "facts": [
    {
      "id": "f1",
      "type": "fact",
      "text": "The Income-tax Appellate Tribunal referred a question to the Bombay High Court.",
      "anchor": {
        "doc_id": "sha256:4a825707b01f",
        "start_char": 8,
        "end_char": 120,
        "text_hash": "d0cbc6ac14f7b287",
        "display_location": "0",
        "secondary_spans": [],
        "surface_text": "The question referred by the Income-tax Appellate Tribunal for the opinion of the Bombay High Court was as follows - Whether on the facts of the case, income, profits and gains in"
      },
      "fact_type": "procedural",
      "actor_source": "lower_court",
      "date": null,
      "date_approximate": false,
      "disputed_by": null,
      "court_finding": "accepted",
      "confidence": "high",
      "provenance": {
        "extraction_method": "llm",
        "model_id": "grok-4-1-fast-reasoning",
        "prompt_id": null,
        "run_id": null,
        "temperature": 0.1,
        "timestamp": "2026-02-07T02:15:12.320073"
      }
    },
    {
      "id": "f2",
      "type": "fact",
      "text": "The referred question was whether income, profits and gains in respect of sales made to Government of India was received in British India within the meaning of Section 4 1 of the Act.",
      "anchor": {
        "doc_id": "sha256:4a825707b01f",
        "start_char": 121,
        "end_char": 340,
        "text_hash": "064c39a527398790",
        "display_location": "0",
        "secondary_spans": [],
        "surface_text": " Whether on the facts of the case, income, profits and gains in respect of sales made to Government of India was received in British India within the meaning of Section 4 1  of the Act ?"
      },
      "fact_type": "material",
      "actor_source": "court",
      "date": null,
      "date_approximate": false,
      "disputed_by": null,
      "court_finding": "accepted",
      "confidence": "high",
      "provenance": {
        "extraction_method": "llm",
        "model_id": "grok-4-1-fast-reasoning",
        "prompt_id": null,
        "run_id": null,
        "temperature": 0.1,
        "timestamp": "2026-02-07T02:15:12.320073"
      }
    },
    {
      "id": "f3",
      "type": "fact",
      "text": "The assessee made sales to Government of India.",
      "anchor": {
        "doc_id": "sha256:4a825707b01f",
        "start_char": 200,
        "end_char": 250,
        "text_hash": "5c6855c2450b7baf",
        "display_location": "0:1",
        "secondary_spans": [],
        "surface_text": " income, profits and gains in respect of sales made to Government of India was received in British India within the meaning of Section 4 1  of the Act ? The High"
      },
      "fact_type": "material",
      "actor_source": null,
      "date": null,
      "date_approximate": false,
      "disputed_by": null,
      "court_finding": "accepted",
      "confidence": "high",
      "provenance": {
        "extraction_method": "llm",
        "model_id": "grok-4-1-fast-reasoning",
        "prompt_id": null,
        "run_id": null,
        "temperature": 0.1,
        "timestamp": "2026-02-07T02:15:12.320073"
      }
    },
    {
      "id": "f4",
      "type": "fact",
      "text": "The Bombay High Court answered the referred question in the negative.",
      "anchor": {
        "doc_id": "sha256:4a825707b01f",
        "start_char": 341,
        "end_char": 430,
        "text_hash": "812374100771cb3d",
        "display_location": "0:2",
        "secondary_spans": [],
        "surface_text": "? The High Court answered the question in the negative for reasons set out in its judgment companyering this case as well as the case out of which Appeal No. 19"
      },
      "fact_type": "procedural",
      "actor_source": "lower_court",
      "date": null,
      "date_approximate": false,
      "disputed_by": null,
      "court_finding": "rejected",
      "confidence": "high",
      "provenance": {
        "extraction_method": "llm",
        "model_id": "grok-4-1-fast-reasoning",
        "prompt_id": null,
        "run_id": null,
        "temperature": 0.1,
        "timestamp": "2026-02-07T02:15:12.320073"
      }
    },
    {
      "id": "f5",
      "type": "fact",
      "text": "The High Court judgment concerned this case and the case out of which Appeal No. 19 of 1953 came to be filed before the Supreme Court.",
      "anchor": {
        "doc_id": "sha256:4a825707b01f",
        "start_char": 431,
        "end_char": 550,
        "text_hash": "394cce59614b2714",
        "display_location": "0",
        "secondary_spans": [],
        "surface_text": " of 1953 came to be filed before us. The facts, found in this case, are similar to those found in Civil Appeal No. 19 of 1953 Commissioner of Income-tax, Bombay v."
      },
      "fact_type": "procedural",
      "actor_source": "lower_court",
      "date": null,
      "date_approximate": false,
      "disputed_by": null,
      "court_finding": "accepted",
      "confidence": "high",
      "provenance": {
        "extraction_method": "llm",
        "model_id": "grok-4-1-fast-reasoning",
        "prompt_id": null,
        "run_id": null,
        "temperature": 0.1,
        "timestamp": "2026-02-07T02:15:12.320073"
      }
    },
    {
      "id": "f6",
      "type": "fact",
      "text": "There is a Civil Appeal No. 19 of 1953 titled Commissioner of Income-tax, Bombay v. Messrs, Ogale Glass Works Ltd.",
      "anchor": {
        "doc_id": "sha256:4a825707b01f",
        "start_char": 551,
        "end_char": 680,
        "text_hash": "425837af22f8527a",
        "display_location": "0",
        "secondary_spans": [],
        "surface_text": "Messrs, Ogale Glass Works Ltd., except in the following particulars  1  that all cheques were made number-negotiable,  2  that numbercredit was given by the bank"
      },
      "fact_type": "background",
      "actor_source": "court",
      "date": "1953-01-01",
      "date_approximate": true,
      "disputed_by": null,
      "court_finding": "accepted",
      "confidence": "high",
      "provenance": {
        "extraction_method": "llm",
        "model_id": "grok-4-1-fast-reasoning",
        "prompt_id": null,
        "run_id": null,
        "temperature": 0.1,
        "timestamp": "2026-02-07T02:15:12.320073"
      }
    },
    {
      "id": "f7",
      "type": "fact",
      "text": "The facts found in this case are similar to those found in Civil Appeal No. 19 of 1953.",
      "anchor": {
        "doc_id": "sha256:4a825707b01f",
        "start_char": 480,
        "end_char": 600,
        "text_hash": "4d274292fc6e7cbb",
        "display_location": "0",
        "secondary_spans": [],
        "surface_text": "The facts, found in this case, are similar to those found in Civil Appeal No. 19 of 1953 Commissioner of Income-tax, Bombay v. Messrs, Ogale Glass Works Ltd.,"
      },
      "fact_type": "background",
      "actor_source": "court",
      "date": null,
      "date_approximate": false,
      "disputed_by": null,
      "court_finding": "accepted",
      "confidence": "high",
      "provenance": {
        "extraction_method": "llm",
        "model_id": "grok-4-1-fast-reasoning",
        "prompt_id": null,
        "run_id": null,
        "temperature": 0.1,
        "timestamp": "2026-02-07T02:15:12.320073"
      }
    },
    {
      "id": "f8",
      "type": "fact",
      "text": "All cheques were made number-negotiable.",
      "anchor": {
        "doc_id": "sha256:4a825707b01f",
        "start_char": 685,
        "end_char": 730,
        "text_hash": "478a89443ee65c2b",
        "display_location": "0:6",
        "secondary_spans": [],
        "surface_text": " particulars  1  that all cheques were made number-negotiable,  2  that numbercredit was given by the bank to the assessee before companylection,  3  that"
      },
      "fact_type": "material",
      "actor_source": "court",
      "date": null,
      "date_approximate": false,
      "disputed_by": null,
      "court_finding": "accepted",
      "confidence": "high",
      "provenance": {
        "extraction_method": "llm",
        "model_id": "grok-4-1-fast-reasoning",
        "prompt_id": null,
        "run_id": null,
        "temperature": 0.1,
        "timestamp": "2026-02-07T02:15:12.320073"
      }
    },
    {
      "id": "f9",
      "type": "fact",
      "text": "No credit was given by the bank to the assessee before collection.",
      "anchor": {
        "doc_id": "sha256:4a825707b01f",
        "start_char": 731,
        "end_char": 800,
        "text_hash": "f0fdff6d5affa62c",
        "display_location": "0:6",
        "secondary_spans": [],
        "surface_text": " numbercredit was given by the bank to the assessee before companylection,  3  that there was numberfinding that the assessee gave credit to the Government"
      },
      "fact_type": "material",
      "actor_source": "court",
      "date": null,
      "date_approximate": false,
      "disputed_by": null,
      "court_finding": "accepted",
      "confidence": "high",
      "provenance": {
        "extraction_method": "llm",
        "model_id": "grok-4-1-fast-reasoning",
        "prompt_id": null,
        "run_id": null,
        "temperature": 0.1,
        "timestamp": "2026-02-07T02:15:12.320073"
      }
    },
    {
      "id": "f10",
      "type": "fact",
      "text": "There was no finding that the assessee gave credit to the Government for the amount of the cheque immediately on receipt thereof.",
      "anchor": {
        "doc_id": "sha256:4a825707b01f",
        "start_char": 801,
        "end_char": 920,
        "text_hash": "2b3c5625af60f97c",
        "display_location": "0:6",
        "secondary_spans": [],
        "surface_text": "for the amount of the cheque immediately on receipt thereof. Learned companynsel on either side did number suggest that the differences numbered above would make"
      },
      "fact_type": "material",
      "actor_source": "court",
      "date": null,
      "date_approximate": false,
      "disputed_by": null,
      "court_finding": "accepted",
      "confidence": "high",
      "provenance": {
        "extraction_method": "llm",
        "model_id": "grok-4-1-fast-reasoning",
        "prompt_id": null,
        "run_id": null,
        "temperature": 0.1,
        "timestamp": "2026-02-07T02:15:12.320073"
      }
    },
    {
      "id": "f11",
      "type": "fact",
      "text": "Learned counsel on either side did not suggest that the differences would make any difference in the answer to the referred question.",
      "anchor": {
        "doc_id": "sha256:4a825707b01f",
        "start_char": 921,
        "end_char": 1050,
        "text_hash": "b9d21c593a75a4ff",
        "display_location": "0",
        "secondary_spans": [],
        "surface_text": "any difference in the answer to the referred question which is the same as in the other appeal. That being the position, this case is governed by the judgment"
      },
      "fact_type": "admitted",
      "actor_source": "petitioner",
      "date": null,
      "date_approximate": false,
      "disputed_by": null,
      "court_finding": "accepted",
      "confidence": "high",
      "provenance": {
        "extraction_method": "llm",
        "model_id": "grok-4-1-fast-reasoning",
        "prompt_id": null,
        "run_id": null,
        "temperature": 0.1,
        "timestamp": "2026-02-07T02:15:12.320073"
      }
    },
    {
      "id": "f12",
      "type": "fact",
      "text": "The referred question is the same as in the other appeal.",
      "anchor": {
        "doc_id": "sha256:4a825707b01f",
        "start_char": 1000,
        "end_char": 1070,
        "text_hash": "9b4fc4473a6ef373",
        "display_location": "0:7",
        "secondary_spans": [],
        "surface_text": "the answer to the referred question which is the same as in the other appeal."
      },
      "fact_type": "procedural",
      "actor_source": "court",
      "date": null,
      "date_approximate": false,
      "disputed_by": null,
      "court_finding": "accepted",
      "confidence": "high",
      "provenance": {
        "extraction_method": "llm",
        "model_id": "grok-4-1-fast-reasoning",
        "prompt_id": null,
        "run_id": null,
        "temperature": 0.1,
        "timestamp": "2026-02-07T02:15:12.320073"
      }
    },
    {
      "id": "f13",
      "type": "fact",
      "text": "This case is governed by the judgment pronounced in the other appeal.",
      "anchor": {
        "doc_id": "sha256:4a825707b01f",
        "start_char": 1071,
        "end_char": 1150,
        "text_hash": "8d69733006402c13",
        "display_location": "0:7",
        "secondary_spans": [],
        "surface_text": "That being the position, this case is governed by the judgment which has just been pronounced by us in the other appeal."
      },
      "fact_type": "procedural",
      "actor_source": "court",
      "date": null,
      "date_approximate": false,
      "disputed_by": null,
      "court_finding": "accepted",
      "confidence": "high",
      "provenance": {
        "extraction_method": "llm",
        "model_id": "grok-4-1-fast-reasoning",
        "prompt_id": null,
        "run_id": null,
        "temperature": 0.1,
        "timestamp": "2026-02-07T02:15:12.320073"
      }
    },
    {
      "id": "f14",
      "type": "fact",
      "text": "The Supreme Court allows the appeal.",
      "anchor": {
        "doc_id": "sha256:4a825707b01f",
        "start_char": 1151,
        "end_char": 1190,
        "text_hash": "c68ab4ef9c2bd0e3",
        "display_location": "0",
        "secondary_spans": [],
        "surface_text": "We accordingly allow the appeal and answer the referred question in the affirmative."
      },
      "fact_type": "procedural",
      "actor_source": "court",
      "date": null,
      "date_approximate": false,
      "disputed_by": null,
      "court_finding": null,
      "confidence": "high",
      "provenance": {
        "extraction_method": "llm",
        "model_id": "grok-4-1-fast-reasoning",
        "prompt_id": null,
        "run_id": null,
        "temperature": 0.1,
        "timestamp": "2026-02-07T02:15:12.320073"
      }
    },
    {
      "id": "f15",
      "type": "fact",
      "text": "The Supreme Court answers the referred question in the affirmative.",
      "anchor": {
        "doc_id": "sha256:4a825707b01f",
        "start_char": 1191,
        "end_char": 1250,
        "text_hash": "79ae8dbfd717f0df",
        "display_location": "0:8",
        "secondary_spans": [],
        "surface_text": "and answer the referred question in the affirmative."
      },
      "fact_type": "procedural",
      "actor_source": "court",
      "date": null,
      "date_approximate": false,
      "disputed_by": null,
      "court_finding": null,
      "confidence": "high",
      "provenance": {
        "extraction_method": "llm",
        "model_id": "grok-4-1-fast-reasoning",
        "prompt_id": null,
        "run_id": null,
        "temperature": 0.1,
        "timestamp": "2026-02-07T02:15:12.320073"
      }
    },
    {
      "id": "f16",
      "type": "fact",
      "text": "There is an appeal before the Supreme Court related to this case.",
      "anchor": {
        "doc_id": "sha256:4a825707b01f",
        "start_char": 430,
        "end_char": 470,
        "text_hash": "2883afbc1f2d1302",
        "display_location": "0",
        "secondary_spans": [],
        "surface_text": "came to be filed before us."
      },
      "fact_type": "procedural",
      "actor_source": null,
      "date": null,
      "date_approximate": false,
      "disputed_by": null,
      "court_finding": "accepted",
      "confidence": "high",
      "provenance": {
        "extraction_method": "llm",
        "model_id": "grok-4-1-fast-reasoning",
        "prompt_id": null,
        "run_id": null,
        "temperature": 0.1,
        "timestamp": "2026-02-07T02:15:12.320073"
      }
    }
  ],
  "concepts": [
    {
      "id": "c1",
      "type": "concept",
      "concept_id": "UNLISTED_SECTION_4_1_INCOME_TAX_ACT",
      "anchor": {
        "doc_id": "sha256:4a825707b01f",
        "start_char": 262,
        "end_char": 290,
        "text_hash": "a2e92a06345f0bd5",
        "display_location": "0:1",
        "secondary_spans": [],
        "surface_text": "Section 4 1  of the Act"
      },
      "relevance": "central",
      "kind": "statute_section",
      "interpretation": "Income, profits and gains in respect of sales made to Government of India was received in British India",
      "interpretation_anchor": {
        "doc_id": "sha256:4a825707b01f",
        "start_char": 1155,
        "end_char": 1220,
        "text_hash": "f7d11e0a07a64442",
        "display_location": "0",
        "secondary_spans": [],
        "surface_text": " the other appeal. That being the position, this case is governed"
      },
      "unlisted_label": "Section 4(1) of the Income-tax Act",
      "unlisted_description": null,
      "confidence": "high",
      "provenance": {
        "extraction_method": "llm",
        "model_id": "grok-4-1-fast-reasoning",
        "prompt_id": null,
        "run_id": null,
        "temperature": 0.1,
        "timestamp": "2026-02-07T02:16:44.412246"
      }
    }
  ],
  "issues": [
    {
      "id": "i1",
      "type": "issue",
      "text": "Whether on the facts of the case, income, profits and gains in respect of sales made to Government of India was received in British India within the meaning of Section 4 1  of the Act ?",
      "anchor": {
        "doc_id": "sha256:4a825707b01f",
        "start_char": 103,
        "end_char": 292,
        "text_hash": "02ab908a2ef890a5",
        "display_location": "0:1",
        "secondary_spans": [],
        "surface_text": "Whether on the facts of the case, income, profits and gains in respect of sales made to Government of India was received in British India within the meaning of Section 4 1  of the Act ?"
      },
      "issue_number": null,
      "framed_by": "court",
      "primary_concepts": [
        "c1"
      ],
      "answer": "yes",
      "confidence": "high",
      "provenance": {
        "extraction_method": "llm",
        "model_id": "grok-4-1-fast-reasoning",
        "prompt_id": null,
        "run_id": null,
        "temperature": 0.1,
        "timestamp": "2026-02-07T02:17:45.399598"
      }
    }
  ],
  "arguments": [
    {
      "id": "a1",
      "type": "argument",
      "claim": "income, profits and gains in respect of sales made to Government of India was not received in British India within the meaning of Section 4 1 of the Act",
      "anchor": {
        "doc_id": "sha256:4a825707b01f",
        "start_char": 341,
        "end_char": 550,
        "text_hash": "ac12a76f673d2c49",
        "display_location": "0",
        "secondary_spans": [],
        "surface_text": "? The High Court answered the question in the negative for reasons set out in its judgment companyering this case as well as the case out of which Appeal No. 19 of 1953 came to be filed before us. The facts, found in this case, are similar to those found in Civil Appeal No. 19 of 1953 Commissioner of Income-tax, Bombay v. Messrs, Ogale Glass Works Ltd.,"
      },
      "actor": "lower_court",
      "schemes": [
        "other"
      ],
      "qualifiers": null,
      "court_response": "rejected",
      "court_response_anchor": {
        "doc_id": "sha256:4a825707b01f",
        "start_char": 1071,
        "end_char": 1250,
        "text_hash": "7b3f7a81857306d6",
        "display_location": "0",
        "secondary_spans": [],
        "surface_text": "d make any difference in the answer to the referred question which is the same as in the other appeal. That being the position, this case is governed "
      },
      "court_reasoning": "This case governed by judgment in companion appeal where question answered in affirmative",
      "confidence": "high",
      "provenance": {
        "extraction_method": "llm",
        "model_id": "grok-4-1-fast-reasoning",
        "prompt_id": null,
        "run_id": null,
        "temperature": 0.1,
        "timestamp": "2026-02-07T02:18:23.773803"
      }
    },
    {
      "id": "a2",
      "type": "argument",
      "claim": "the differences numbered above would not make any difference in the answer to the referred question which is the same as in the other appeal",
      "anchor": {
        "doc_id": "sha256:4a825707b01f",
        "start_char": 921,
        "end_char": 1070,
        "text_hash": "7724f4d2a3d390ef",
        "display_location": "0",
        "secondary_spans": [],
        "surface_text": "Learned companynsel on either side did number suggest that the differences numbered above would make any difference in the answer to the referred question which is the same as in the other appeal."
      },
      "actor": "petitioner",
      "schemes": [
        "precedent_analogy"
      ],
      "qualifiers": null,
      "court_response": "accepted",
      "court_response_anchor": {
        "doc_id": "sha256:4a825707b01f",
        "start_char": 1071,
        "end_char": 1150,
        "text_hash": "8d69733006402c13",
        "display_location": "0:7",
        "secondary_spans": [],
        "surface_text": "d make any difference in the answer to the referred question which is the same "
      },
      "court_reasoning": "That being the position",
      "confidence": "high",
      "provenance": {
        "extraction_method": "llm",
        "model_id": "grok-4-1-fast-reasoning",
        "prompt_id": null,
        "run_id": null,
        "temperature": 0.1,
        "timestamp": "2026-02-07T02:18:23.773803"
      }
    },
    {
      "id": "a3",
      "type": "argument",
      "claim": "the differences numbered above would not make any difference in the answer to the referred question which is the same as in the other appeal",
      "anchor": {
        "doc_id": "sha256:4a825707b01f",
        "start_char": 921,
        "end_char": 1070,
        "text_hash": "7724f4d2a3d390ef",
        "display_location": "0",
        "secondary_spans": [],
        "surface_text": "Learned companynsel on either side did number suggest that the differences numbered above would make any difference in the answer to the referred question which is the same as in the other appeal."
      },
      "actor": "respondent",
      "schemes": [
        "precedent_analogy"
      ],
      "qualifiers": null,
      "court_response": "accepted",
      "court_response_anchor": {
        "doc_id": "sha256:4a825707b01f",
        "start_char": 1071,
        "end_char": 1150,
        "text_hash": "8d69733006402c13",
        "display_location": "0:7",
        "secondary_spans": [],
        "surface_text": "d make any difference in the answer to the referred question which is the same "
      },
      "court_reasoning": "That being the position",
      "confidence": "high",
      "provenance": {
        "extraction_method": "llm",
        "model_id": "grok-4-1-fast-reasoning",
        "prompt_id": null,
        "run_id": null,
        "temperature": 0.1,
        "timestamp": "2026-02-07T02:18:23.773803"
      }
    },
    {
      "id": "a4",
      "type": "argument",
      "claim": "this case is governed by the judgment which has just been pronounced by us in the other appeal",
      "anchor": {
        "doc_id": "sha256:4a825707b01f",
        "start_char": 1071,
        "end_char": 1150,
        "text_hash": "8d69733006402c13",
        "display_location": "0:7",
        "secondary_spans": [],
        "surface_text": "That being the position, this case is governed by the judgment which has just been pronounced by us in the other appeal."
      },
      "actor": "court",
      "schemes": [
        "precedent_following"
      ],
      "qualifiers": null,
      "court_response": null,
      "court_response_anchor": null,
      "court_reasoning": null,
      "confidence": "high",
      "provenance": {
        "extraction_method": "llm",
        "model_id": "grok-4-1-fast-reasoning",
        "prompt_id": null,
        "run_id": null,
        "temperature": 0.1,
        "timestamp": "2026-02-07T02:18:23.773803"
      }
    }
  ],
  "holdings": [
    {
      "id": "h1",
      "type": "holding",
      "text": "this case is governed by the judgment which has just been pronounced by us in the other appeal",
      "anchor": {
        "doc_id": "sha256:4a825707b01f",
        "start_char": 1071,
        "end_char": 1150,
        "text_hash": "8d69733006402c13",
        "display_location": "0:7",
        "secondary_spans": [],
        "surface_text": "That being the position, this case is governed by the judgment which has just been pronounced by us in the other appeal."
      },
      "resolves_issue": null,
      "is_ratio": true,
      "novel": false,
      "reasoning_summary": "Facts similar to those in companion Civil Appeal No. 19 of 1953; minor factual differences immaterial as not suggested otherwise by counsel; identical referred question",
      "schemes": [
        "precedent_following"
      ],
      "confidence": "high",
      "provenance": {
        "extraction_method": "llm",
        "model_id": "grok-4-1-fast-reasoning",
        "prompt_id": null,
        "run_id": null,
        "temperature": 0.1,
        "timestamp": "2026-02-07T02:19:04.773412"
      }
    },
    {
      "id": "h2",
      "type": "holding",
      "text": "We accordingly allow the appeal and answer the referred question in the affirmative",
      "anchor": {
        "doc_id": "sha256:4a825707b01f",
        "start_char": 1151,
        "end_char": 1250,
        "text_hash": "4b0e64d172f40640",
        "display_location": "0",
        "secondary_spans": [],
        "surface_text": "We accordingly allow the appeal and answer the referred question in the affirmative."
      },
      "resolves_issue": "i1",
      "is_ratio": true,
      "novel": false,
      "reasoning_summary": "High Court answered negatively but case governed by judgment in companion appeal answering same question affirmatively",
      "schemes": [
        "precedent_following",
        "rule_application"
      ],
      "confidence": "high",
      "provenance": {
        "extraction_method": "llm",
        "model_id": "grok-4-1-fast-reasoning",
        "prompt_id": null,
        "run_id": null,
        "temperature": 0.1,
        "timestamp": "2026-02-07T02:19:04.773412"
      }
    }
  ],
  "precedents": [
    {
      "id": "p1",
      "type": "precedent",
      "citation": "Appeal No. 19 of 1953",
      "anchor": {
        "doc_id": "sha256:4a825707b01f",
        "start_char": 455,
        "end_char": 476,
        "text_hash": "c399139c4ee948f2",
        "display_location": "0",
        "secondary_spans": [],
        "surface_text": "Appeal No. 19 of 1953"
      },
      "case_name": "Commissioner of Income-tax, Bombay v. Messrs, Ogale Glass Works Ltd.",
      "case_year": 1953,
      "cited_case_id": null,
      "cited_proposition": "the case out of which Appeal No. 19 of 1953 came to be filed before us",
      "cited_holding": null,
      "treatment": "followed",
      "relevance": "central",
      "confidence": "high",
      "provenance": {
        "extraction_method": "llm",
        "model_id": "grok-4-1-fast-reasoning",
        "prompt_id": null,
        "run_id": null,
        "temperature": 0.1,
        "timestamp": "2026-02-07T02:19:21.075743"
      }
    },
    {
      "id": "p2",
      "type": "precedent",
      "citation": "Civil Appeal No. 19 of 1953 Commissioner of Income-tax, Bombay v. Messrs, Ogale Glass Works Ltd.",
      "anchor": {
        "doc_id": "sha256:4a825707b01f",
        "start_char": 565,
        "end_char": 662,
        "text_hash": "8acc7a47935c60cf",
        "display_location": "0",
        "secondary_spans": [],
        "surface_text": "Civil Appeal No. 19 of 1953 Commissioner of Income-tax, Bombay v. Messrs, Ogale Glass Works Ltd."
      },
      "case_name": "Commissioner of Income-tax, Bombay v. Messrs, Ogale Glass Works Ltd.",
      "case_year": 1953,
      "cited_case_id": null,
      "cited_proposition": "facts found similar except minor differences that do not affect the answer to the referred question",
      "cited_holding": null,
      "treatment": "followed",
      "relevance": "central",
      "confidence": "high",
      "provenance": {
        "extraction_method": "llm",
        "model_id": "grok-4-1-fast-reasoning",
        "prompt_id": null,
        "run_id": null,
        "temperature": 0.1,
        "timestamp": "2026-02-07T02:19:21.075743"
      }
    }
  ],
  "justification_sets": [],
  "outcome": {
    "id": "outcome",
    "type": "outcome",
    "disposition": "allowed",
    "anchor": {
      "doc_id": "sha256:4a825707b01f",
      "start_char": 1287,
      "end_char": 1368,
      "text_hash": "159c4fd3e4637ad3",
      "display_location": "0",
      "secondary_spans": [],
      "surface_text": "We accordingly allow the appeal and answer the referred question in the affirmative."
    },
    "binary": "accepted",
    "relief_summary": "Appeal allowed and referred question answered in the affirmative",
    "costs": null,
    "directions": [
      "answer the referred question in the affirmative"
    ],
    "provenance": {
      "extraction_method": "llm",
      "model_id": "grok-4-1-fast-reasoning",
      "prompt_id": null,
      "run_id": null,
      "temperature": 0.1,
      "timestamp": "2026-02-07T02:20:36.546899"
    }
  },
  "edges": [
    {
      "id": "e_7e98a5a2_6",
      "source": "a1",
      "target": "c1",
      "relation": "rebuts",
      "anchor": {
        "doc_id": "sha256:4a825707b01f",
        "start_char": 341,
        "end_char": 550,
        "text_hash": "ac12a76f673d2c49",
        "display_location": "0",
        "secondary_spans": [],
        "surface_text": "uestion in the negative for reasons set out in its judgment companyering this case as well as the case out of which Appeal No. 19 of 1953 came to be f"
      },
      "explanation": "Argument explicitly states income 'was not received in British India within the meaning of Section 4 1 of the Act', rebutting the concept's application",
      "confidence": "high",
      "strength": "strong",
      "support_group_ids": [],
      "is_critical": true,
      "provenance": {
        "extraction_method": "llm",
        "model_id": "grok-4-1-fast-reasoning",
        "prompt_id": null,
        "run_id": null,
        "temperature": 0.1,
        "timestamp": "2026-02-07T02:22:14.834968"
      }
    },
    {
      "id": "e_7e98a5a2_5",
      "source": "a1",
      "target": "i1",
      "relation": "addresses",
      "anchor": {
        "doc_id": "sha256:4a825707b01f",
        "start_char": 341,
        "end_char": 550,
        "text_hash": "ac12a76f673d2c49",
        "display_location": "0",
        "secondary_spans": [],
        "surface_text": "uestion in the negative for reasons set out in its judgment companyering this case as well as the case out of which Appeal No. 19 of 1953 came to be f"
      },
      "explanation": "Argument directly addresses whether income was received in British India under Section 4(1), the core of the issue",
      "confidence": "high",
      "strength": "strong",
      "support_group_ids": [],
      "is_critical": true,
      "provenance": {
        "extraction_method": "llm",
        "model_id": "grok-4-1-fast-reasoning",
        "prompt_id": null,
        "run_id": null,
        "temperature": 0.1,
        "timestamp": "2026-02-07T02:22:14.834968"
      }
    },
    {
      "id": "e_7e98a5a2_3",
      "source": "f2",
      "target": "c1",
      "relation": "triggers",
      "anchor": {
        "doc_id": "sha256:4a825707b01f",
        "start_char": 262,
        "end_char": 290,
        "text_hash": "a2e92a06345f0bd5",
        "display_location": "0:1",
        "secondary_spans": [],
        "surface_text": "a within the meaning of Sect"
      },
      "explanation": "f2 refers to the question involving Section 4(1) of the Income-tax Act",
      "confidence": "high",
      "strength": "strong",
      "support_group_ids": [],
      "is_critical": false,
      "provenance": {
        "extraction_method": "llm",
        "model_id": "grok-4-1-fast-reasoning",
        "prompt_id": null,
        "run_id": null,
        "temperature": 0.1,
        "timestamp": "2026-02-07T02:22:14.834968"
      }
    },
    {
      "id": "e_7e98a5a2_2",
      "source": "f2",
      "target": "i1",
      "relation": "addresses",
      "anchor": {
        "doc_id": "sha256:4a825707b01f",
        "start_char": 121,
        "end_char": 292,
        "text_hash": "a4760c2bffc48269",
        "display_location": "0:1",
        "secondary_spans": [],
        "surface_text": "ws - Whether on the facts of the case, income, profits and gains in respect of sales made to Government of India was received in British India within "
      },
      "explanation": "f2 explicitly states the referred question, which is the issue i1",
      "confidence": "high",
      "strength": "strong",
      "support_group_ids": [],
      "is_critical": true,
      "provenance": {
        "extraction_method": "llm",
        "model_id": "grok-4-1-fast-reasoning",
        "prompt_id": null,
        "run_id": null,
        "temperature": 0.1,
        "timestamp": "2026-02-07T02:22:14.834968"
      }
    },
    {
      "id": "e_7e98a5a2_9",
      "source": "f3",
      "target": "c1",
      "relation": "triggers",
      "anchor": {
        "doc_id": "sha256:4a825707b01f",
        "start_char": 200,
        "end_char": 250,
        "text_hash": "5c6855c2450b7baf",
        "display_location": "0:1",
        "secondary_spans": [],
        "surface_text": "sales made to Government of India was received in "
      },
      "explanation": "Sales to Government of India trigger consideration of whether income received under Section 4(1)",
      "confidence": "high",
      "strength": "moderate",
      "support_group_ids": [],
      "is_critical": false,
      "provenance": {
        "extraction_method": "llm",
        "model_id": "grok-4-1-fast-reasoning",
        "prompt_id": null,
        "run_id": null,
        "temperature": 0.1,
        "timestamp": "2026-02-07T02:22:14.834968"
      }
    },
    {
      "id": "e_7e98a5a2_1",
      "source": "f3",
      "target": "i1",
      "relation": "triggers",
      "anchor": {
        "doc_id": "sha256:4a825707b01f",
        "start_char": 200,
        "end_char": 250,
        "text_hash": "5c6855c2450b7baf",
        "display_location": "0:1",
        "secondary_spans": [],
        "surface_text": "sales made to Government of India was received in "
      },
      "explanation": "Fact of sales to Government of India directly triggers the issue of whether income from those sales was received in British India under Section 4(1)",
      "confidence": "high",
      "strength": "strong",
      "support_group_ids": [],
      "is_critical": true,
      "provenance": {
        "extraction_method": "llm",
        "model_id": "grok-4-1-fast-reasoning",
        "prompt_id": null,
        "run_id": null,
        "temperature": 0.1,
        "timestamp": "2026-02-07T02:22:14.834968"
      }
    },
    {
      "id": "e_h1_determines_outcome",
      "source": "h1",
      "target": "outcome",
      "relation": "determines",
      "anchor": {
        "doc_id": "sha256:4a825707b01f",
        "start_char": 1287,
        "end_char": 1368,
        "text_hash": "159c4fd3e4637ad3",
        "display_location": "0",
        "secondary_spans": [],
        "surface_text": "We accordingly allow the appeal and answer the referred question in the affirmative."
      },
      "explanation": null,
      "confidence": "high",
      "strength": "strong",
      "support_group_ids": [],
      "is_critical": true,
      "provenance": null
    },
    {
      "id": "e_7e98a5a2_8",
      "source": "h2",
      "target": "c1",
      "relation": "supports",
      "anchor": {
        "doc_id": "sha256:4a825707b01f",
        "start_char": 1151,
        "end_char": 1250,
        "text_hash": "4b0e64d172f40640",
        "display_location": "0",
        "secondary_spans": [],
        "surface_text": "s in the other appeal. That being the position, this case is governed by the judgment which has jus"
      },
      "explanation": "Affirmative answer to the question supports that the income was received in British India within Section 4(1)",
      "confidence": "medium",
      "strength": "strong",
      "support_group_ids": [],
      "is_critical": true,
      "provenance": {
        "extraction_method": "llm",
        "model_id": "grok-4-1-fast-reasoning",
        "prompt_id": null,
        "run_id": null,
        "temperature": 0.1,
        "timestamp": "2026-02-07T02:22:14.834968"
      }
    },
    {
      "id": "e_7e98a5a2_7",
      "source": "h2",
      "target": "i1",
      "relation": "addresses",
      "anchor": {
        "doc_id": "sha256:4a825707b01f",
        "start_char": 1151,
        "end_char": 1250,
        "text_hash": "4b0e64d172f40640",
        "display_location": "0",
        "secondary_spans": [],
        "surface_text": "s in the other appeal. That being the position, this case is governed by the judgment which has jus"
      },
      "explanation": "Holding answers the referred question, which is the issue i1, in the affirmative",
      "confidence": "high",
      "strength": "strong",
      "support_group_ids": [],
      "is_critical": true,
      "provenance": {
        "extraction_method": "llm",
        "model_id": "grok-4-1-fast-reasoning",
        "prompt_id": null,
        "run_id": null,
        "temperature": 0.1,
        "timestamp": "2026-02-07T02:22:14.834968"
      }
    },
    {
      "id": "e_h2_resolves_i1",
      "source": "h2",
      "target": "i1",
      "relation": "resolves",
      "anchor": {
        "doc_id": "sha256:4a825707b01f",
        "start_char": 1151,
        "end_char": 1250,
        "text_hash": "4b0e64d172f40640",
        "display_location": "0",
        "secondary_spans": [],
        "surface_text": "We accordingly allow the appeal and answer the referred question in the affirmative."
      },
      "explanation": null,
      "confidence": "high",
      "strength": "strong",
      "support_group_ids": [],
      "is_critical": false,
      "provenance": null
    },
    {
      "id": "e_h2_determines_outcome",
      "source": "h2",
      "target": "outcome",
      "relation": "determines",
      "anchor": {
        "doc_id": "sha256:4a825707b01f",
        "start_char": 1287,
        "end_char": 1368,
        "text_hash": "159c4fd3e4637ad3",
        "display_location": "0",
        "secondary_spans": [],
        "surface_text": "We accordingly allow the appeal and answer the referred question in the affirmative."
      },
      "explanation": null,
      "confidence": "high",
      "strength": "strong",
      "support_group_ids": [],
      "is_critical": true,
      "provenance": null
    },
    {
      "id": "e_7e98a5a2_4",
      "source": "i1",
      "target": "c1",
      "relation": "requires",
      "anchor": {
        "doc_id": "sha256:4a825707b01f",
        "start_char": 262,
        "end_char": 290,
        "text_hash": "a2e92a06345f0bd5",
        "display_location": "0:1",
        "secondary_spans": [],
        "surface_text": "a within the meaning of Sect"
      },
      "explanation": "Issue explicitly concerns the meaning of Section 4(1) of the Income-tax Act",
      "confidence": "high",
      "strength": "strong",
      "support_group_ids": [],
      "is_critical": true,
      "provenance": {
        "extraction_method": "llm",
        "model_id": "grok-4-1-fast-reasoning",
        "prompt_id": null,
        "run_id": null,
        "temperature": 0.1,
        "timestamp": "2026-02-07T02:22:14.834968"
      }
    },
    {
      "id": "e_7e98a5a2_10",
      "source": "i1",
      "target": "h2",
      "relation": "requires",
      "anchor": {
        "doc_id": "sha256:4a825707b01f",
        "start_char": 103,
        "end_char": 292,
        "text_hash": "02ab908a2ef890a5",
        "display_location": "0:1",
        "secondary_spans": [],
        "surface_text": "Court was as follows - Whether on the facts of the case, income, profits and gains in respect of sales made to Government of India was received in Bri"
      },
      "explanation": "Resolution of the issue requires a holding on whether income was received under Section 4(1)",
      "confidence": "medium",
      "strength": "moderate",
      "support_group_ids": [],
      "is_critical": false,
      "provenance": {
        "extraction_method": "llm",
        "model_id": "grok-4-1-fast-reasoning",
        "prompt_id": null,
        "run_id": null,
        "temperature": 0.1,
        "timestamp": "2026-02-07T02:22:14.834968"
      }
    }
  ],
  "reasoning_chains": [
    {
      "id": "rc_i1_h2",
      "issue_id": "i1",
      "fact_ids": [
        "f2",
        "f3"
      ],
      "concept_ids": [],
      "argument_ids": [
        "a1"
      ],
      "holding_id": "h2",
      "edge_ids": [
        "e_7e98a5a2_10",
        "e_7e98a5a2_5",
        "e_7e98a5a2_2",
        "e_7e98a5a2_1",
        "e_7e98a5a2_7"
      ],
      "justification_set_id": null,
      "critical_nodes": [
        "a1",
        "f2",
        "f3",
        "h2"
      ],
      "narrative": "Issue i1 resolved by holding h2. Facts: f2, f3. Arguments: a1."
    }
  ],
  "_meta": {
    "schema_version": "2.1.2",
    "quality_tier": "gold",
    "extraction_model": "grok-4-1-fast-reasoning",
    "extraction_timestamp": "2026-02-07T02:14:48.718149",
    "retry_attempts": 0,
    "validation_warnings": [],
    "cluster_membership": {
      "c1": [
        "UNLISTED_SECTION_4_1_INCOME_TAX_ACT"
      ],
      "i1": [
        "UNLISTED_SECTION_4_1_INCOME_TAX_ACT"
      ],
      "h2": [
        "UNLISTED_SECTION_4_1_INCOME_TAX_ACT"
      ],
      "f2": [
        "UNLISTED_SECTION_4_1_INCOME_TAX_ACT"
      ],
      "f3": [
        "UNLISTED_SECTION_4_1_INCOME_TAX_ACT"
      ],
      "a1": [
        "UNLISTED_SECTION_4_1_INCOME_TAX_ACT"
      ]
    },
    "cluster_summary": {
      "UNLISTED_SECTION_4_1_INCOME_TAX_ACT": {
        "label": "Section 4(1) of the Income-tax Act",
        "logic": "and",
        "facts": [
          "f2",
          "f3"
        ],
        "concepts": [
          "c1"
        ],
        "issues": [
          "i1"
        ],
        "arguments": [
          "a1"
        ],
        "holdings": [
          "h2"
        ],
        "precedents": []
      }
    }
  }
}