{
  "case_id": "1957_41",
  "case_name": "Raghubansh Lal v. State",
  "case_year": 1957,
  "court": "Supreme Court of India",
  "judges": [
    "Kapur J."
  ],
  "facts": [],
  "concepts": [
    {
      "id": "c1",
      "type": "concept",
      "concept_id": "CONST_ART136",
      "anchor": {
        "doc_id": "sha256:bf668fa220ee",
        "start_char": 482,
        "end_char": 514,
        "text_hash": "2842151cce4526b9",
        "display_location": "0:15",
        "secondary_spans": [],
        "surface_text": "Art. 136 of the Constitution of India"
      },
      "relevance": "mentioned",
      "kind": "statute_article",
      "interpretation": null,
      "interpretation_anchor": null,
      "unlisted_label": null,
      "unlisted_description": null,
      "confidence": "high",
      "provenance": {
        "extraction_method": "llm",
        "model_id": "grok-4-1-fast-reasoning",
        "prompt_id": null,
        "run_id": null,
        "temperature": 0.1,
        "timestamp": "2026-02-07T03:49:36.818128"
      }
    },
    {
      "id": "c2",
      "type": "concept",
      "concept_id": "UNLISTED_IPC_S218",
      "anchor": {
        "doc_id": "sha256:bf668fa220ee",
        "start_char": 529,
        "end_char": 559,
        "text_hash": "f308b8b87de18af5",
        "display_location": "0:16",
        "secondary_spans": [],
        "surface_text": "s. 218 of the Indian Penal Code."
      },
      "relevance": "central",
      "kind": "statute_section",
      "interpretation": "Public servant framing incorrect record knowing it to be incorrect with intent to cause or knowledge likely to cause loss or injury to any person.",
      "interpretation_anchor": {
        "doc_id": "sha256:bf668fa220ee",
        "start_char": 529,
        "end_char": 700,
        "text_hash": "9ab9a68b08d495c4",
        "display_location": "0",
        "secondary_spans": [],
        "surface_text": "f the Constitution of India against the Judgment of the Allahabad High Court companyfirming the companyviction of the Appellant Raghubansh Lal under s"
      },
      "unlisted_label": "Section 218 IPC",
      "unlisted_description": "Framing incorrect record or writing by public servant with intent to cause injury or loss",
      "confidence": "high",
      "provenance": {
        "extraction_method": "llm",
        "model_id": "grok-4-1-fast-reasoning",
        "prompt_id": null,
        "run_id": null,
        "temperature": 0.1,
        "timestamp": "2026-02-07T03:49:36.818128"
      }
    },
    {
      "id": "c3",
      "type": "concept",
      "concept_id": "UNLISTED_CRPC_S145",
      "anchor": {
        "doc_id": "sha256:bf668fa220ee",
        "start_char": 1823,
        "end_char": 1862,
        "text_hash": "756e415cc96932d5",
        "display_location": "0:31",
        "secondary_spans": [],
        "surface_text": "under s. 145 of the Criminal Procedure Code against Adit Pande and Ganga Pande."
      },
      "relevance": "supporting",
      "kind": "statute_section",
      "interpretation": "Proceedings for attachment of land in case of apprehension of breach of peace, possession given to custodian, final order on possession.",
      "interpretation_anchor": {
        "doc_id": "sha256:bf668fa220ee",
        "start_char": 1823,
        "end_char": 2200,
        "text_hash": "39e93e1363674dea",
        "display_location": "0",
        "secondary_spans": [],
        "surface_text": "dit Pande and Ganga Pande which was decreed on August 1, 1941. On May 31, 1943, Smt. Mahura Kuar obtained possession through Court of this estate whic"
      },
      "unlisted_label": "Section 145 CrPC",
      "unlisted_description": "Disputes as to immovable property likely to cause breach of peace",
      "confidence": "high",
      "provenance": {
        "extraction_method": "llm",
        "model_id": "grok-4-1-fast-reasoning",
        "prompt_id": null,
        "run_id": null,
        "temperature": 0.1,
        "timestamp": "2026-02-07T03:49:36.818128"
      }
    },
    {
      "id": "c4",
      "type": "concept",
      "concept_id": "UNLISTED_CRPC_S145",
      "anchor": {
        "doc_id": "sha256:bf668fa220ee",
        "start_char": 3640,
        "end_char": 3680,
        "text_hash": "babee5e2204e9bea",
        "display_location": "0:48",
        "secondary_spans": [],
        "surface_text": "s. 145 of the Criminal Procedure Code."
      },
      "relevance": "supporting",
      "kind": "statute_section",
      "interpretation": null,
      "interpretation_anchor": null,
      "unlisted_label": "Section 145 CrPC",
      "unlisted_description": null,
      "confidence": "high",
      "provenance": {
        "extraction_method": "llm",
        "model_id": "grok-4-1-fast-reasoning",
        "prompt_id": null,
        "run_id": null,
        "temperature": 0.1,
        "timestamp": "2026-02-07T03:49:36.818128"
      }
    },
    {
      "id": "c5",
      "type": "concept",
      "concept_id": "UNLISTED_UPLRM_R60",
      "anchor": {
        "doc_id": "sha256:bf668fa220ee",
        "start_char": 5123,
        "end_char": 5163,
        "text_hash": "5397696ae5f1cd40",
        "display_location": "0:67",
        "secondary_spans": [],
        "surface_text": "Rule 60 of the U.P. Land Records Manual deals with the preparation of Khasras."
      },
      "relevance": "supporting",
      "kind": "order_rule",
      "interpretation": "Patwari must make entries in khasra based on actual facts by inquiry and field inspection, complete by April 30th.",
      "interpretation_anchor": {
        "doc_id": "sha256:bf668fa220ee",
        "start_char": 5164,
        "end_char": 5400,
        "text_hash": "300266594f24d5a0",
        "display_location": "0",
        "secondary_spans": [],
        "surface_text": " Gadaria, who had supported the statement of Mahura Kuar and had deposed that Shubh Karan sapurdar had sown barley in one field and paddy in the other"
      },
      "unlisted_label": "Rule 60 U.P. Land Records Manual",
      "unlisted_description": "Preparation of khasra entries by Patwari",
      "confidence": "high",
      "provenance": {
        "extraction_method": "llm",
        "model_id": "grok-4-1-fast-reasoning",
        "prompt_id": null,
        "run_id": null,
        "temperature": 0.1,
        "timestamp": "2026-02-07T03:49:36.818128"
      }
    },
    {
      "id": "c6",
      "type": "concept",
      "concept_id": "UNLISTED_CRPC_S145",
      "anchor": {
        "doc_id": "sha256:bf668fa220ee",
        "start_char": 5510,
        "end_char": 5545,
        "text_hash": "d2f174b64d508165",
        "display_location": "0",
        "secondary_spans": [],
        "surface_text": "a. 145 of the Criminal Procedure Code."
      },
      "relevance": "supporting",
      "kind": "statute_section",
      "interpretation": null,
      "interpretation_anchor": null,
      "unlisted_label": "Section 145 CrPC",
      "unlisted_description": null,
      "confidence": "high",
      "provenance": {
        "extraction_method": "llm",
        "model_id": "grok-4-1-fast-reasoning",
        "prompt_id": null,
        "run_id": null,
        "temperature": 0.1,
        "timestamp": "2026-02-07T03:49:36.818128"
      }
    },
    {
      "id": "c7",
      "type": "concept",
      "concept_id": "UNLISTED_IPC_S218",
      "anchor": {
        "doc_id": "sha256:bf668fa220ee",
        "start_char": 6780,
        "end_char": 6820,
        "text_hash": "cc51f5d1ae46f96b",
        "display_location": "0",
        "secondary_spans": [],
        "surface_text": "s. 218 of the Indian Penal Code."
      },
      "relevance": "central",
      "kind": "statute_section",
      "interpretation": "Requires proof of incorrect entries made knowingly with specific intent to cause loss or injury; incorrectness alone insufficient without criminal intention.",
      "interpretation_anchor": {
        "doc_id": "sha256:bf668fa220ee",
        "start_char": 7200,
        "end_char": 8500,
        "text_hash": "aa6ae26d6e373640",
        "display_location": "0",
        "secondary_spans": [],
        "surface_text": "uring the period the land was under attachment. For the purpose,, of this case, the prosecution had to prove-  1 that the accused knowingly framed the"
      },
      "unlisted_label": "Section 218 IPC",
      "unlisted_description": null,
      "confidence": "high",
      "provenance": {
        "extraction_method": "llm",
        "model_id": "grok-4-1-fast-reasoning",
        "prompt_id": null,
        "run_id": null,
        "temperature": 0.1,
        "timestamp": "2026-02-07T03:49:36.818128"
      }
    },
    {
      "id": "c8",
      "type": "concept",
      "concept_id": "UNLISTED_UPZALRA_S16",
      "anchor": {
        "doc_id": "sha256:bf668fa220ee",
        "start_char": 7750,
        "end_char": 7850,
        "text_hash": "fa178edecd57d059",
        "display_location": "0:85",
        "secondary_spans": [],
        "surface_text": "s. 16 of the U.P. Zamindari Abolition and Land Reforms Act,  U.P. Act I of 1951 ,"
      },
      "relevance": "mentioned",
      "kind": "statute_section",
      "interpretation": "Person recorded as occupant in 1356 F and in possession on specified date deemed hereditary tenant; entry for 1358 F not relevant.",
      "interpretation_anchor": {
        "doc_id": "sha256:bf668fa220ee",
        "start_char": 7851,
        "end_char": 8100,
        "text_hash": "0f983cfccbcea00c",
        "display_location": "0",
        "secondary_spans": [],
        "surface_text": "en made with the intention mentioned in s. 218 of the Indian Penal Code. Direct evidence proving the necessary intention is, in this case, lacking and"
      },
      "unlisted_label": "Section 16 U.P. Zamindari Abolition and Land Reforms Act 1951",
      "unlisted_description": "Deeming provision for hereditary tenancy based on 1356 F record and possession",
      "confidence": "high",
      "provenance": {
        "extraction_method": "llm",
        "model_id": "grok-4-1-fast-reasoning",
        "prompt_id": null,
        "run_id": null,
        "temperature": 0.1,
        "timestamp": "2026-02-07T03:49:36.818128"
      }
    },
    {
      "id": "c9",
      "type": "concept",
      "concept_id": "UNLISTED_IPC_S218",
      "anchor": {
        "doc_id": "sha256:bf668fa220ee",
        "start_char": 8620,
        "end_char": 8640,
        "text_hash": "1552d0a335a39a09",
        "display_location": "0:90",
        "secondary_spans": [],
        "surface_text": "a. 218"
      },
      "relevance": "central",
      "kind": "statute_section",
      "interpretation": "Prosecution failed to prove necessary criminal intention.",
      "interpretation_anchor": {
        "doc_id": "sha256:bf668fa220ee",
        "start_char": 8641,
        "end_char": 9000,
        "text_hash": "5f50cc5c683adb1d",
        "display_location": "0",
        "secondary_spans": [],
        "surface_text": "ant on the question of possession. The question still remains whether the incorrect entries were made with the intent to cause or knowing it to be lik"
      },
      "unlisted_label": "Section 218 IPC",
      "unlisted_description": null,
      "confidence": "high",
      "provenance": {
        "extraction_method": "llm",
        "model_id": "grok-4-1-fast-reasoning",
        "prompt_id": null,
        "run_id": null,
        "temperature": 0.1,
        "timestamp": "2026-02-07T03:49:36.818128"
      }
    }
  ],
  "issues": [
    {
      "id": "i1",
      "type": "issue",
      "text": "whether the accused knowingly framed the record in an incorrect manner",
      "anchor": {
        "doc_id": "sha256:bf668fa220ee",
        "start_char": 6100,
        "end_char": 6185,
        "text_hash": "9ad69986742f8ec3",
        "display_location": "0:73",
        "secondary_spans": [],
        "surface_text": "For the purpose of this case, the prosecution had to prove-  1 that the accused knowingly framed the record in an incorrect manner"
      },
      "issue_number": 1,
      "framed_by": "court",
      "primary_concepts": [
        "c2",
        "c5",
        "c3",
        "c6"
      ],
      "answer": "yes",
      "confidence": "high",
      "provenance": {
        "extraction_method": "llm",
        "model_id": "grok-4-1-fast-reasoning",
        "prompt_id": null,
        "run_id": null,
        "temperature": 0.1,
        "timestamp": "2026-02-07T03:50:14.030025"
      }
    },
    {
      "id": "i2",
      "type": "issue",
      "text": "whether the accused did this with the intent to cause or with the knowledge that he would thereby cause loss or injury to the public or to Smt. Mahura Kuar",
      "anchor": {
        "doc_id": "sha256:bf668fa220ee",
        "start_char": 6190,
        "end_char": 6420,
        "text_hash": "8087ab43e6511ad0",
        "display_location": "0",
        "secondary_spans": [],
        "surface_text": "and  2 that the accused did this with the intent to cause or with the knowledge that he would thereby cause loss or injury to the public or to Smt. Mahura Kuar."
      },
      "issue_number": 2,
      "framed_by": "court",
      "primary_concepts": [
        "c2",
        "c7",
        "c9",
        "c3",
        "c8"
      ],
      "answer": "no",
      "confidence": "high",
      "provenance": {
        "extraction_method": "llm",
        "model_id": "grok-4-1-fast-reasoning",
        "prompt_id": null,
        "run_id": null,
        "temperature": 0.1,
        "timestamp": "2026-02-07T03:50:14.030025"
      }
    },
    {
      "id": "i3",
      "type": "issue",
      "text": "whether the incorrect entries were made with the intent to cause or knowing it to be likely that the accused will thereby cause loss or injury to the complainant",
      "anchor": {
        "doc_id": "sha256:bf668fa220ee",
        "start_char": 6700,
        "end_char": 6840,
        "text_hash": "882bcca97ba159c2",
        "display_location": "0",
        "secondary_spans": [],
        "surface_text": "The question still remains whether the incorrect entries were made with the intent to cause or knowing it to be likely that the accused will thereby cause loss or injury to the complainant."
      },
      "issue_number": null,
      "framed_by": "court",
      "primary_concepts": [
        "c2",
        "c7",
        "c9",
        "c8"
      ],
      "answer": "no",
      "confidence": "high",
      "provenance": {
        "extraction_method": "llm",
        "model_id": "grok-4-1-fast-reasoning",
        "prompt_id": null,
        "run_id": null,
        "temperature": 0.1,
        "timestamp": "2026-02-07T03:50:14.030025"
      }
    }
  ],
  "arguments": [
    {
      "id": "a1",
      "type": "argument",
      "claim": "The accused made entries based on actual possession observed on the spot with Adit Pande, despite knowledge of s.145 order, because no Magistrate order was received and Mahura Kuar was not found in actual possession",
      "anchor": {
        "doc_id": "sha256:bf668fa220ee",
        "start_char": 4123,
        "end_char": 4398,
        "text_hash": "495a729d8a3a0315",
        "display_location": "0",
        "secondary_spans": [],
        "surface_text": "The accuseds plea in the Sessions Court was that he had come to know from Shubh Karan Chowkidar that Smt. Mahura Kuar had won the case under s. 145 of the Criminal Procedure Code, but in spite of the order of the Magistrate he found the possession on the spot to be of Adit Pande, that he did not act according to the order of the Magistrate because he did not receive any such order and that he did not find Smt. Mahura Kuar in whose favour the order was passed by the Magistrate to be in actual possession."
      },
      "actor": "petitioner",
      "schemes": [
        "rule_application",
        "evidence_credibility"
      ],
      "qualifiers": null,
      "court_response": "partly_accepted",
      "court_response_anchor": {
        "doc_id": "sha256:bf668fa220ee",
        "start_char": 5510,
        "end_char": 6100,
        "text_hash": "110d21e1ef19496e",
        "display_location": "0",
        "secondary_spans": [],
        "surface_text": " injure Mahura Kuar. Rule 60 of the U.P. Land Records Manual deals with the preparation of Khasras. The form of the khasra companytains companyumns sh"
      },
      "court_reasoning": "Courts below rejected on possession but Supreme Court accepted lack of proof of intent supporting acquittal",
      "confidence": "high",
      "provenance": {
        "extraction_method": "llm",
        "model_id": "grok-4-1-fast-reasoning",
        "prompt_id": null,
        "run_id": null,
        "temperature": 0.1,
        "timestamp": "2026-02-07T03:50:45.330597"
      }
    },
    {
      "id": "a2",
      "type": "argument",
      "claim": "Accused deliberately made wrong entries in khasra for plots 170 and 74/1 entering Adit Pande as possessor, committing offence under s.218 IPC",
      "anchor": {
        "doc_id": "sha256:bf668fa220ee",
        "start_char": 2900,
        "end_char": 3100,
        "text_hash": "824c95b9d4f92ff4",
        "display_location": "0",
        "secondary_spans": [],
        "surface_text": "On July 31, 1951, Smt. Mahura Kuar filed the present complaint in the Court of the Judicial Magistrate at Ghazipur under s. 218 of the Indian Penal Code against the present appellant in which after reciting the various relevant facts she alleged that the accused who was a Patwari of the village had deliberately made wrong entries in regard to the plots Nos. 170 and 74/1 and in the remarks column had entered the name of Adit Pande as being in possession, and thus he had committed an offence under s. 218 of the Indian Penal Code."
      },
      "actor": "respondent",
      "schemes": [
        "rule_application"
      ],
      "qualifiers": null,
      "court_response": "partly_accepted",
      "court_response_anchor": {
        "doc_id": "sha256:bf668fa220ee",
        "start_char": 6100,
        "end_char": 6780,
        "text_hash": "1a65434db048bf3c",
        "display_location": "0",
        "secondary_spans": [],
        "surface_text": " this is shown by the order of companymitment-the entry of the years 1357 F and 1358 F was qabiz badastur  possession as before . In companying to the"
      },
      "court_reasoning": "Incorrectness accepted but intent to cause loss rejected",
      "confidence": "high",
      "provenance": {
        "extraction_method": "llm",
        "model_id": "grok-4-1-fast-reasoning",
        "prompt_id": null,
        "run_id": null,
        "temperature": 0.1,
        "timestamp": "2026-02-07T03:50:45.330597"
      }
    },
    {
      "id": "a3",
      "type": "argument",
      "claim": "Accused made incorrect entries knowing them to be incorrect with intent to cause gain to Adit Pande and loss to Mahura Kuar",
      "anchor": {
        "doc_id": "sha256:bf668fa220ee",
        "start_char": 4450,
        "end_char": 4560,
        "text_hash": "76d18a743e181ecd",
        "display_location": "0",
        "secondary_spans": [],
        "surface_text": "The learned trial court found that the accused had made incorrect entries knowing them to be incorrect with intent to cause gain to Adit Pande and loss to Smt. Mahura Kuar. He, therefore, convicted the accused and sentenced him to one years rigorous imprisonment and a fine of Rs. 200 or in default 4 months rigorous imprisonment."
      },
      "actor": "lower_court",
      "schemes": [
        "evidence_sufficiency",
        "rule_application"
      ],
      "qualifiers": null,
      "court_response": "rejected",
      "court_response_anchor": {
        "doc_id": "sha256:bf668fa220ee",
        "start_char": 8620,
        "end_char": 9000,
        "text_hash": "a0ac7683b91bef5e",
        "display_location": "0",
        "secondary_spans": [],
        "surface_text": "r of the companyplainant on the question of possession. The question still remains whether the incorrect entries were made with the intent to cause or"
      },
      "court_reasoning": "Prosecution failed to prove necessary criminal intention",
      "confidence": "high",
      "provenance": {
        "extraction_method": "llm",
        "model_id": "grok-4-1-fast-reasoning",
        "prompt_id": null,
        "run_id": null,
        "temperature": 0.1,
        "timestamp": "2026-02-07T03:50:45.330597"
      }
    },
    {
      "id": "a4",
      "type": "argument",
      "claim": "Delivery of possession to Mahura Kuar proved by her statement and witnesses Gauri Shankar and Naresh; entries incorrect made to injure her",
      "anchor": {
        "doc_id": "sha256:bf668fa220ee",
        "start_char": 4650,
        "end_char": 4920,
        "text_hash": "556d007c4d7f6be2",
        "display_location": "0",
        "secondary_spans": [],
        "surface_text": "The High Court confirmed the trial courts decision on the ground that the delivery of possession to the complainant Smt. Mahura Kuar was proved by the statements of the lady herself and of Gauri Shankar and Naresh Gadaria, who had supported the statement of Mahura Kuar and had deposed that Shubh Karan sapurdar had sown barley in one field and paddy in the other and that actual physical possession was delivered to her in April 1951."
      },
      "actor": "lower_court",
      "schemes": [
        "evidence_sufficiency",
        "evidence_credibility"
      ],
      "qualifiers": null,
      "court_response": "partly_accepted",
      "court_response_anchor": {
        "doc_id": "sha256:bf668fa220ee",
        "start_char": 5000,
        "end_char": 5510,
        "text_hash": "a1afd1d497b836dc",
        "display_location": "0",
        "secondary_spans": [],
        "surface_text": " the ground that the delivery of possession to the companyplainant Smt. Mahura Kuar was proved by the statements of the lady herself and of Gauri Shan"
      },
      "court_reasoning": "Possession finding noted but intent not sustained due to meagre evidence",
      "confidence": "high",
      "provenance": {
        "extraction_method": "llm",
        "model_id": "grok-4-1-fast-reasoning",
        "prompt_id": null,
        "run_id": null,
        "temperature": 0.1,
        "timestamp": "2026-02-07T03:50:45.330597"
      }
    },
    {
      "id": "a5",
      "type": "argument",
      "claim": "Patwari must make khasra entries based on actual facts by inquiry and field inspection per Rule 60 U.P. Land Records Manual",
      "anchor": {
        "doc_id": "sha256:bf668fa220ee",
        "start_char": 5123,
        "end_char": 5400,
        "text_hash": "ec33db9c512b4fa3",
        "display_location": "0",
        "secondary_spans": [],
        "surface_text": "Rule 60 of the U.P. Land Records Manual deals with the preparation of Khasras. The form of the khasra contains columns showing the name of the cultivator, the name of the sub-tenant or tenants and entries relating to crops etc. The rule requires that the entries shall be made in accordance with the actual facts and provides that the Patwari is responsible for all entries and he must satisfy himself of the facts by inquiry from the persons concerned as well as by field inspection and complete the khasra by April 30th."
      },
      "actor": "court",
      "schemes": [
        "rule_application",
        "textual"
      ],
      "qualifiers": null,
      "court_response": "accepted",
      "court_response_anchor": {
        "doc_id": "sha256:bf668fa220ee",
        "start_char": 5401,
        "end_char": 5510,
        "text_hash": "b74848096456f907",
        "display_location": "0:68",
        "secondary_spans": [],
        "surface_text": "deration of the evidence the High Court held that the entries were incorrect and had been made with a view to"
      },
      "court_reasoning": "Used to assess correctness of entries during attachment period",
      "confidence": "high",
      "provenance": {
        "extraction_method": "llm",
        "model_id": "grok-4-1-fast-reasoning",
        "prompt_id": null,
        "run_id": null,
        "temperature": 0.1,
        "timestamp": "2026-02-07T03:50:45.330597"
      }
    },
    {
      "id": "a6",
      "type": "argument",
      "claim": "Prosecution must prove (1) accused knowingly framed incorrect record and (2) with intent or knowledge to cause loss or injury to public or Mahura Kuar",
      "anchor": {
        "doc_id": "sha256:bf668fa220ee",
        "start_char": 6100,
        "end_char": 6420,
        "text_hash": "bea070ef4b49ac6d",
        "display_location": "0",
        "secondary_spans": [],
        "surface_text": "For the purpose of this case, the prosecution had to prove- 1 that the accused knowingly framed the record in an incorrect manner and 2 that the accused did this with the intent to cause or with the knowledge that he would thereby cause loss or injury to the public or to Smt. Mahura Kuar."
      },
      "actor": "court",
      "schemes": [
        "rule_application"
      ],
      "qualifiers": null,
      "court_response": null,
      "court_response_anchor": null,
      "court_reasoning": null,
      "confidence": "high",
      "provenance": {
        "extraction_method": "llm",
        "model_id": "grok-4-1-fast-reasoning",
        "prompt_id": null,
        "run_id": null,
        "temperature": 0.1,
        "timestamp": "2026-02-07T03:50:45.330597"
      }
    },
    {
      "id": "a7",
      "type": "argument",
      "claim": "Accused knew of litigation and made incorrect entry, satisfying mens rea",
      "anchor": {
        "doc_id": "sha256:bf668fa220ee",
        "start_char": 6700,
        "end_char": 6780,
        "text_hash": "e627f6bf4dfadbbf",
        "display_location": "0",
        "secondary_spans": [],
        "surface_text": "It is true that the High Court found that the accused knew of the litigation between Mahura Kuar and Adit Pande and in spite of this he had made an incorrect entry."
      },
      "actor": "lower_court",
      "schemes": [
        "evidence_sufficiency"
      ],
      "qualifiers": "It is true that",
      "court_response": "partly_accepted",
      "court_response_anchor": {
        "doc_id": "sha256:bf668fa220ee",
        "start_char": 6780,
        "end_char": 7200,
        "text_hash": "1e68713760ddf2c1",
        "display_location": "0",
        "secondary_spans": [],
        "surface_text": "1951. The sapurdar, Shubhkaran, himself has number been examined as a witness, may be due to the then existing dispute between Mahura Kuar and Shubhka"
      },
      "court_reasoning": "Accepts knowledge of incorrectness but insufficient for intention under s.218",
      "confidence": "high",
      "provenance": {
        "extraction_method": "llm",
        "model_id": "grok-4-1-fast-reasoning",
        "prompt_id": null,
        "run_id": null,
        "temperature": 0.1,
        "timestamp": "2026-02-07T03:50:45.330597"
      }
    },
    {
      "id": "a8",
      "type": "argument",
      "claim": "No direct or sufficient circumstantial evidence of intent to cause loss or injury",
      "anchor": {
        "doc_id": "sha256:bf668fa220ee",
        "start_char": 7200,
        "end_char": 7750,
        "text_hash": "3ff5e5b9e45908c7",
        "display_location": "0",
        "secondary_spans": [],
        "surface_text": "But in order to sustain the conviction it is not sufficient that the entries are incorrect, it is essential that the entry should have been made with the intention mentioned in s. 218 of the Indian Penal Code. Direct evidence proving the necessary intention is, in this case, lacking and the circumstantial evidence is too meagre to support any safe conclusion as to the intention with which the appellant made the entry complained of."
      },
      "actor": "court",
      "schemes": [
        "evidence_sufficiency"
      ],
      "qualifiers": null,
      "court_response": null,
      "court_response_anchor": null,
      "court_reasoning": null,
      "confidence": "high",
      "provenance": {
        "extraction_method": "llm",
        "model_id": "grok-4-1-fast-reasoning",
        "prompt_id": null,
        "run_id": null,
        "temperature": 0.1,
        "timestamp": "2026-02-07T03:50:45.330597"
      }
    },
    {
      "id": "a9",
      "type": "argument",
      "claim": "Khasra entry for 1358F could cause loss to Mahura under s.16 U.P. Zamindari Abolition Act by deeming Adit hereditary tenant",
      "anchor": {
        "doc_id": "sha256:bf668fa220ee",
        "start_char": 7750,
        "end_char": 8100,
        "text_hash": "4c0b17341a1fb027",
        "display_location": "0",
        "secondary_spans": [],
        "surface_text": "Mr. Mathur founded his case also on s. 16 of the U.P. Zamindari Abolition and Land Reforms Act, U.P. Act I of 1951 , which provided that a person, who was recorded as an occupant of the land for the year 1356 F and who, on the date mentioned in the section was in possession of the land, shall be deemed to be a hereditary tenant of the land."
      },
      "actor": "respondent",
      "schemes": [
        "rule_application"
      ],
      "qualifiers": null,
      "court_response": "rejected",
      "court_response_anchor": {
        "doc_id": "sha256:bf668fa220ee",
        "start_char": 8101,
        "end_char": 8500,
        "text_hash": "ebb3b2df0f401201",
        "display_location": "0",
        "secondary_spans": [],
        "surface_text": "th which the appellant made the entry companyplained of. His case was that the sapurdar, Shubhkaran, never got possession from Adit Pande. Shubhkaran "
      },
      "court_reasoning": "Entry is for 1358F not 1356F, irrelevant to s.16",
      "confidence": "high",
      "provenance": {
        "extraction_method": "llm",
        "model_id": "grok-4-1-fast-reasoning",
        "prompt_id": null,
        "run_id": null,
        "temperature": 0.1,
        "timestamp": "2026-02-07T03:50:45.330597"
      }
    },
    {
      "id": "a10",
      "type": "argument",
      "claim": "Incorrect entry in 1358F khasra could not cause loss as s.145 proceedings already concluded in Dec 1950 and possession ordered; entry made in March irrelevant",
      "anchor": {
        "doc_id": "sha256:bf668fa220ee",
        "start_char": 8500,
        "end_char": 8620,
        "text_hash": "20e475f63f80ee63",
        "display_location": "0:90",
        "secondary_spans": [],
        "surface_text": "The entry could not have been intended to create evidence -for being used against the complainant in the proceedings under s. 145 Criminal Procedure Code, because according to the evidence on the record the entries were made somewhere in March and this could not have helped Adit Pande, as the magistrate had already decided the proceedings under s. 145 Criminal Procedure Code in December 1950, and had ordered possession to be delivered to the complainant, and, therefore, this entry could not affect the result of the proceeding under s. 145 Criminal Procedure Code."
      },
      "actor": "court",
      "schemes": [
        "precedent_distinction",
        "evidence_sufficiency"
      ],
      "qualifiers": null,
      "court_response": null,
      "court_response_anchor": null,
      "court_reasoning": null,
      "confidence": "high",
      "provenance": {
        "extraction_method": "llm",
        "model_id": "grok-4-1-fast-reasoning",
        "prompt_id": null,
        "run_id": null,
        "temperature": 0.1,
        "timestamp": "2026-02-07T03:50:45.330597"
      }
    },
    {
      "id": "a11",
      "type": "argument",
      "claim": "Sapurdar Shubhkaran never obtained possession from Adit Pande",
      "anchor": {
        "doc_id": "sha256:bf668fa220ee",
        "start_char": 7300,
        "end_char": 7400,
        "text_hash": "acd00a975b3aa2c5",
        "display_location": "0:82",
        "secondary_spans": [],
        "surface_text": "His case was that the sapurdar, Shubhkaran, never got possession from Adit Pande. Shubhkaran was not a witness, may be for the reason already stated, and it was contended that in the absence of the testimony of Shubhkaran the case of the prosecution cannot be held to have been proved at least it is not free from doubt."
      },
      "actor": "petitioner",
      "schemes": [
        "evidence_sufficiency",
        "evidence_credibility"
      ],
      "qualifiers": null,
      "court_response": "not_addressed",
      "court_response_anchor": null,
      "court_reasoning": "Noted but courts below held for prosecution on possession",
      "confidence": "medium",
      "provenance": {
        "extraction_method": "llm",
        "model_id": "grok-4-1-fast-reasoning",
        "prompt_id": null,
        "run_id": null,
        "temperature": 0.1,
        "timestamp": "2026-02-07T03:50:45.330597"
      }
    },
    {
      "id": "a12",
      "type": "argument",
      "claim": "Land attached under s.145, possession given to custodian Shubhkaran, not to Mahura till April 1951; she not in physical possession earlier",
      "anchor": {
        "doc_id": "sha256:bf668fa220ee",
        "start_char": 3640,
        "end_char": 4100,
        "text_hash": "ac4f4dafc3afaedd",
        "display_location": "0",
        "secondary_spans": [],
        "surface_text": "Although the finding of the Magistrate in those proceedings was in favour of Smt. Mahura Kuar, the land in dispute had been attached and had been given for cultivation to Shubhkaran Chowkidar, and even according to the prosecution case the actual physical possession did not pass to Smt. Mahura Kuar till April 1951."
      },
      "actor": "court",
      "schemes": [
        "evidence_sufficiency"
      ],
      "qualifiers": null,
      "court_response": null,
      "court_response_anchor": null,
      "court_reasoning": null,
      "confidence": "high",
      "provenance": {
        "extraction_method": "llm",
        "model_id": "grok-4-1-fast-reasoning",
        "prompt_id": null,
        "run_id": null,
        "temperature": 0.1,
        "timestamp": "2026-02-07T03:50:45.330597"
      }
    }
  ],
  "holdings": [
    {
      "id": "h1",
      "type": "holding",
      "text": "The prosecution had to prove that (1) the accused knowingly framed the record in an incorrect manner and (2) did so with intent to cause or knowledge of likely causing loss or injury to the public or Smt. Mahura Kuar.",
      "anchor": {
        "doc_id": "sha256:bf668fa220ee",
        "start_char": 6100,
        "end_char": 6420,
        "text_hash": "bea070ef4b49ac6d",
        "display_location": "0",
        "secondary_spans": [],
        "surface_text": "For the purpose,, of this case, the prosecution had to prove-  1 that the accused knowingly framed the record in an incorrect manner and  2 that the accused did this with the intent to cause or with the knowledge that he would thereby cause loss or injury to the public or to Smt. Mahura Kuar."
      },
      "resolves_issue": null,
      "is_ratio": true,
      "novel": false,
      "reasoning_summary": "Elements of offence under s.218 IPC require proof of knowledge of incorrectness plus specific intent or knowledge of likely injury.",
      "schemes": [
        "rule_application",
        "textual"
      ],
      "confidence": "high",
      "provenance": {
        "extraction_method": "llm",
        "model_id": "grok-4-1-fast-reasoning",
        "prompt_id": null,
        "run_id": null,
        "temperature": 0.1,
        "timestamp": "2026-02-07T03:51:12.976268"
      }
    },
    {
      "id": "h2",
      "type": "holding",
      "text": "The accused knowingly framed an incorrect record as he knew of the litigation and s.145 order but made incorrect entry.",
      "anchor": {
        "doc_id": "sha256:bf668fa220ee",
        "start_char": 6700,
        "end_char": 6780,
        "text_hash": "e627f6bf4dfadbbf",
        "display_location": "0",
        "secondary_spans": [],
        "surface_text": "It is true that the High Court found that the accused knew of the litigation between Mahura Kuar and Adit Pande and in spite of this he had made an incorrect entry."
      },
      "resolves_issue": "i1",
      "is_ratio": true,
      "novel": false,
      "reasoning_summary": "Accepts High Court finding on knowledge of litigation and incorrectness of entries despite Magistrate's order.",
      "schemes": [
        "evidence_sufficiency",
        "precedent_following"
      ],
      "confidence": "high",
      "provenance": {
        "extraction_method": "llm",
        "model_id": "grok-4-1-fast-reasoning",
        "prompt_id": null,
        "run_id": null,
        "temperature": 0.1,
        "timestamp": "2026-02-07T03:51:12.976268"
      }
    },
    {
      "id": "h3",
      "type": "holding",
      "text": "Incorrect entries alone insufficient for conviction under s.218 IPC; must prove intention to cause loss or injury; direct evidence lacking and circumstantial evidence too meagre.",
      "anchor": {
        "doc_id": "sha256:bf668fa220ee",
        "start_char": 6780,
        "end_char": 7750,
        "text_hash": "8acf6819ad29af45",
        "display_location": "0",
        "secondary_spans": [],
        "surface_text": "But in order to sustain the convition it is not sufficient that the entries are incorrect, it is essential that the entry should have been made with the intention mentioned in s. 218 of the Indian Penal Code. Direct evidence proving the necessary intention is, in this case, lacking and the circumstantial evidence is too meagre to support any safe conclusion as to the intention with which the appellant made the entry complained of."
      },
      "resolves_issue": "i2",
      "is_ratio": true,
      "novel": false,
      "reasoning_summary": "s.218 requires mens rea beyond mere incorrectness; evidence inadequate to infer intent.",
      "schemes": [
        "rule_application",
        "evidence_sufficiency"
      ],
      "confidence": "high",
      "provenance": {
        "extraction_method": "llm",
        "model_id": "grok-4-1-fast-reasoning",
        "prompt_id": null,
        "run_id": null,
        "temperature": 0.1,
        "timestamp": "2026-02-07T03:51:12.976268"
      }
    },
    {
      "id": "h4",
      "type": "holding",
      "text": "Khasra entry for 1358F could not cause loss in s.145 CrPC proceedings as they concluded in December 1950 before March 1951 entries.",
      "anchor": {
        "doc_id": "sha256:bf668fa220ee",
        "start_char": 8500,
        "end_char": 8620,
        "text_hash": "20e475f63f80ee63",
        "display_location": "0:90",
        "secondary_spans": [],
        "surface_text": "The entry could not have been intended to create evidence -for being used against the complainant 7O1 in the proceedings under s. 145 Criminal Procedure Code, because according to the evidence on the record the entries were made somewhere in March and this could not have helped Adit Pande, as the magistrate had already decided the proceedings under s. 145 Criminal Procedure Code in December 1950, and had ordered possession to be delivered to the complainant, and, therefore, this entry could not affect the result of the proceeding under s. 145 Criminal Procedure Code."
      },
      "resolves_issue": "i3",
      "is_ratio": true,
      "novel": false,
      "reasoning_summary": "Timing of entries post-decision renders them irrelevant to concluded s.145 proceedings.",
      "schemes": [
        "rule_application",
        "evidence_sufficiency"
      ],
      "confidence": "high",
      "provenance": {
        "extraction_method": "llm",
        "model_id": "grok-4-1-fast-reasoning",
        "prompt_id": null,
        "run_id": null,
        "temperature": 0.1,
        "timestamp": "2026-02-07T03:51:12.976268"
      }
    },
    {
      "id": "h5",
      "type": "holding",
      "text": "1358F khasra entry irrelevant to s.16 UP Zamindari Abolition Act as it applies only to 1356F records.",
      "anchor": {
        "doc_id": "sha256:bf668fa220ee",
        "start_char": 8101,
        "end_char": 8500,
        "text_hash": "ebb3b2df0f401201",
        "display_location": "0",
        "secondary_spans": [],
        "surface_text": "But the entry complained of is not for the year 1356 F but for the year 1358 F, and this entry would not have been of any avail to Adit Pande for the purposes of s. 16 of the Zamindari Abolition Act."
      },
      "resolves_issue": "i3",
      "is_ratio": true,
      "novel": false,
      "reasoning_summary": "Statutory deeming provision limited to specific year 1356F; 1358F entry cannot confer tenancy rights.",
      "schemes": [
        "textual",
        "rule_application"
      ],
      "confidence": "high",
      "provenance": {
        "extraction_method": "llm",
        "model_id": "grok-4-1-fast-reasoning",
        "prompt_id": null,
        "run_id": null,
        "temperature": 0.1,
        "timestamp": "2026-02-07T03:51:12.976268"
      }
    },
    {
      "id": "h6",
      "type": "holding",
      "text": "Prosecution failed to prove necessary criminal intention under s.218 IPC; no offence committed; appeal allowed, conviction set aside, accused acquitted.",
      "anchor": {
        "doc_id": "sha256:bf668fa220ee",
        "start_char": 8620,
        "end_char": 9500,
        "text_hash": "778d4375b869a3af",
        "display_location": "0",
        "secondary_spans": [],
        "surface_text": "In the circumstances of the case it cannot be said that an offence under s. 218 has been committed by the appellant as in our opinion the prosecution has failed to prove the necessary criminal intention. In these circumstances, we would allow the appeal, ,set aside the order of conviction and acquit the accused."
      },
      "resolves_issue": null,
      "is_ratio": true,
      "novel": false,
      "reasoning_summary": "Cumulative failure on mens rea element despite proof of incorrectness leads to acquittal.",
      "schemes": [
        "evidence_sufficiency",
        "rule_application"
      ],
      "confidence": "high",
      "provenance": {
        "extraction_method": "llm",
        "model_id": "grok-4-1-fast-reasoning",
        "prompt_id": null,
        "run_id": null,
        "temperature": 0.1,
        "timestamp": "2026-02-07T03:51:12.976268"
      }
    },
    {
      "id": "h7",
      "type": "holding",
      "text": "Patwari entries in khasra must be based on actual facts verified by inquiry and field inspection per Rule 60 UP Land Records Manual.",
      "anchor": {
        "doc_id": "sha256:bf668fa220ee",
        "start_char": 5123,
        "end_char": 5400,
        "text_hash": "ec33db9c512b4fa3",
        "display_location": "0",
        "secondary_spans": [],
        "surface_text": "Rule 60 of the U.P. Land Records Manual deals with the preparation of Khasras. The form of the khasra contains columns showing the name of the cultivator, the name of the sub-tenant or tenants and entries relating to crops etc. The rule requires that the entries shall be made in accordance with the actual facts and provides that the Patwari is responsible for all entries and he must satisfy himself of the facts by inquiry from the persons concerned as well as by field inspection and complete the khasra by April 30th."
      },
      "resolves_issue": null,
      "is_ratio": false,
      "novel": false,
      "reasoning_summary": "Restates duty under manual to assess correctness of entries.",
      "schemes": [
        "textual",
        "rule_application"
      ],
      "confidence": "high",
      "provenance": {
        "extraction_method": "llm",
        "model_id": "grok-4-1-fast-reasoning",
        "prompt_id": null,
        "run_id": null,
        "temperature": 0.1,
        "timestamp": "2026-02-07T03:51:12.976268"
      }
    }
  ],
  "precedents": [],
  "justification_sets": [
    {
      "id": "js1",
      "type": "justification_set",
      "target_id": "h2",
      "logic": "and",
      "label": "Pith and Substance support",
      "is_primary": true,
      "confidence": "high",
      "provenance": null
    },
    {
      "id": "js2",
      "type": "justification_set",
      "target_id": "h3",
      "logic": "or",
      "label": "Wednesbury Unreasonableness support",
      "is_primary": true,
      "confidence": "high",
      "provenance": null
    },
    {
      "id": "js3",
      "type": "justification_set",
      "target_id": "h4",
      "logic": "or",
      "label": "Wednesbury Unreasonableness support",
      "is_primary": true,
      "confidence": "high",
      "provenance": null
    },
    {
      "id": "js4",
      "type": "justification_set",
      "target_id": "h5",
      "logic": "or",
      "label": "Wednesbury Unreasonableness support",
      "is_primary": true,
      "confidence": "high",
      "provenance": null
    },
    {
      "id": "js5",
      "type": "justification_set",
      "target_id": "h7",
      "logic": "and",
      "label": "Pith and Substance support",
      "is_primary": true,
      "confidence": "high",
      "provenance": null
    }
  ],
  "outcome": {
    "id": "outcome",
    "type": "outcome",
    "disposition": "allowed",
    "anchor": {
      "doc_id": "sha256:bf668fa220ee",
      "start_char": 10455,
      "end_char": 10544,
      "text_hash": "631f7c9a89375eb3",
      "display_location": "0:107",
      "secondary_spans": [],
      "surface_text": "we would allow the appeal, ,set aside the order of companyviction and acquit the accused."
    },
    "binary": "accepted",
    "relief_summary": "Appeal allowed, order of conviction set aside, accused acquitted",
    "costs": null,
    "directions": [
      "set aside the order of conviction",
      "acquit the accused"
    ],
    "provenance": {
      "extraction_method": "llm",
      "model_id": "grok-4-1-fast-reasoning",
      "prompt_id": null,
      "run_id": null,
      "temperature": 0.1,
      "timestamp": "2026-02-07T03:51:33.885867"
    }
  },
  "edges": [
    {
      "id": "e_ef8755ab_7",
      "source": "a1",
      "target": "c5",
      "relation": "claims_satisfies",
      "anchor": {
        "doc_id": "sha256:bf668fa220ee",
        "start_char": 4123,
        "end_char": 4398,
        "text_hash": "495a729d8a3a0315",
        "display_location": "0",
        "secondary_spans": [],
        "surface_text": "hat he had companye to know from Shubh Karan Chowkidar that Smt. Mahura Kuar had won the case under s. 145 of the Criminal Procedure Code, but in spit"
      },
      "explanation": "a1 claims accused's entries based on actual possession observed on spot satisfy Rule 60 requirement in c5 for entries based on actual facts by field inspection",
      "confidence": "high",
      "strength": "strong",
      "support_group_ids": [],
      "is_critical": true,
      "provenance": {
        "extraction_method": "llm",
        "model_id": "grok-4-1-fast-reasoning",
        "prompt_id": null,
        "run_id": null,
        "temperature": 0.1,
        "timestamp": "2026-02-07T03:52:56.730673"
      }
    },
    {
      "id": "e_ef8755ab_4",
      "source": "a1",
      "target": "i1",
      "relation": "addresses",
      "anchor": {
        "doc_id": "sha256:bf668fa220ee",
        "start_char": 4123,
        "end_char": 4398,
        "text_hash": "495a729d8a3a0315",
        "display_location": "0",
        "secondary_spans": [],
        "surface_text": "hat he had companye to know from Shubh Karan Chowkidar that Smt. Mahura Kuar had won the case under s. 145 of the Criminal Procedure Code, but in spit"
      },
      "explanation": "Argument a1 addresses whether accused knowingly framed incorrect record by claiming entries based on actual possession observed on spot",
      "confidence": "high",
      "strength": "strong",
      "support_group_ids": [],
      "is_critical": true,
      "provenance": {
        "extraction_method": "llm",
        "model_id": "grok-4-1-fast-reasoning",
        "prompt_id": null,
        "run_id": null,
        "temperature": 0.1,
        "timestamp": "2026-02-07T03:52:56.730673"
      }
    },
    {
      "id": "e_9e269e06_8",
      "source": "a10",
      "target": "h4",
      "relation": "grounds",
      "anchor": {
        "doc_id": "sha256:bf668fa220ee",
        "start_char": 8500,
        "end_char": 8620,
        "text_hash": "20e475f63f80ee63",
        "display_location": "0:90",
        "secondary_spans": [],
        "surface_text": "panyrts below have companysidered this fact and taking all the circum- stances into companysideration have held in favou"
      },
      "explanation": "Argument a10 that entry post-dates proceedings grounds holding h4 that no loss could be caused, exact span match.",
      "confidence": "high",
      "strength": "strong",
      "support_group_ids": [
        "js3"
      ],
      "is_critical": true,
      "provenance": {
        "extraction_method": "llm",
        "model_id": "grok-4-1-fast-reasoning",
        "prompt_id": null,
        "run_id": null,
        "temperature": 0.1,
        "timestamp": "2026-02-07T03:54:09.242080"
      }
    },
    {
      "id": "e_ef8755ab_3",
      "source": "a5",
      "target": "h7",
      "relation": "grounds",
      "anchor": {
        "doc_id": "sha256:bf668fa220ee",
        "start_char": 5123,
        "end_char": 5400,
        "text_hash": "ec33db9c512b4fa3",
        "display_location": "0",
        "secondary_spans": [],
        "surface_text": "y herself and of Gauri Shankar and Naresh Gadaria, who had supported the statement of Mahura Kuar and had deposed that Shubh Karan sapurdar had sown b"
      },
      "explanation": "Argument a5 about Rule 60 grounds the holding h7 affirming the same rule requirement",
      "confidence": "high",
      "strength": "moderate",
      "support_group_ids": [
        "js5"
      ],
      "is_critical": false,
      "provenance": {
        "extraction_method": "llm",
        "model_id": "grok-4-1-fast-reasoning",
        "prompt_id": null,
        "run_id": null,
        "temperature": 0.1,
        "timestamp": "2026-02-07T03:52:56.730673"
      }
    },
    {
      "id": "e_ef8755ab_5",
      "source": "a5",
      "target": "i1",
      "relation": "addresses",
      "anchor": {
        "doc_id": "sha256:bf668fa220ee",
        "start_char": 5123,
        "end_char": 5400,
        "text_hash": "ec33db9c512b4fa3",
        "display_location": "0",
        "secondary_spans": [],
        "surface_text": "y herself and of Gauri Shankar and Naresh Gadaria, who had supported the statement of Mahura Kuar and had deposed that Shubh Karan sapurdar had sown b"
      },
      "explanation": "Argument a5 uses Rule 60 to assess correctness of entries, addressing if record framed incorrectly",
      "confidence": "high",
      "strength": "strong",
      "support_group_ids": [],
      "is_critical": true,
      "provenance": {
        "extraction_method": "llm",
        "model_id": "grok-4-1-fast-reasoning",
        "prompt_id": null,
        "run_id": null,
        "temperature": 0.1,
        "timestamp": "2026-02-07T03:52:56.730673"
      }
    },
    {
      "id": "e_9e269e06_13",
      "source": "a6",
      "target": "c7",
      "relation": "supports",
      "anchor": null,
      "explanation": "Argument a6 articulates the proof elements of knowingly incorrect framing with intent, supporting concept c7.",
      "confidence": "inferred",
      "strength": "moderate",
      "support_group_ids": [],
      "is_critical": false,
      "provenance": {
        "extraction_method": "llm",
        "model_id": "grok-4-1-fast-reasoning",
        "prompt_id": null,
        "run_id": null,
        "temperature": 0.1,
        "timestamp": "2026-02-07T03:54:09.242080"
      }
    },
    {
      "id": "e_9e269e06_1",
      "source": "a6",
      "target": "i1",
      "relation": "addresses",
      "anchor": {
        "doc_id": "sha256:bf668fa220ee",
        "start_char": 6100,
        "end_char": 6185,
        "text_hash": "9ad69986742f8ec3",
        "display_location": "0:73",
        "secondary_spans": [],
        "surface_text": " this is shown by the order of companymitment-the entry of the years 1357 F and 1358 "
      },
      "explanation": "Argument a6 directly discusses the prosecution's burden to prove the accused knowingly framed an incorrect record, overlapping exactly with issue i1.",
      "confidence": "high",
      "strength": "strong",
      "support_group_ids": [],
      "is_critical": true,
      "provenance": {
        "extraction_method": "llm",
        "model_id": "grok-4-1-fast-reasoning",
        "prompt_id": null,
        "run_id": null,
        "temperature": 0.1,
        "timestamp": "2026-02-07T03:54:09.242080"
      }
    },
    {
      "id": "e_9e269e06_2",
      "source": "a6",
      "target": "i2",
      "relation": "addresses",
      "anchor": {
        "doc_id": "sha256:bf668fa220ee",
        "start_char": 6190,
        "end_char": 6420,
        "text_hash": "8087ab43e6511ad0",
        "display_location": "0",
        "secondary_spans": [],
        "surface_text": " qabiz badastur  possession as before . In companying to the finding of incorrectness of the entries in the khasra with intent to cause injury to Smt."
      },
      "explanation": "Argument a6 explicitly addresses the requirement to prove intent or knowledge to cause loss or injury, covering the span of issue i2.",
      "confidence": "high",
      "strength": "strong",
      "support_group_ids": [],
      "is_critical": true,
      "provenance": {
        "extraction_method": "llm",
        "model_id": "grok-4-1-fast-reasoning",
        "prompt_id": null,
        "run_id": null,
        "temperature": 0.1,
        "timestamp": "2026-02-07T03:54:09.242080"
      }
    },
    {
      "id": "e_9e269e06_7",
      "source": "a7",
      "target": "h2",
      "relation": "supports",
      "anchor": {
        "doc_id": "sha256:bf668fa220ee",
        "start_char": 6700,
        "end_char": 6780,
        "text_hash": "e627f6bf4dfadbbf",
        "display_location": "0",
        "secondary_spans": [],
        "surface_text": "e the actual physical possession did number pass to Smt. Mahura Kuar till April "
      },
      "explanation": "Argument a7 accepts and supports the finding in h2 that accused knowingly made incorrect entry due to knowledge of litigation.",
      "confidence": "high",
      "strength": "strong",
      "support_group_ids": [
        "js1"
      ],
      "is_critical": false,
      "provenance": {
        "extraction_method": "llm",
        "model_id": "grok-4-1-fast-reasoning",
        "prompt_id": null,
        "run_id": null,
        "temperature": 0.1,
        "timestamp": "2026-02-07T03:54:09.242080"
      }
    },
    {
      "id": "e_9e269e06_3",
      "source": "a7",
      "target": "i3",
      "relation": "addresses",
      "anchor": {
        "doc_id": "sha256:bf668fa220ee",
        "start_char": 6700,
        "end_char": 6780,
        "text_hash": "e627f6bf4dfadbbf",
        "display_location": "0",
        "secondary_spans": [],
        "surface_text": "e the actual physical possession did number pass to Smt. Mahura Kuar till April "
      },
      "explanation": "Argument a7 discusses knowledge of litigation and incorrect entry in context of intent to cause loss, overlapping with issue i3.",
      "confidence": "high",
      "strength": "strong",
      "support_group_ids": [],
      "is_critical": true,
      "provenance": {
        "extraction_method": "llm",
        "model_id": "grok-4-1-fast-reasoning",
        "prompt_id": null,
        "run_id": null,
        "temperature": 0.1,
        "timestamp": "2026-02-07T03:54:09.242080"
      }
    },
    {
      "id": "e_9e269e06_6",
      "source": "a8",
      "target": "h3",
      "relation": "supports",
      "anchor": {
        "doc_id": "sha256:bf668fa220ee",
        "start_char": 7200,
        "end_char": 7750,
        "text_hash": "3ff5e5b9e45908c7",
        "display_location": "0",
        "secondary_spans": [],
        "surface_text": "uring the period the land was under attachment. For the purpose,, of this case, the prosecution had to prove-  1 that the accused knowingly framed the"
      },
      "explanation": "Argument a8 on lack of evidence of intent directly supports holding h3's conclusion on insufficient evidence, within shared span.",
      "confidence": "high",
      "strength": "strong",
      "support_group_ids": [
        "js2"
      ],
      "is_critical": true,
      "provenance": {
        "extraction_method": "llm",
        "model_id": "grok-4-1-fast-reasoning",
        "prompt_id": null,
        "run_id": null,
        "temperature": 0.1,
        "timestamp": "2026-02-07T03:54:09.242080"
      }
    },
    {
      "id": "e_0a28c1e9_2",
      "source": "a9",
      "target": "h5",
      "relation": "grounds",
      "anchor": {
        "doc_id": "sha256:bf668fa220ee",
        "start_char": 7750,
        "end_char": 8100,
        "text_hash": "4c0b17341a1fb027",
        "display_location": "0",
        "secondary_spans": [],
        "surface_text": "it is number sufficient that the entries are incorrect, it is essential that the entry should have been made with the intention mentioned in s. 218 of"
      },
      "explanation": "Argument that 1358F entry (not 1356F) is irrelevant to s.16 grounds the holding declaring it irrelevant.",
      "confidence": "high",
      "strength": "strong",
      "support_group_ids": [
        "js4"
      ],
      "is_critical": true,
      "provenance": {
        "extraction_method": "llm",
        "model_id": "grok-4-1-fast-reasoning",
        "prompt_id": null,
        "run_id": null,
        "temperature": 0.1,
        "timestamp": "2026-02-07T03:52:16.154082"
      }
    },
    {
      "id": "e_0a28c1e9_4",
      "source": "a9",
      "target": "i3",
      "relation": "addresses",
      "anchor": {
        "doc_id": "sha256:bf668fa220ee",
        "start_char": 7750,
        "end_char": 8100,
        "text_hash": "4c0b17341a1fb027",
        "display_location": "0",
        "secondary_spans": [],
        "surface_text": "it is number sufficient that the entries are incorrect, it is essential that the entry should have been made with the intention mentioned in s. 218 of"
      },
      "explanation": "Argument on irrelevance of entry to s.16 addresses whether entry made with intent to cause loss to complainant.",
      "confidence": "medium",
      "strength": "moderate",
      "support_group_ids": [],
      "is_critical": false,
      "provenance": {
        "extraction_method": "llm",
        "model_id": "grok-4-1-fast-reasoning",
        "prompt_id": null,
        "run_id": null,
        "temperature": 0.1,
        "timestamp": "2026-02-07T03:52:16.154082"
      }
    },
    {
      "id": "e_3986078e_3",
      "source": "c3",
      "target": "h2",
      "relation": "grounds",
      "anchor": {
        "doc_id": "sha256:bf668fa220ee",
        "start_char": 6700,
        "end_char": 6780,
        "text_hash": "e627f6bf4dfadbbf",
        "display_location": "0",
        "secondary_spans": [],
        "surface_text": "e the actual physical possession did number pass to Smt. Mahura Kuar till April "
      },
      "explanation": "The s.145 CrPC order is explicitly cited in h2 as the basis for the accused's knowledge of litigation and correct possession, grounding the finding of knowing incorrect framing.",
      "confidence": "high",
      "strength": "strong",
      "support_group_ids": [
        "js1"
      ],
      "is_critical": true,
      "provenance": {
        "extraction_method": "llm",
        "model_id": "grok-4-1-fast-reasoning",
        "prompt_id": null,
        "run_id": null,
        "temperature": 0.1,
        "timestamp": "2026-02-07T03:53:38.062396"
      }
    },
    {
      "id": "e_3b152ce4_3",
      "source": "c4",
      "target": "h2",
      "relation": "grounds",
      "anchor": {
        "doc_id": "sha256:bf668fa220ee",
        "start_char": 6700,
        "end_char": 6780,
        "text_hash": "e627f6bf4dfadbbf",
        "display_location": "0",
        "secondary_spans": [],
        "surface_text": "e the actual physical possession did number pass to Smt. Mahura Kuar till April "
      },
      "explanation": "The holding explicitly relies on the accused's knowledge of the s.145 CrPC order (referencing Section 145 CrPC) as the basis for finding that the record was knowingly framed incorrectly.",
      "confidence": "medium",
      "strength": "moderate",
      "support_group_ids": [
        "js1"
      ],
      "is_critical": false,
      "provenance": {
        "extraction_method": "llm",
        "model_id": "grok-4-1-fast-reasoning",
        "prompt_id": null,
        "run_id": null,
        "temperature": 0.1,
        "timestamp": "2026-02-07T03:55:13.645637"
      }
    },
    {
      "id": "e_ef8755ab_1",
      "source": "c5",
      "target": "a5",
      "relation": "grounds",
      "anchor": {
        "doc_id": "sha256:bf668fa220ee",
        "start_char": 5123,
        "end_char": 5400,
        "text_hash": "ec33db9c512b4fa3",
        "display_location": "0",
        "secondary_spans": [],
        "surface_text": "y herself and of Gauri Shankar and Naresh Gadaria, who had supported the statement of Mahura Kuar and had deposed that Shubh Karan sapurdar had sown b"
      },
      "explanation": "Argument a5 explicitly relies on Rule 60 U.P. Land Records Manual from c5 to assess the correctness of khasra entries",
      "confidence": "high",
      "strength": "strong",
      "support_group_ids": [],
      "is_critical": true,
      "provenance": {
        "extraction_method": "llm",
        "model_id": "grok-4-1-fast-reasoning",
        "prompt_id": null,
        "run_id": null,
        "temperature": 0.1,
        "timestamp": "2026-02-07T03:52:56.730673"
      }
    },
    {
      "id": "e_ef8755ab_2",
      "source": "c5",
      "target": "h7",
      "relation": "grounds",
      "anchor": {
        "doc_id": "sha256:bf668fa220ee",
        "start_char": 5123,
        "end_char": 5400,
        "text_hash": "ec33db9c512b4fa3",
        "display_location": "0",
        "secondary_spans": [],
        "surface_text": "y herself and of Gauri Shankar and Naresh Gadaria, who had supported the statement of Mahura Kuar and had deposed that Shubh Karan sapurdar had sown b"
      },
      "explanation": "Holding h7 states the requirement of Patwari entries based on actual facts per Rule 60 from c5",
      "confidence": "high",
      "strength": "strong",
      "support_group_ids": [
        "js5"
      ],
      "is_critical": true,
      "provenance": {
        "extraction_method": "llm",
        "model_id": "grok-4-1-fast-reasoning",
        "prompt_id": null,
        "run_id": null,
        "temperature": 0.1,
        "timestamp": "2026-02-07T03:52:56.730673"
      }
    },
    {
      "id": "e_3b152ce4_2",
      "source": "c6",
      "target": "h2",
      "relation": "grounds",
      "anchor": {
        "doc_id": "sha256:bf668fa220ee",
        "start_char": 6700,
        "end_char": 6780,
        "text_hash": "e627f6bf4dfadbbf",
        "display_location": "0",
        "secondary_spans": [],
        "surface_text": "e the actual physical possession did number pass to Smt. Mahura Kuar till April "
      },
      "explanation": "The holding explicitly relies on the accused's knowledge of the s.145 CrPC order (referencing Section 145 CrPC) as the basis for finding that the record was knowingly framed incorrectly.",
      "confidence": "high",
      "strength": "strong",
      "support_group_ids": [
        "js1"
      ],
      "is_critical": true,
      "provenance": {
        "extraction_method": "llm",
        "model_id": "grok-4-1-fast-reasoning",
        "prompt_id": null,
        "run_id": null,
        "temperature": 0.1,
        "timestamp": "2026-02-07T03:55:13.645637"
      }
    },
    {
      "id": "e_9e269e06_5",
      "source": "c7",
      "target": "h3",
      "relation": "grounds",
      "anchor": {
        "doc_id": "sha256:bf668fa220ee",
        "start_char": 6780,
        "end_char": 6820,
        "text_hash": "cc51f5d1ae46f96b",
        "display_location": "0",
        "secondary_spans": [],
        "surface_text": "1951. The sapurdar, Shubhkaran, himself "
      },
      "explanation": "Concept c7 provides the doctrinal ground for holding h3 that incorrect entries alone are insufficient without proof of intent, with exact span overlap.",
      "confidence": "high",
      "strength": "strong",
      "support_group_ids": [
        "js2"
      ],
      "is_critical": true,
      "provenance": {
        "extraction_method": "llm",
        "model_id": "grok-4-1-fast-reasoning",
        "prompt_id": null,
        "run_id": null,
        "temperature": 0.1,
        "timestamp": "2026-02-07T03:54:09.242080"
      }
    },
    {
      "id": "e_9e269e06_12",
      "source": "c7",
      "target": "i3",
      "relation": "requires",
      "anchor": {
        "doc_id": "sha256:bf668fa220ee",
        "start_char": 6780,
        "end_char": 6820,
        "text_hash": "cc51f5d1ae46f96b",
        "display_location": "0",
        "secondary_spans": [],
        "surface_text": "1951. The sapurdar, Shubhkaran, himself "
      },
      "explanation": "Concept c7 requires proof of specific intent, which is the subject of issue i3, overlapping spans.",
      "confidence": "high",
      "strength": "moderate",
      "support_group_ids": [],
      "is_critical": false,
      "provenance": {
        "extraction_method": "llm",
        "model_id": "grok-4-1-fast-reasoning",
        "prompt_id": null,
        "run_id": null,
        "temperature": 0.1,
        "timestamp": "2026-02-07T03:54:09.242080"
      }
    },
    {
      "id": "e_0a28c1e9_3",
      "source": "c8",
      "target": "a9",
      "relation": "grounds",
      "anchor": {
        "doc_id": "sha256:bf668fa220ee",
        "start_char": 7750,
        "end_char": 7850,
        "text_hash": "fa178edecd57d059",
        "display_location": "0:85",
        "secondary_spans": [],
        "surface_text": "it is number sufficient that the entries are incorrect, it is essential that the entry should have b"
      },
      "explanation": "Section 16 provision (1356F requirement) grounds the argument that 1358F entry cannot deem tenancy under it.",
      "confidence": "high",
      "strength": "strong",
      "support_group_ids": [],
      "is_critical": true,
      "provenance": {
        "extraction_method": "llm",
        "model_id": "grok-4-1-fast-reasoning",
        "prompt_id": null,
        "run_id": null,
        "temperature": 0.1,
        "timestamp": "2026-02-07T03:52:16.154082"
      }
    },
    {
      "id": "e_0a28c1e9_1",
      "source": "c8",
      "target": "h5",
      "relation": "grounds",
      "anchor": {
        "doc_id": "sha256:bf668fa220ee",
        "start_char": 7750,
        "end_char": 7850,
        "text_hash": "fa178edecd57d059",
        "display_location": "0:85",
        "secondary_spans": [],
        "surface_text": "it is number sufficient that the entries are incorrect, it is essential that the entry should have b"
      },
      "explanation": "The content of Section 16 U.P. Zamindari Abolition Act specifying 1356F records grounds the holding that 1358F entry is irrelevant to it.",
      "confidence": "high",
      "strength": "strong",
      "support_group_ids": [
        "js4"
      ],
      "is_critical": true,
      "provenance": {
        "extraction_method": "llm",
        "model_id": "grok-4-1-fast-reasoning",
        "prompt_id": null,
        "run_id": null,
        "temperature": 0.1,
        "timestamp": "2026-02-07T03:52:16.154082"
      }
    },
    {
      "id": "e_h1_determines_outcome",
      "source": "h1",
      "target": "outcome",
      "relation": "determines",
      "anchor": {
        "doc_id": "sha256:bf668fa220ee",
        "start_char": 10455,
        "end_char": 10544,
        "text_hash": "631f7c9a89375eb3",
        "display_location": "0:107",
        "secondary_spans": [],
        "surface_text": "we would allow the appeal, ,set aside the order of companyviction and acquit the accused."
      },
      "explanation": null,
      "confidence": "high",
      "strength": "strong",
      "support_group_ids": [],
      "is_critical": true,
      "provenance": null
    },
    {
      "id": "e_ef8755ab_6",
      "source": "h2",
      "target": "i1",
      "relation": "addresses",
      "anchor": {
        "doc_id": "sha256:bf668fa220ee",
        "start_char": 6700,
        "end_char": 6780,
        "text_hash": "e627f6bf4dfadbbf",
        "display_location": "0",
        "secondary_spans": [],
        "surface_text": "e the actual physical possession did number pass to Smt. Mahura Kuar till April "
      },
      "explanation": "Holding h2 directly finds accused knowingly framed incorrect record, addressing i1",
      "confidence": "high",
      "strength": "strong",
      "support_group_ids": [],
      "is_critical": true,
      "provenance": {
        "extraction_method": "llm",
        "model_id": "grok-4-1-fast-reasoning",
        "prompt_id": null,
        "run_id": null,
        "temperature": 0.1,
        "timestamp": "2026-02-07T03:52:56.730673"
      }
    },
    {
      "id": "e_h2_resolves_i1",
      "source": "h2",
      "target": "i1",
      "relation": "resolves",
      "anchor": {
        "doc_id": "sha256:bf668fa220ee",
        "start_char": 6700,
        "end_char": 6780,
        "text_hash": "e627f6bf4dfadbbf",
        "display_location": "0",
        "secondary_spans": [],
        "surface_text": "It is true that the High Court found that the accused knew of the litigation between Mahura Kuar and Adit Pande and in spite of this he had made an incorrect entry."
      },
      "explanation": null,
      "confidence": "high",
      "strength": "strong",
      "support_group_ids": [],
      "is_critical": false,
      "provenance": null
    },
    {
      "id": "e_9e269e06_4",
      "source": "h2",
      "target": "i3",
      "relation": "addresses",
      "anchor": {
        "doc_id": "sha256:bf668fa220ee",
        "start_char": 6700,
        "end_char": 6780,
        "text_hash": "e627f6bf4dfadbbf",
        "display_location": "0",
        "secondary_spans": [],
        "surface_text": "e the actual physical possession did number pass to Smt. Mahura Kuar till April "
      },
      "explanation": "Holding h2 finds knowing framing of incorrect record, addressing the mens rea element within issue i3's span.",
      "confidence": "high",
      "strength": "moderate",
      "support_group_ids": [],
      "is_critical": true,
      "provenance": {
        "extraction_method": "llm",
        "model_id": "grok-4-1-fast-reasoning",
        "prompt_id": null,
        "run_id": null,
        "temperature": 0.1,
        "timestamp": "2026-02-07T03:54:09.242080"
      }
    },
    {
      "id": "e_h2_determines_outcome",
      "source": "h2",
      "target": "outcome",
      "relation": "determines",
      "anchor": {
        "doc_id": "sha256:bf668fa220ee",
        "start_char": 10455,
        "end_char": 10544,
        "text_hash": "631f7c9a89375eb3",
        "display_location": "0:107",
        "secondary_spans": [],
        "surface_text": "we would allow the appeal, ,set aside the order of companyviction and acquit the accused."
      },
      "explanation": null,
      "confidence": "high",
      "strength": "strong",
      "support_group_ids": [],
      "is_critical": true,
      "provenance": null
    },
    {
      "id": "e_9e269e06_10",
      "source": "h3",
      "target": "c9",
      "relation": "supports",
      "anchor": null,
      "explanation": "Holding h3 on lack of proof of intention directly supports concept c9 that prosecution failed to prove necessary criminal intention.",
      "confidence": "inferred",
      "strength": "strong",
      "support_group_ids": [],
      "is_critical": true,
      "provenance": {
        "extraction_method": "llm",
        "model_id": "grok-4-1-fast-reasoning",
        "prompt_id": null,
        "run_id": null,
        "temperature": 0.1,
        "timestamp": "2026-02-07T03:54:09.242080"
      }
    },
    {
      "id": "e_0a28c1e9_6",
      "source": "h3",
      "target": "i2",
      "relation": "addresses",
      "anchor": {
        "doc_id": "sha256:bf668fa220ee",
        "start_char": 6780,
        "end_char": 7750,
        "text_hash": "8acf6819ad29af45",
        "display_location": "0",
        "secondary_spans": [],
        "surface_text": "1951. The sapurdar, Shubhkaran, himself has number been examined as a witness, may be due to the then existing dispute between Mahura Kuar and Shubhka"
      },
      "explanation": "Holding requiring proof of intention to cause loss or injury addresses the issue of accused's intent.",
      "confidence": "high",
      "strength": "strong",
      "support_group_ids": [],
      "is_critical": true,
      "provenance": {
        "extraction_method": "llm",
        "model_id": "grok-4-1-fast-reasoning",
        "prompt_id": null,
        "run_id": null,
        "temperature": 0.1,
        "timestamp": "2026-02-07T03:52:16.154082"
      }
    },
    {
      "id": "e_h3_resolves_i2",
      "source": "h3",
      "target": "i2",
      "relation": "resolves",
      "anchor": {
        "doc_id": "sha256:bf668fa220ee",
        "start_char": 6780,
        "end_char": 7750,
        "text_hash": "8acf6819ad29af45",
        "display_location": "0",
        "secondary_spans": [],
        "surface_text": "But in order to sustain the convition it is not sufficient that the entries are incorrect, it is essential that the entry should have been made with the intention mentioned in s. 218 of the Indian Penal Code. Direct evidence proving the necessary intention is, in this case, lacking and the circumstantial evidence is too meagre to support any safe conclusion as to the intention with which the appellant made the entry complained of."
      },
      "explanation": null,
      "confidence": "high",
      "strength": "strong",
      "support_group_ids": [],
      "is_critical": false,
      "provenance": null
    },
    {
      "id": "e_0a28c1e9_5",
      "source": "h3",
      "target": "i3",
      "relation": "addresses",
      "anchor": {
        "doc_id": "sha256:bf668fa220ee",
        "start_char": 6780,
        "end_char": 7750,
        "text_hash": "8acf6819ad29af45",
        "display_location": "0",
        "secondary_spans": [],
        "surface_text": "1951. The sapurdar, Shubhkaran, himself has number been examined as a witness, may be due to the then existing dispute between Mahura Kuar and Shubhka"
      },
      "explanation": "Holding that intention to cause loss not proved directly addresses the issue of intent behind incorrect entries.",
      "confidence": "high",
      "strength": "strong",
      "support_group_ids": [],
      "is_critical": true,
      "provenance": {
        "extraction_method": "llm",
        "model_id": "grok-4-1-fast-reasoning",
        "prompt_id": null,
        "run_id": null,
        "temperature": 0.1,
        "timestamp": "2026-02-07T03:52:16.154082"
      }
    },
    {
      "id": "e_h3_determines_outcome",
      "source": "h3",
      "target": "outcome",
      "relation": "determines",
      "anchor": {
        "doc_id": "sha256:bf668fa220ee",
        "start_char": 10455,
        "end_char": 10544,
        "text_hash": "631f7c9a89375eb3",
        "display_location": "0:107",
        "secondary_spans": [],
        "surface_text": "we would allow the appeal, ,set aside the order of companyviction and acquit the accused."
      },
      "explanation": null,
      "confidence": "high",
      "strength": "strong",
      "support_group_ids": [],
      "is_critical": true,
      "provenance": null
    },
    {
      "id": "e_9e269e06_9",
      "source": "h4",
      "target": "c9",
      "relation": "supports",
      "anchor": null,
      "explanation": "Holding h4 that entry could not cause loss supports concept c9's failure to prove criminal intention under Section 218 IPC.",
      "confidence": "inferred",
      "strength": "moderate",
      "support_group_ids": [],
      "is_critical": true,
      "provenance": {
        "extraction_method": "llm",
        "model_id": "grok-4-1-fast-reasoning",
        "prompt_id": null,
        "run_id": null,
        "temperature": 0.1,
        "timestamp": "2026-02-07T03:54:09.242080"
      }
    },
    {
      "id": "e_0a28c1e9_8",
      "source": "h4",
      "target": "h3",
      "relation": "supports",
      "anchor": null,
      "explanation": "Holding that entry post-dates s.145 proceedings (no loss possible) supports insufficiency of evidence for intention.",
      "confidence": "inferred",
      "strength": "moderate",
      "support_group_ids": [
        "js2"
      ],
      "is_critical": false,
      "provenance": {
        "extraction_method": "llm",
        "model_id": "grok-4-1-fast-reasoning",
        "prompt_id": null,
        "run_id": null,
        "temperature": 0.1,
        "timestamp": "2026-02-07T03:52:16.154082"
      }
    },
    {
      "id": "e_h4_resolves_i3",
      "source": "h4",
      "target": "i3",
      "relation": "resolves",
      "anchor": {
        "doc_id": "sha256:bf668fa220ee",
        "start_char": 8500,
        "end_char": 8620,
        "text_hash": "20e475f63f80ee63",
        "display_location": "0:90",
        "secondary_spans": [],
        "surface_text": "The entry could not have been intended to create evidence -for being used against the complainant 7O1 in the proceedings under s. 145 Criminal Procedure Code, because according to the evidence on the record the entries were made somewhere in March and this could not have helped Adit Pande, as the magistrate had already decided the proceedings under s. 145 Criminal Procedure Code in December 1950, and had ordered possession to be delivered to the complainant, and, therefore, this entry could not affect the result of the proceeding under s. 145 Criminal Procedure Code."
      },
      "explanation": null,
      "confidence": "high",
      "strength": "strong",
      "support_group_ids": [],
      "is_critical": false,
      "provenance": null
    },
    {
      "id": "e_h4_contributes_to_outcome",
      "source": "h4",
      "target": "outcome",
      "relation": "contributes_to",
      "anchor": {
        "doc_id": "sha256:bf668fa220ee",
        "start_char": 10455,
        "end_char": 10544,
        "text_hash": "631f7c9a89375eb3",
        "display_location": "0:107",
        "secondary_spans": [],
        "surface_text": "we would allow the appeal, ,set aside the order of companyviction and acquit the accused."
      },
      "explanation": null,
      "confidence": "high",
      "strength": "moderate",
      "support_group_ids": [],
      "is_critical": false,
      "provenance": null
    },
    {
      "id": "e_0a28c1e9_7",
      "source": "h5",
      "target": "h3",
      "relation": "supports",
      "anchor": null,
      "explanation": "Holding of irrelevance to Zamindari Act supports lack of evidence for intention to cause loss in h3.",
      "confidence": "inferred",
      "strength": "moderate",
      "support_group_ids": [
        "js2"
      ],
      "is_critical": false,
      "provenance": {
        "extraction_method": "llm",
        "model_id": "grok-4-1-fast-reasoning",
        "prompt_id": null,
        "run_id": null,
        "temperature": 0.1,
        "timestamp": "2026-02-07T03:52:16.154082"
      }
    },
    {
      "id": "e_h5_resolves_i3",
      "source": "h5",
      "target": "i3",
      "relation": "resolves",
      "anchor": {
        "doc_id": "sha256:bf668fa220ee",
        "start_char": 8101,
        "end_char": 8500,
        "text_hash": "ebb3b2df0f401201",
        "display_location": "0",
        "secondary_spans": [],
        "surface_text": "But the entry complained of is not for the year 1356 F but for the year 1358 F, and this entry would not have been of any avail to Adit Pande for the purposes of s. 16 of the Zamindari Abolition Act."
      },
      "explanation": null,
      "confidence": "high",
      "strength": "strong",
      "support_group_ids": [],
      "is_critical": false,
      "provenance": null
    },
    {
      "id": "e_h5_contributes_to_outcome",
      "source": "h5",
      "target": "outcome",
      "relation": "contributes_to",
      "anchor": {
        "doc_id": "sha256:bf668fa220ee",
        "start_char": 10455,
        "end_char": 10544,
        "text_hash": "631f7c9a89375eb3",
        "display_location": "0:107",
        "secondary_spans": [],
        "surface_text": "we would allow the appeal, ,set aside the order of companyviction and acquit the accused."
      },
      "explanation": null,
      "confidence": "high",
      "strength": "moderate",
      "support_group_ids": [],
      "is_critical": false,
      "provenance": null
    },
    {
      "id": "e_h6_determines_outcome",
      "source": "h6",
      "target": "outcome",
      "relation": "determines",
      "anchor": {
        "doc_id": "sha256:bf668fa220ee",
        "start_char": 10455,
        "end_char": 10544,
        "text_hash": "631f7c9a89375eb3",
        "display_location": "0:107",
        "secondary_spans": [],
        "surface_text": "we would allow the appeal, ,set aside the order of companyviction and acquit the accused."
      },
      "explanation": null,
      "confidence": "high",
      "strength": "strong",
      "support_group_ids": [],
      "is_critical": true,
      "provenance": null
    },
    {
      "id": "e_ef8755ab_9",
      "source": "h7",
      "target": "c5",
      "relation": "supports",
      "anchor": {
        "doc_id": "sha256:bf668fa220ee",
        "start_char": 5123,
        "end_char": 5400,
        "text_hash": "ec33db9c512b4fa3",
        "display_location": "0",
        "secondary_spans": [],
        "surface_text": "y herself and of Gauri Shankar and Naresh Gadaria, who had supported the statement of Mahura Kuar and had deposed that Shubh Karan sapurdar had sown b"
      },
      "explanation": "Holding h7 affirms and supports the Rule 60 requirement stated in c5",
      "confidence": "high",
      "strength": "strong",
      "support_group_ids": [],
      "is_critical": false,
      "provenance": {
        "extraction_method": "llm",
        "model_id": "grok-4-1-fast-reasoning",
        "prompt_id": null,
        "run_id": null,
        "temperature": 0.1,
        "timestamp": "2026-02-07T03:52:56.730673"
      }
    },
    {
      "id": "e_ef8755ab_8",
      "source": "i1",
      "target": "c5",
      "relation": "requires",
      "anchor": null,
      "explanation": "Determining if record knowingly framed incorrectly requires the standard for correct entries per Rule 60 in c5",
      "confidence": "inferred",
      "strength": "moderate",
      "support_group_ids": [],
      "is_critical": true,
      "provenance": {
        "extraction_method": "llm",
        "model_id": "grok-4-1-fast-reasoning",
        "prompt_id": null,
        "run_id": null,
        "temperature": 0.1,
        "timestamp": "2026-02-07T03:52:56.730673"
      }
    }
  ],
  "reasoning_chains": [
    {
      "id": "rc_i1_h2",
      "issue_id": "i1",
      "fact_ids": [],
      "concept_ids": [
        "c3",
        "c4",
        "c6"
      ],
      "argument_ids": [
        "a7"
      ],
      "holding_id": "h2",
      "edge_ids": [
        "e_9e269e06_7",
        "e_3986078e_3",
        "e_3b152ce4_3",
        "e_3b152ce4_2"
      ],
      "justification_set_id": "js1",
      "critical_nodes": [
        "c3",
        "c6"
      ],
      "narrative": "Issue i1 resolved by holding h2. Concepts: c3, c4, c6. Arguments: a7."
    },
    {
      "id": "rc_i2_h3",
      "issue_id": "i2",
      "fact_ids": [],
      "concept_ids": [
        "c7",
        "c8"
      ],
      "argument_ids": [
        "a8",
        "a6",
        "a10",
        "a9"
      ],
      "holding_id": "h3",
      "edge_ids": [
        "e_9e269e06_6",
        "e_9e269e06_5",
        "e_0a28c1e9_8",
        "e_0a28c1e9_7",
        "e_9e269e06_13",
        "e_9e269e06_8",
        "e_0a28c1e9_2",
        "e_0a28c1e9_1",
        "e_0a28c1e9_3"
      ],
      "justification_set_id": "js2",
      "critical_nodes": [
        "a8",
        "c7",
        "a10",
        "a9",
        "c8"
      ],
      "narrative": "Issue i2 resolved by holding h3. Concepts: c7, c8. Arguments: a8, a6, a10, a9."
    },
    {
      "id": "rc_i3_h4",
      "issue_id": "i3",
      "fact_ids": [],
      "concept_ids": [],
      "argument_ids": [
        "a10"
      ],
      "holding_id": "h4",
      "edge_ids": [
        "e_9e269e06_8"
      ],
      "justification_set_id": "js3",
      "critical_nodes": [
        "a10"
      ],
      "narrative": "Issue i3 resolved by holding h4. Arguments: a10."
    },
    {
      "id": "rc_i3_h5",
      "issue_id": "i3",
      "fact_ids": [],
      "concept_ids": [
        "c8"
      ],
      "argument_ids": [
        "a9"
      ],
      "holding_id": "h5",
      "edge_ids": [
        "e_0a28c1e9_2",
        "e_0a28c1e9_1",
        "e_0a28c1e9_3"
      ],
      "justification_set_id": "js4",
      "critical_nodes": [
        "a9",
        "c8"
      ],
      "narrative": "Issue i3 resolved by holding h5. Concepts: c8. Arguments: a9."
    }
  ],
  "_meta": {
    "schema_version": "2.1.2",
    "quality_tier": "silver",
    "extraction_model": "grok-4-1-fast-reasoning",
    "extraction_timestamp": "2026-02-07T03:47:50.411541",
    "retry_attempts": 0,
    "validation_warnings": [
      "JSON parse error: Unterminated string starting at: line 1 column 15277 (char 15276)"
    ],
    "cluster_membership": {
      "c1": [
        "CONST_ART136"
      ],
      "c2": [
        "UNLISTED_IPC_S218"
      ],
      "c3": [
        "CONCEPT_CRIMINAL_BREACH_TRUST"
      ],
      "c4": [
        "UNLISTED_CRPC_S145"
      ],
      "c5": [
        "DOCTRINE_PITH_AND_SUBSTANCE"
      ],
      "c6": [
        "UNLISTED_CRPC_S145"
      ],
      "c7": [
        "UNLISTED_IPC_S218"
      ],
      "c8": [
        "DOCTRINE_WEDNESBURY_UNREASONABLENESS"
      ],
      "c9": [
        "UNLISTED_IPC_S218"
      ],
      "i1": [
        "UNLISTED_IPC_S218",
        "DOCTRINE_PITH_AND_SUBSTANCE",
        "CONCEPT_CRIMINAL_BREACH_TRUST",
        "UNLISTED_CRPC_S145"
      ],
      "i2": [
        "UNLISTED_IPC_S218",
        "UNLISTED_IPC_S218",
        "UNLISTED_IPC_S218",
        "CONCEPT_CRIMINAL_BREACH_TRUST",
        "DOCTRINE_WEDNESBURY_UNREASONABLENESS"
      ],
      "i3": [
        "UNLISTED_IPC_S218",
        "UNLISTED_IPC_S218",
        "UNLISTED_IPC_S218",
        "DOCTRINE_WEDNESBURY_UNREASONABLENESS"
      ],
      "h2": [
        "UNLISTED_IPC_S218",
        "DOCTRINE_PITH_AND_SUBSTANCE",
        "CONCEPT_CRIMINAL_BREACH_TRUST",
        "UNLISTED_CRPC_S145"
      ],
      "h3": [
        "UNLISTED_IPC_S218",
        "UNLISTED_IPC_S218",
        "UNLISTED_IPC_S218",
        "CONCEPT_CRIMINAL_BREACH_TRUST",
        "DOCTRINE_WEDNESBURY_UNREASONABLENESS"
      ],
      "h4": [
        "UNLISTED_IPC_S218",
        "UNLISTED_IPC_S218",
        "UNLISTED_IPC_S218",
        "DOCTRINE_WEDNESBURY_UNREASONABLENESS"
      ],
      "h5": [
        "UNLISTED_IPC_S218",
        "UNLISTED_IPC_S218",
        "UNLISTED_IPC_S218",
        "DOCTRINE_WEDNESBURY_UNREASONABLENESS"
      ],
      "h7": [
        "DOCTRINE_PITH_AND_SUBSTANCE"
      ],
      "a1": [
        "DOCTRINE_PITH_AND_SUBSTANCE"
      ],
      "a2": [
        "UNLISTED_IPC_S218"
      ],
      "a3": [
        "UNLISTED_IPC_S218"
      ],
      "a4": [
        "UNLISTED_IPC_S218"
      ],
      "a5": [
        "DOCTRINE_PITH_AND_SUBSTANCE"
      ],
      "a6": [
        "UNLISTED_IPC_S218"
      ],
      "a7": [
        "UNLISTED_IPC_S218"
      ],
      "a8": [
        "UNLISTED_IPC_S218"
      ],
      "a9": [
        "DOCTRINE_WEDNESBURY_UNREASONABLENESS"
      ],
      "a10": [
        "UNLISTED_IPC_S218"
      ]
    },
    "cluster_summary": {
      "DOCTRINE_WEDNESBURY_UNREASONABLENESS": {
        "label": "Wednesbury Unreasonableness",
        "logic": "or",
        "facts": [],
        "concepts": [
          "c8"
        ],
        "issues": [
          "i2",
          "i3"
        ],
        "arguments": [
          "a9"
        ],
        "holdings": [
          "h3",
          "h4",
          "h5"
        ],
        "precedents": []
      },
      "DOCTRINE_PITH_AND_SUBSTANCE": {
        "label": "Pith and Substance",
        "logic": "and",
        "facts": [],
        "concepts": [
          "c5"
        ],
        "issues": [
          "i1"
        ],
        "arguments": [
          "a1",
          "a5"
        ],
        "holdings": [
          "h2",
          "h7"
        ],
        "precedents": []
      },
      "CONCEPT_CRIMINAL_BREACH_TRUST": {
        "label": "Criminal Breach Trust",
        "logic": "and",
        "facts": [],
        "concepts": [
          "c3"
        ],
        "issues": [
          "i1",
          "i2"
        ],
        "arguments": [],
        "holdings": [
          "h2",
          "h3"
        ],
        "precedents": []
      },
      "CONST_ART136": {
        "label": "CONST_ART136",
        "logic": "and",
        "facts": [],
        "concepts": [
          "c1"
        ],
        "issues": [],
        "arguments": [],
        "holdings": [],
        "precedents": []
      },
      "UNLISTED_IPC_S218": {
        "label": "Section 218 IPC",
        "logic": "and",
        "facts": [],
        "concepts": [
          "c2",
          "c7",
          "c9"
        ],
        "issues": [
          "i1",
          "i2",
          "i2",
          "i2",
          "i3",
          "i3",
          "i3"
        ],
        "arguments": [
          "a2",
          "a3",
          "a4",
          "a6",
          "a7",
          "a8",
          "a10"
        ],
        "holdings": [
          "h2",
          "h3",
          "h3",
          "h3",
          "h4",
          "h4",
          "h4",
          "h5",
          "h5",
          "h5"
        ],
        "precedents": []
      },
      "UNLISTED_CRPC_S145": {
        "label": "Section 145 CrPC",
        "logic": "and",
        "facts": [],
        "concepts": [
          "c4",
          "c6"
        ],
        "issues": [
          "i1"
        ],
        "arguments": [],
        "holdings": [
          "h2"
        ],
        "precedents": []
      }
    }
  }
}