{
  "case_id": "1951_62",
  "case_name": null,
  "case_year": null,
  "court": null,
  "judges": [],
  "facts": [],
  "concepts": [
    {
      "id": "c1",
      "type": "concept",
      "concept_id": "UNLISTED_SPECIFIC_PERFORMANCE",
      "anchor": {
        "doc_id": "sha256:df0e254f7345",
        "start_char": 678,
        "end_char": 697,
        "text_hash": "af6fbbd85bcec72d",
        "display_location": "0:8",
        "secondary_spans": [],
        "surface_text": "specific performance of a companytract."
      },
      "relevance": "central",
      "kind": "doctrine",
      "interpretation": null,
      "interpretation_anchor": null,
      "unlisted_label": "Specific Performance",
      "unlisted_description": "Equitable remedy for enforcement of contract",
      "confidence": "high",
      "provenance": {
        "extraction_method": "llm",
        "model_id": "grok-4-1-fast-reasoning",
        "prompt_id": null,
        "run_id": null,
        "temperature": 0.1,
        "timestamp": "2026-02-04T23:22:31.231464"
      }
    },
    {
      "id": "c2",
      "type": "concept",
      "concept_id": "UNLISTED_CPC_SECTION_109",
      "anchor": {
        "doc_id": "sha256:df0e254f7345",
        "start_char": 4521,
        "end_char": 4572,
        "text_hash": "b6e6f58147ff0463",
        "display_location": "0:38",
        "secondary_spans": [],
        "surface_text": "certificate under section 109  c  of the Civil Procedure Code"
      },
      "relevance": "mentioned",
      "kind": "statute_section",
      "interpretation": null,
      "interpretation_anchor": null,
      "unlisted_label": "Section 109(c) CPC",
      "unlisted_description": "Provision for certificate to appeal to higher court (Privy Council/SC)",
      "confidence": "high",
      "provenance": {
        "extraction_method": "llm",
        "model_id": "grok-4-1-fast-reasoning",
        "prompt_id": null,
        "run_id": null,
        "temperature": 0.1,
        "timestamp": "2026-02-04T23:22:31.231464"
      }
    },
    {
      "id": "c3",
      "type": "concept",
      "concept_id": "UNLISTED_CONCLUDED_CONTRACT",
      "anchor": {
        "doc_id": "sha256:df0e254f7345",
        "start_char": 3608,
        "end_char": 3633,
        "text_hash": "442987556df2f1dc",
        "display_location": "0:32",
        "secondary_spans": [],
        "surface_text": "companycluded companytract"
      },
      "relevance": "central",
      "kind": "definition",
      "interpretation": "A contract is concluded only if there is a valid offer and acceptance; mere counter-offer or price quote does not suffice.",
      "interpretation_anchor": {
        "doc_id": "sha256:df0e254f7345",
        "start_char": 3640,
        "end_char": 5000,
        "text_hash": "23f43a0733cfa083",
        "display_location": "0",
        "secondary_spans": [],
        "surface_text": "ereby companyfirm my oral offer of ten thousand for the bungalow. I shall be grateful if you will kindly hurry up with companysultation with your lawy"
      },
      "unlisted_label": "Concluded Contract",
      "unlisted_description": "Completed agreement through offer and acceptance",
      "confidence": "high",
      "provenance": {
        "extraction_method": "llm",
        "model_id": "grok-4-1-fast-reasoning",
        "prompt_id": null,
        "run_id": null,
        "temperature": 0.1,
        "timestamp": "2026-02-04T23:22:31.231464"
      }
    },
    {
      "id": "c4",
      "type": "concept",
      "concept_id": "UNLISTED_COUNTER_OFFER",
      "anchor": {
        "doc_id": "sha256:df0e254f7345",
        "start_char": 2435,
        "end_char": 2453,
        "text_hash": "10ee3bc3431ced17",
        "display_location": "0",
        "secondary_spans": [],
        "surface_text": "companynter-offer made"
      },
      "relevance": "central",
      "kind": "doctrine",
      "interpretation": "Cable stating 'Wont accept less than rupees ten thousand' held not a counter-offer but mere information inviting offers.",
      "interpretation_anchor": {
        "doc_id": "sha256:df0e254f7345",
        "start_char": 5000,
        "end_char": 5800,
        "text_hash": "d499a75c2de6b38a",
        "display_location": "0",
        "secondary_spans": [],
        "surface_text": " call from White a day or two ago and he tells me that he cabled an offer on the same day of Rs. 11,000. I expect you will have answered these and wil"
      },
      "unlisted_label": "Counter-Offer",
      "unlisted_description": "Response to offer that rejects it and proposes new terms",
      "confidence": "high",
      "provenance": {
        "extraction_method": "llm",
        "model_id": "grok-4-1-fast-reasoning",
        "prompt_id": null,
        "run_id": null,
        "temperature": 0.1,
        "timestamp": "2026-02-04T23:22:31.231464"
      }
    },
    {
      "id": "c5",
      "type": "concept",
      "concept_id": "UNLISTED_PRICE_QUOTE_NOT_OFFER",
      "anchor": {
        "doc_id": "sha256:df0e254f7345",
        "start_char": 5132,
        "end_char": 5151,
        "text_hash": "c0c28451c90ed9f0",
        "display_location": "0:45",
        "secondary_spans": [],
        "surface_text": "Harvey v. Facey 1"
      },
      "relevance": "central",
      "kind": "doctrine",
      "interpretation": "Mere statement of lowest price does not imply an offer to sell; it answers only the price query, leaving everything else open; requires acceptance to form contract.",
      "interpretation_anchor": {
        "doc_id": "sha256:df0e254f7345",
        "start_char": 5160,
        "end_char": 6200,
        "text_hash": "d09e11559d855ba1",
        "display_location": "0",
        "secondary_spans": [],
        "surface_text": "epted Whites offer. If you have decided will you please arrange for a Power-of-Attorney to be prepared as soon as possible. In the meantime, the first"
      },
      "unlisted_label": "Price Quotation Not an Offer (Harvey v Facey)",
      "unlisted_description": "Principle that supplying lowest price is not an unconditional offer to sell",
      "confidence": "high",
      "provenance": {
        "extraction_method": "llm",
        "model_id": "grok-4-1-fast-reasoning",
        "prompt_id": null,
        "run_id": null,
        "temperature": 0.1,
        "timestamp": "2026-02-04T23:22:31.231464"
      }
    },
    {
      "id": "c6",
      "type": "concept",
      "concept_id": "UNLISTED_SPECIFIC_PERFORMANCE",
      "anchor": {
        "doc_id": "sha256:df0e254f7345",
        "start_char": 4715,
        "end_char": 4734,
        "text_hash": "5c324374ed02fa0a",
        "display_location": "0:40",
        "secondary_spans": [],
        "surface_text": "specific performance"
      },
      "relevance": "central",
      "kind": "doctrine",
      "interpretation": "Denied due to absence of concluded contract; compensation awarded instead.",
      "interpretation_anchor": {
        "doc_id": "sha256:df0e254f7345",
        "start_char": 4735,
        "end_char": 4800,
        "text_hash": "cd9b4c266d004903",
        "display_location": "0:40",
        "secondary_spans": [],
        "surface_text": "dant in which he wrote as follows --- Thank you for your airgraph"
      },
      "unlisted_label": "Specific Performance",
      "unlisted_description": "Equitable remedy for enforcement of contract",
      "confidence": "high",
      "provenance": {
        "extraction_method": "llm",
        "model_id": "grok-4-1-fast-reasoning",
        "prompt_id": null,
        "run_id": null,
        "temperature": 0.1,
        "timestamp": "2026-02-04T23:22:31.231464"
      }
    },
    {
      "id": "c7",
      "type": "concept",
      "concept_id": "UNLISTED_COUNTER_OFFER",
      "anchor": {
        "doc_id": "sha256:df0e254f7345",
        "start_char": 5792,
        "end_char": 5810,
        "text_hash": "dc6db111dc2cf603",
        "display_location": "0:50",
        "secondary_spans": [],
        "surface_text": "companynter-offer"
      },
      "relevance": "supporting",
      "kind": "doctrine",
      "interpretation": "Parties' subsequent conduct treated the price statement as invitation to offer, not counter-offer.",
      "interpretation_anchor": {
        "doc_id": "sha256:df0e254f7345",
        "start_char": 5811,
        "end_char": 6500,
        "text_hash": "cd3f914c2af0ce66",
        "display_location": "0",
        "secondary_spans": [],
        "surface_text": "favour of the plaintiff on the 14th August, as stated by him in the plaint. The Judicial Commissioner of Coorg who tried the suit held that there was "
      },
      "unlisted_label": "Counter-Offer",
      "unlisted_description": "Response to offer that rejects it and proposes new terms",
      "confidence": "high",
      "provenance": {
        "extraction_method": "llm",
        "model_id": "grok-4-1-fast-reasoning",
        "prompt_id": null,
        "run_id": null,
        "temperature": 0.1,
        "timestamp": "2026-02-04T23:22:31.231464"
      }
    }
  ],
  "issues": [
    {
      "id": "i1",
      "type": "issue",
      "text": "The question to be decided in this case is whether in view of the correspondence which has been reproduced, it could be held that there was a concluded contract for the sale of Morvern Lodge in favour of the plaintiff on the 14th August, as stated by him in the plaint.",
      "anchor": {
        "doc_id": "sha256:df0e254f7345",
        "start_char": 3552,
        "end_char": 3832,
        "text_hash": "aafb619753916bbd",
        "display_location": "0",
        "secondary_spans": [],
        "surface_text": "The question to be decided in this case is whether in view of the companyrespondence which has been reproduced, it companyld be held that there was a companycluded companytract for the sale of Morvern Lodge in favour of the plaintiff on the 14th August, as s"
      },
      "issue_number": null,
      "framed_by": "court",
      "primary_concepts": [
        "c1",
        "c3",
        "c6"
      ],
      "answer": "no",
      "confidence": "high",
      "provenance": {
        "extraction_method": "llm",
        "model_id": "grok-4-1-fast-reasoning",
        "prompt_id": null,
        "run_id": null,
        "temperature": 0.1,
        "timestamp": "2026-02-04T23:23:23.264584"
      }
    },
    {
      "id": "i2",
      "type": "issue",
      "text": "The real question is whether the first defendant had made a counter-offer in his cable of the 5th August or he was merely inviting offers.",
      "anchor": {
        "doc_id": "sha256:df0e254f7345",
        "start_char": 9123,
        "end_char": 9256,
        "text_hash": "975a403fef9857dd",
        "display_location": "0:79",
        "secondary_spans": [],
        "surface_text": "The real question is whether the first defendant had made a companynter-offer in his cable of the 5th August or he was merely inviting offers. The plaintiff in his letter of the 14th August addressed to Youngman, stated that he companyfirmed his oral offer"
      },
      "issue_number": null,
      "framed_by": "court",
      "primary_concepts": [
        "c4",
        "c5",
        "c7"
      ],
      "answer": "no",
      "confidence": "high",
      "provenance": {
        "extraction_method": "llm",
        "model_id": "grok-4-1-fast-reasoning",
        "prompt_id": null,
        "run_id": null,
        "temperature": 0.1,
        "timestamp": "2026-02-04T23:23:23.264584"
      }
    }
  ],
  "arguments": [
    {
      "id": "a1",
      "type": "argument",
      "claim": "There was a concluded contract for the sale of Morvern Lodge in favour of the plaintiff on the 14th August",
      "anchor": {
        "doc_id": "sha256:df0e254f7345",
        "start_char": 3854,
        "end_char": 3932,
        "text_hash": "202a04e135941b9a",
        "display_location": "0",
        "secondary_spans": [],
        "surface_text": "The Judicial Commissioner of Coorg who tried the suit held that there was a concluded contract, but, instead of giving to the plaintiff a decree for specific performance, awarded a sum of Rs. 3,000 as compensation to him."
      },
      "actor": "lower_court",
      "schemes": [
        "evidence_sufficiency"
      ],
      "qualifiers": null,
      "court_response": "rejected",
      "court_response_anchor": {
        "doc_id": "sha256:df0e254f7345",
        "start_char": 4520,
        "end_char": 5000,
        "text_hash": "a79af7a324531d69",
        "display_location": "0",
        "secondary_spans": [],
        "surface_text": "owing terms- Hold offer for Morvern Bungalow rupees eleven thousand cash subject immediately acceptance and occupation. Strongly recommend acceptance."
      },
      "court_reasoning": "Difficult to hold on entire facts; supported by Harvey v Facey; subsequent conduct shows invitation to offer",
      "confidence": "high",
      "provenance": {
        "extraction_method": "llm",
        "model_id": "grok-4-1-fast-reasoning",
        "prompt_id": null,
        "run_id": null,
        "temperature": 0.1,
        "timestamp": "2026-02-04T23:25:02.536637"
      }
    },
    {
      "id": "a2",
      "type": "argument",
      "claim": "The cable 'Wont accept less than rupees ten thousand' was a counter-offer made by the first defendant through Youngman to the plaintiff, and the contract was complete upon acceptance",
      "anchor": {
        "doc_id": "sha256:df0e254f7345",
        "start_char": 5001,
        "end_char": 5220,
        "text_hash": "c28a257ff1839d9d",
        "display_location": "0",
        "secondary_spans": [],
        "surface_text": "The plaintiffs case is that the cable sent by the first defendant on the 5th August, and received by Youngman on the 8th, to the effect that he would not accept less than Rs. 10,000, was a counter-offer made by him through Youngman to the plaintiff, and the contract was complete as soon as he accepted it."
      },
      "actor": "petitioner",
      "schemes": [
        "textual",
        "rule_application"
      ],
      "qualifiers": null,
      "court_response": "rejected",
      "court_response_anchor": {
        "doc_id": "sha256:df0e254f7345",
        "start_char": 5221,
        "end_char": 5800,
        "text_hash": "54faa773cdccadd5",
        "display_location": "0",
        "secondary_spans": [],
        "surface_text": "ge for a Power-of-Attorney to be prepared as soon as possible. In the meantime, the first defendant sent a cable to White to the following effect- Acc"
      },
      "court_reasoning": "Difficult to hold; Harvey v Facey similar; parties' subsequent conduct treated as invitation to offer, not counter-offer",
      "confidence": "high",
      "provenance": {
        "extraction_method": "llm",
        "model_id": "grok-4-1-fast-reasoning",
        "prompt_id": null,
        "run_id": null,
        "temperature": 0.1,
        "timestamp": "2026-02-04T23:25:02.536637"
      }
    },
    {
      "id": "a3",
      "type": "argument",
      "claim": "No concluded contract on 14th August 1944",
      "anchor": {
        "doc_id": "sha256:df0e254f7345",
        "start_char": 5221,
        "end_char": 5280,
        "text_hash": "9bc5ef51c57d3ad5",
        "display_location": "0:46",
        "secondary_spans": [],
        "surface_text": "We however find it difficult to hold on the entire facts of the case that there was any concluded contract on the 14th August, 1944, and we are supported in this view by the well-known case of Harvey v. Facey 1"
      },
      "actor": "court",
      "schemes": [
        "evidence_sufficiency",
        "precedent_analogy"
      ],
      "qualifiers": "difficult to hold",
      "court_response": null,
      "court_response_anchor": null,
      "court_reasoning": null,
      "confidence": "high",
      "provenance": {
        "extraction_method": "llm",
        "model_id": "grok-4-1-fast-reasoning",
        "prompt_id": null,
        "run_id": null,
        "temperature": 0.1,
        "timestamp": "2026-02-04T23:25:02.536637"
      }
    },
    {
      "id": "a4",
      "type": "argument",
      "claim": "First defendant's cable was mere statement of price like in Harvey v Facey, not unconditional offer or counter-offer; everything else left open",
      "anchor": {
        "doc_id": "sha256:df0e254f7345",
        "start_char": 5400,
        "end_char": 6200,
        "text_hash": "2da935a664868aca",
        "display_location": "0",
        "secondary_spans": [],
        "surface_text": "In that case... Their Lordships cannot treat the telegram from L.M. Facey as binding him in any respect, except to the extent it does by its terms, viz., the lowest price. Everything else is left open... mere statement of the lowest price... contains no implied contract to sell"
      },
      "actor": "court",
      "schemes": [
        "precedent_following",
        "precedent_analogy",
        "textual"
      ],
      "qualifiers": null,
      "court_response": null,
      "court_response_anchor": null,
      "court_reasoning": null,
      "confidence": "high",
      "provenance": {
        "extraction_method": "llm",
        "model_id": "grok-4-1-fast-reasoning",
        "prompt_id": null,
        "run_id": null,
        "temperature": 0.1,
        "timestamp": "2026-02-04T23:25:02.536637"
      }
    },
    {
      "id": "a5",
      "type": "argument",
      "claim": "Subsequent correspondence shows parties treated the cable as invitation to offers, not counter-offer",
      "anchor": {
        "doc_id": "sha256:df0e254f7345",
        "start_char": 6500,
        "end_char": 7100,
        "text_hash": "1365787cc5a74a84",
        "display_location": "0",
        "secondary_spans": [],
        "surface_text": "The conclusion at which we have arrived is strengthened by certain facts which emerge from the correspondence between the parties. The real question is whether the first defendant had made a counter-offer... Neither party thus treated the first defendants cable as containing a counter-offer. On the other hand, they proceeded on the footing that the plaintiff had made an offer of Rs. 10,000 which was subject to acceptance by the first defendant."
      },
      "actor": "court",
      "schemes": [
        "evidence_sufficiency",
        "evidence_credibility"
      ],
      "qualifiers": null,
      "court_response": null,
      "court_response_anchor": null,
      "court_reasoning": null,
      "confidence": "high",
      "provenance": {
        "extraction_method": "llm",
        "model_id": "grok-4-1-fast-reasoning",
        "prompt_id": null,
        "run_id": null,
        "temperature": 0.1,
        "timestamp": "2026-02-04T23:25:02.536637"
      }
    },
    {
      "id": "a6",
      "type": "argument",
      "claim": "Youngman came under influence of rival bidder or White, and deliberately framed cable on 26th August to prejudice the plaintiff",
      "anchor": {
        "doc_id": "sha256:df0e254f7345",
        "start_char": 7500,
        "end_char": 7700,
        "text_hash": "022e578d57fbb8d5",
        "display_location": "0",
        "secondary_spans": [],
        "surface_text": "Mr. Jindra Lal, counsel for the plaintiff... contended that by the 26th August, 1944, Youngman had come under the influence of the rival bidder or at least that of White who was supporting him, and the cable to the first defendant was deliberately framed by Youngman, in such a way as to prejudice the plaintiff."
      },
      "actor": "petitioner",
      "schemes": [
        "evidence_credibility",
        "other"
      ],
      "qualifiers": null,
      "court_response": "rejected",
      "court_response_anchor": {
        "doc_id": "sha256:df0e254f7345",
        "start_char": 7701,
        "end_char": 7850,
        "text_hash": "35241f9672c7b8c6",
        "display_location": "0",
        "secondary_spans": [],
        "surface_text": "am from L.M. Facey as binding him in any respect, except to the extent it does by its terms, viz., the lowest price. Everything else is left open, an"
      },
      "court_reasoning": "Nothing in the evidence to support such an extreme conclusion; Youngman frankly stated he felt improper to entertain higher offer and did not communicate it",
      "confidence": "high",
      "provenance": {
        "extraction_method": "llm",
        "model_id": "grok-4-1-fast-reasoning",
        "prompt_id": null,
        "run_id": null,
        "temperature": 0.1,
        "timestamp": "2026-02-04T23:25:02.536637"
      }
    },
    {
      "id": "a7",
      "type": "argument",
      "claim": "Specific performance should be decreed",
      "anchor": {
        "doc_id": "sha256:df0e254f7345",
        "start_char": 678,
        "end_char": 697,
        "text_hash": "af6fbbd85bcec72d",
        "display_location": "0:8",
        "secondary_spans": [],
        "surface_text": "specific performance of a contract."
      },
      "actor": "petitioner",
      "schemes": [
        "rule_application"
      ],
      "qualifiers": null,
      "court_response": "rejected",
      "court_response_anchor": {
        "doc_id": "sha256:df0e254f7345",
        "start_char": 4715,
        "end_char": 4800,
        "text_hash": "4fa57358acbb0003",
        "display_location": "0:40",
        "secondary_spans": [],
        "surface_text": "h to the first defendant in which he wrote as follows --- Thank you for your airgraph"
      },
      "court_reasoning": "Absence of concluded contract; lower court also denied and awarded compensation instead",
      "confidence": "high",
      "provenance": {
        "extraction_method": "llm",
        "model_id": "grok-4-1-fast-reasoning",
        "prompt_id": null,
        "run_id": null,
        "temperature": 0.1,
        "timestamp": "2026-02-04T23:25:02.536637"
      }
    },
    {
      "id": "a8",
      "type": "argument",
      "claim": "There was a concluded contract but specific performance denied; Rs 3000 compensation awarded",
      "anchor": {
        "doc_id": "sha256:df0e254f7345",
        "start_char": 3900,
        "end_char": 4100,
        "text_hash": "30796fab2749db63",
        "display_location": "0",
        "secondary_spans": [],
        "surface_text": "The Judicial Commissioner of Coorg who tried the suit held that there was a concluded contract, but, instead of giving to the plaintiff a decree for specific performance, awarded a sum of Rs. 3,000 as compensation to him."
      },
      "actor": "lower_court",
      "schemes": [
        "rule_application",
        "balancing"
      ],
      "qualifiers": null,
      "court_response": "partly_accepted",
      "court_response_anchor": {
        "doc_id": "sha256:df0e254f7345",
        "start_char": 4521,
        "end_char": 5000,
        "text_hash": "5ffb72dc33f0e14d",
        "display_location": "0",
        "secondary_spans": [],
        "surface_text": "wing terms- Hold offer for Morvern Bungalow rupees eleven thousand cash subject immediately acceptance and occupation. Strongly recommend acceptance. "
      },
      "court_reasoning": "Contract existence rejected; compensation not addressed as no cross-appeal",
      "confidence": "high",
      "provenance": {
        "extraction_method": "llm",
        "model_id": "grok-4-1-fast-reasoning",
        "prompt_id": null,
        "run_id": null,
        "temperature": 0.1,
        "timestamp": "2026-02-04T23:25:02.536637"
      }
    }
  ],
  "holdings": [
    {
      "id": "h1",
      "type": "holding",
      "text": "We however find it difficult to hold on the entire facts of the case that there was any concluded contract on the 14th August, 1944",
      "anchor": {
        "doc_id": "sha256:df0e254f7345",
        "start_char": 5221,
        "end_char": 5280,
        "text_hash": "9bc5ef51c57d3ad5",
        "display_location": "0:46",
        "secondary_spans": [],
        "surface_text": "We however find it difficult to hold on the entire facts of the case that there was any concluded contract on the 14th August, 1944, and we are supported in this view by the well-known case of Harvey v. Facey 1"
      },
      "resolves_issue": "i1",
      "is_ratio": true,
      "novel": false,
      "reasoning_summary": "Entire facts of case make it difficult to hold concluded contract; supported by Harvey v. Facey precedent where price statement not offer",
      "schemes": [
        "evidence_sufficiency",
        "precedent_analogy"
      ],
      "confidence": "high",
      "provenance": {
        "extraction_method": "llm",
        "model_id": "grok-4-1-fast-reasoning",
        "prompt_id": null,
        "run_id": null,
        "temperature": 0.1,
        "timestamp": "2026-02-04T23:25:50.230512"
      }
    },
    {
      "id": "h2",
      "type": "holding",
      "text": "Their Lordships cannot treat the telegram from L.M. Facey as binding him in any respect, except to the extent it does by its terms, viz., the lowest price. Everything else is left open",
      "anchor": {
        "doc_id": "sha256:df0e254f7345",
        "start_char": 5400,
        "end_char": 5550,
        "text_hash": "cfc0418729abb697",
        "display_location": "0",
        "secondary_spans": [],
        "surface_text": "In that case... Their Lordships cannot treat the telegram from L.M. Facey as binding him in any respect, except to the extent it does by its terms, viz., the lowest price. Everything else is left open... mere statement of the lowest price... contains no implied contract to sell"
      },
      "resolves_issue": "i1",
      "is_ratio": true,
      "novel": false,
      "reasoning_summary": "Direct application of Harvey v. Facey to facts: defendant's cable analogous to Facey's telegram, mere price info not binding offer or counter-offer",
      "schemes": [
        "precedent_following",
        "precedent_analogy",
        "textual"
      ],
      "confidence": "high",
      "provenance": {
        "extraction_method": "llm",
        "model_id": "grok-4-1-fast-reasoning",
        "prompt_id": null,
        "run_id": null,
        "temperature": 0.1,
        "timestamp": "2026-02-04T23:25:50.230512"
      }
    },
    {
      "id": "h3",
      "type": "holding",
      "text": "Neither party thus treated the first defendants cable as containing a counter-offer. On the other hand, they proceeded on the footing that the plaintiff had made an offer of Rs. 10,000 which was subject to acceptance by the first defendant.",
      "anchor": {
        "doc_id": "sha256:df0e254f7345",
        "start_char": 6500,
        "end_char": 7100,
        "text_hash": "1365787cc5a74a84",
        "display_location": "0",
        "secondary_spans": [],
        "surface_text": "The conclusion at which we have arrived is strengthened by certain facts which emerge from the correspondence between the parties. The real question is whether the first defendant had made a counter-offer... Neither party thus treated the first defendants cable as containing a counter-offer. On the other hand, they proceeded on the footing that the plaintiff had made an offer of Rs. 10,000 which was subject to acceptance by the first defendant."
      },
      "resolves_issue": "i2",
      "is_ratio": true,
      "novel": false,
      "reasoning_summary": "Parties' correspondence and conduct show cable treated as invitation to offer, not counter-offer; plaintiff confirmed 'his oral offer', Youngman asked 'May I sell'",
      "schemes": [
        "evidence_sufficiency",
        "evidence_credibility"
      ],
      "confidence": "high",
      "provenance": {
        "extraction_method": "llm",
        "model_id": "grok-4-1-fast-reasoning",
        "prompt_id": null,
        "run_id": null,
        "temperature": 0.1,
        "timestamp": "2026-02-04T23:25:50.230512"
      }
    },
    {
      "id": "h4",
      "type": "holding",
      "text": "There is however nothing in the evidence to support such an extreme conclusion.",
      "anchor": {
        "doc_id": "sha256:df0e254f7345",
        "start_char": 7701,
        "end_char": 7850,
        "text_hash": "35241f9672c7b8c6",
        "display_location": "0",
        "secondary_spans": [],
        "surface_text": "There is however nothing in the evidence to support such an extreme conclusion. On the other hand, Youngman has frankly stated in his evidence that he felt it improper to entertain Subbayyas higher offer and did not communicate it to the first defendant."
      },
      "resolves_issue": null,
      "is_ratio": false,
      "novel": false,
      "reasoning_summary": "No evidence supports claim of deliberate prejudice by Youngman; his testimony credible and consistent with cables",
      "schemes": [
        "evidence_sufficiency"
      ],
      "confidence": "high",
      "provenance": {
        "extraction_method": "llm",
        "model_id": "grok-4-1-fast-reasoning",
        "prompt_id": null,
        "run_id": null,
        "temperature": 0.1,
        "timestamp": "2026-02-04T23:25:50.230512"
      }
    }
  ],
  "precedents": [
    {
      "id": "p1",
      "type": "precedent",
      "citation": "Harvey v. Facey 1 1893 A.C. 552",
      "anchor": {
        "doc_id": "sha256:df0e254f7345",
        "start_char": 5487,
        "end_char": 5504,
        "text_hash": "e6c3c795de73aa64",
        "display_location": "0:47",
        "secondary_spans": [],
        "surface_text": "Harvey v. Facey 1 , in which the facts were somewhat similar to those of the present case. In that case, the appellants had telegraphed to the respondents Will you sell us B.H.P.? Telegraph lowest cash price , and the respondents had telegraphed in reply, Lowest price for B.H.P. pound 900, and then the appellants telegraphed,"
      },
      "case_name": "Harvey v. Facey",
      "case_year": 1893,
      "cited_case_id": null,
      "cited_proposition": "A mere statement of lowest price in response to inquiry is not an unconditional offer to sell but only provides the price information, leaving the offer to sell open for acceptance",
      "cited_holding": "The telegram from L.M. Facey stating his lowest price as an unconditional offer to sell to them at the price named. Their Lordships cannot treat the telegram from L.M. Facey as binding him in any respect, except to the extent it does by its terms, viz., the lowest price. Everything else is left open",
      "treatment": "followed",
      "relevance": "central",
      "confidence": "high",
      "provenance": {
        "extraction_method": "llm",
        "model_id": "grok-4-1-fast-reasoning",
        "prompt_id": null,
        "run_id": null,
        "temperature": 0.1,
        "timestamp": "2026-02-04T23:26:14.063597"
      }
    }
  ],
  "justification_sets": [
    {
      "id": "js1",
      "type": "justification_set",
      "target_id": "h1",
      "logic": "and",
      "label": "Specific Performance support",
      "is_primary": true,
      "confidence": "high",
      "provenance": null
    },
    {
      "id": "js2",
      "type": "justification_set",
      "target_id": "h3",
      "logic": "and",
      "label": "Counter-Offer support",
      "is_primary": true,
      "confidence": "high",
      "provenance": null
    }
  ],
  "outcome": {
    "id": "outcome",
    "type": "outcome",
    "disposition": "allowed",
    "anchor": {
      "doc_id": "sha256:df0e254f7345",
      "start_char": 6990,
      "end_char": 7240,
      "text_hash": "cfecdd3dfc0b9952",
      "display_location": "0",
      "secondary_spans": [],
      "surface_text": "We however find it difficult to hold on the entire facts of the case that there was any concluded contract on the 14th August, 1944, and we are supported in this view by the well-known case of Harvey v. Facey"
    },
    "binary": "accepted",
    "relief_summary": "difficult to hold that there was any concluded contract",
    "costs": null,
    "directions": [],
    "provenance": {
      "extraction_method": "llm",
      "model_id": "grok-4-1-fast-reasoning",
      "prompt_id": null,
      "run_id": null,
      "temperature": 0.1,
      "timestamp": "2026-02-04T23:27:22.481702"
    }
  },
  "edges": [
    {
      "id": "e_c22f534f_5",
      "source": "a1",
      "target": "h1",
      "relation": "supports",
      "anchor": {
        "doc_id": "sha256:df0e254f7345",
        "start_char": 3854,
        "end_char": 3932,
        "text_hash": "202a04e135941b9a",
        "display_location": "0",
        "secondary_spans": [],
        "surface_text": "d over the bungalow as early as practicable. It appears that three days later,"
      },
      "explanation": "The argument stating it is difficult to hold a concluded contract existed on the entire facts, citing Harvey v Facey, supports the similar holding.",
      "confidence": "high",
      "strength": "moderate",
      "support_group_ids": [
        "js1"
      ],
      "is_critical": true,
      "provenance": {
        "extraction_method": "llm",
        "model_id": "grok-4-1-fast-reasoning",
        "prompt_id": null,
        "run_id": null,
        "temperature": 0.1,
        "timestamp": "2026-02-04T23:29:06.040199"
      }
    },
    {
      "id": "e_c22f534f_6",
      "source": "a1",
      "target": "i1",
      "relation": "addresses",
      "anchor": {
        "doc_id": "sha256:df0e254f7345",
        "start_char": 3854,
        "end_char": 3932,
        "text_hash": "202a04e135941b9a",
        "display_location": "0",
        "secondary_spans": [],
        "surface_text": "d over the bungalow as early as practicable. It appears that three days later,"
      },
      "explanation": "The argument addresses the issue by contending it is difficult to hold a concluded contract for the sale on 14th August based on facts and precedent.",
      "confidence": "high",
      "strength": "moderate",
      "support_group_ids": [],
      "is_critical": false,
      "provenance": {
        "extraction_method": "llm",
        "model_id": "grok-4-1-fast-reasoning",
        "prompt_id": null,
        "run_id": null,
        "temperature": 0.1,
        "timestamp": "2026-02-04T23:29:06.040199"
      }
    },
    {
      "id": "e_f4ee0766_7",
      "source": "a2",
      "target": "c4",
      "relation": "claims_satisfies",
      "anchor": null,
      "explanation": "Argument a2 claims the exact cable described in c4 satisfies the counter-offer concept.",
      "confidence": "inferred",
      "strength": "strong",
      "support_group_ids": [],
      "is_critical": false,
      "provenance": {
        "extraction_method": "llm",
        "model_id": "grok-4-1-fast-reasoning",
        "prompt_id": null,
        "run_id": null,
        "temperature": 0.1,
        "timestamp": "2026-02-04T23:29:44.668515"
      }
    },
    {
      "id": "e_f4ee0766_8",
      "source": "a2",
      "target": "h3",
      "relation": "rebuts",
      "anchor": null,
      "explanation": "Argument a2 claiming the cable was a counter-offer rebuts holding h3 that parties did not treat it as such.",
      "confidence": "inferred",
      "strength": "moderate",
      "support_group_ids": [],
      "is_critical": false,
      "provenance": {
        "extraction_method": "llm",
        "model_id": "grok-4-1-fast-reasoning",
        "prompt_id": null,
        "run_id": null,
        "temperature": 0.1,
        "timestamp": "2026-02-04T23:29:44.668515"
      }
    },
    {
      "id": "e_f4ee0766_1",
      "source": "a2",
      "target": "i2",
      "relation": "addresses",
      "anchor": null,
      "explanation": "Argument a2 claims the specific cable was a counter-offer, directly addressing the issue i2 of whether the defendant's cable was a counter-offer or mere invitation to offers.",
      "confidence": "inferred",
      "strength": "strong",
      "support_group_ids": [],
      "is_critical": true,
      "provenance": {
        "extraction_method": "llm",
        "model_id": "grok-4-1-fast-reasoning",
        "prompt_id": null,
        "run_id": null,
        "temperature": 0.1,
        "timestamp": "2026-02-04T23:29:44.668515"
      }
    },
    {
      "id": "e_5f1e5bf7_8",
      "source": "a3",
      "target": "c6",
      "relation": "supports",
      "anchor": null,
      "explanation": "Argument of no concluded contract supports the concept of specific performance being denied due to absence of contract.",
      "confidence": "inferred",
      "strength": "moderate",
      "support_group_ids": [],
      "is_critical": false,
      "provenance": {
        "extraction_method": "llm",
        "model_id": "grok-4-1-fast-reasoning",
        "prompt_id": null,
        "run_id": null,
        "temperature": 0.1,
        "timestamp": "2026-02-04T23:28:14.523943"
      }
    },
    {
      "id": "e_5f1e5bf7_2",
      "source": "a3",
      "target": "h1",
      "relation": "supports",
      "anchor": {
        "doc_id": "sha256:df0e254f7345",
        "start_char": 5221,
        "end_char": 5280,
        "text_hash": "9bc5ef51c57d3ad5",
        "display_location": "0:46",
        "secondary_spans": [],
        "surface_text": "ge for a Power-of-Attorney to be prepared as soon as possib"
      },
      "explanation": "Identical character span and content; argument of no concluded contract supports the holding.",
      "confidence": "high",
      "strength": "strong",
      "support_group_ids": [
        "js1"
      ],
      "is_critical": true,
      "provenance": {
        "extraction_method": "llm",
        "model_id": "grok-4-1-fast-reasoning",
        "prompt_id": null,
        "run_id": null,
        "temperature": 0.1,
        "timestamp": "2026-02-04T23:28:14.523943"
      }
    },
    {
      "id": "e_9c1a5a62_4",
      "source": "a4",
      "target": "c5",
      "relation": "claims_satisfies",
      "anchor": {
        "doc_id": "sha256:df0e254f7345",
        "start_char": 5400,
        "end_char": 6200,
        "text_hash": "2da935a664868aca",
        "display_location": "0",
        "secondary_spans": [],
        "surface_text": "rvern Lodge occupation permitted when full amount deposited my account Mercantile Bank Madras inform Youngman. Thereafter, the second defendant paid t"
      },
      "explanation": "Argument a4 claims the facts of the first defendant's cable satisfy concept c5 by analogizing it as a mere price statement like Harvey v Facey, leaving everything else open",
      "confidence": "high",
      "strength": "moderate",
      "support_group_ids": [],
      "is_critical": true,
      "provenance": {
        "extraction_method": "llm",
        "model_id": "grok-4-1-fast-reasoning",
        "prompt_id": null,
        "run_id": null,
        "temperature": 0.1,
        "timestamp": "2026-02-04T23:30:28.965628"
      }
    },
    {
      "id": "e_9c1a5a62_6",
      "source": "a4",
      "target": "h3",
      "relation": "supports",
      "anchor": {
        "doc_id": "sha256:df0e254f7345",
        "start_char": 5400,
        "end_char": 6200,
        "text_hash": "2da935a664868aca",
        "display_location": "0",
        "secondary_spans": [],
        "surface_text": "rvern Lodge occupation permitted when full amount deposited my account Mercantile Bank Madras inform Youngman. Thereafter, the second defendant paid t"
      },
      "explanation": "Argument a4 that the cable was not a counter-offer supports holding h3 that neither party treated the cable as a counter-offer and proceeded as if plaintiff made an offer",
      "confidence": "medium",
      "strength": "moderate",
      "support_group_ids": [
        "js2"
      ],
      "is_critical": false,
      "provenance": {
        "extraction_method": "llm",
        "model_id": "grok-4-1-fast-reasoning",
        "prompt_id": null,
        "run_id": null,
        "temperature": 0.1,
        "timestamp": "2026-02-04T23:30:28.965628"
      }
    },
    {
      "id": "e_9c1a5a62_5",
      "source": "a4",
      "target": "i2",
      "relation": "addresses",
      "anchor": {
        "doc_id": "sha256:df0e254f7345",
        "start_char": 5400,
        "end_char": 6200,
        "text_hash": "2da935a664868aca",
        "display_location": "0",
        "secondary_spans": [],
        "surface_text": "rvern Lodge occupation permitted when full amount deposited my account Mercantile Bank Madras inform Youngman. Thereafter, the second defendant paid t"
      },
      "explanation": "Argument a4 directly addresses issue i2 by contending the defendant's cable of 5th August was not a counter-offer but a mere price statement inviting offers",
      "confidence": "high",
      "strength": "strong",
      "support_group_ids": [],
      "is_critical": true,
      "provenance": {
        "extraction_method": "llm",
        "model_id": "grok-4-1-fast-reasoning",
        "prompt_id": null,
        "run_id": null,
        "temperature": 0.1,
        "timestamp": "2026-02-04T23:30:28.965628"
      }
    },
    {
      "id": "e_f4ee0766_13",
      "source": "a5",
      "target": "a2",
      "relation": "responds_to",
      "anchor": null,
      "explanation": "Argument a5 on treatment as invitation responds to a2's claim that it was a counter-offer.",
      "confidence": "inferred",
      "strength": "moderate",
      "support_group_ids": [],
      "is_critical": false,
      "provenance": {
        "extraction_method": "llm",
        "model_id": "grok-4-1-fast-reasoning",
        "prompt_id": null,
        "run_id": null,
        "temperature": 0.1,
        "timestamp": "2026-02-04T23:29:44.668515"
      }
    },
    {
      "id": "e_f4ee0766_9",
      "source": "a5",
      "target": "c7",
      "relation": "grounds",
      "anchor": null,
      "explanation": "Argument a5 on subsequent correspondence grounds concept c7 of parties treating it as invitation not counter-offer.",
      "confidence": "inferred",
      "strength": "strong",
      "support_group_ids": [],
      "is_critical": false,
      "provenance": {
        "extraction_method": "llm",
        "model_id": "grok-4-1-fast-reasoning",
        "prompt_id": null,
        "run_id": null,
        "temperature": 0.1,
        "timestamp": "2026-02-04T23:29:44.668515"
      }
    },
    {
      "id": "e_f4ee0766_4",
      "source": "a5",
      "target": "h3",
      "relation": "grounds",
      "anchor": {
        "doc_id": "sha256:df0e254f7345",
        "start_char": 6500,
        "end_char": 7100,
        "text_hash": "1365787cc5a74a84",
        "display_location": "0",
        "secondary_spans": [],
        "surface_text": "ber accept less than Rs. 10,000, was a companynter-offer made by him through Youngman to the plaintiff, and the companytract was companyplete as soon "
      },
      "explanation": "Shared span and content where subsequent correspondence grounds the holding that parties did not treat the cable as counter-offer.",
      "confidence": "high",
      "strength": "strong",
      "support_group_ids": [
        "js2"
      ],
      "is_critical": true,
      "provenance": {
        "extraction_method": "llm",
        "model_id": "grok-4-1-fast-reasoning",
        "prompt_id": null,
        "run_id": null,
        "temperature": 0.1,
        "timestamp": "2026-02-04T23:29:44.668515"
      }
    },
    {
      "id": "e_f4ee0766_2",
      "source": "a5",
      "target": "i2",
      "relation": "addresses",
      "anchor": null,
      "explanation": "Argument a5 that subsequent correspondence showed treatment as invitation to offers, not counter-offer, addresses the central issue i2.",
      "confidence": "inferred",
      "strength": "strong",
      "support_group_ids": [],
      "is_critical": true,
      "provenance": {
        "extraction_method": "llm",
        "model_id": "grok-4-1-fast-reasoning",
        "prompt_id": null,
        "run_id": null,
        "temperature": 0.1,
        "timestamp": "2026-02-04T23:29:44.668515"
      }
    },
    {
      "id": "e_5f1e5bf7_1",
      "source": "a7",
      "target": "c1",
      "relation": "supports",
      "anchor": {
        "doc_id": "sha256:df0e254f7345",
        "start_char": 678,
        "end_char": 697,
        "text_hash": "af6fbbd85bcec72d",
        "display_location": "0:8",
        "secondary_spans": [],
        "surface_text": "d a bungalow in Mer"
      },
      "explanation": "Same character span where argument advocates for decreeing specific performance.",
      "confidence": "high",
      "strength": "strong",
      "support_group_ids": [],
      "is_critical": true,
      "provenance": {
        "extraction_method": "llm",
        "model_id": "grok-4-1-fast-reasoning",
        "prompt_id": null,
        "run_id": null,
        "temperature": 0.1,
        "timestamp": "2026-02-04T23:28:14.523943"
      }
    },
    {
      "id": "e_5f1e5bf7_9",
      "source": "a8",
      "target": "h1",
      "relation": "supports",
      "anchor": {
        "doc_id": "sha256:df0e254f7345",
        "start_char": 3900,
        "end_char": 4100,
        "text_hash": "30796fab2749db63",
        "display_location": "0",
        "secondary_spans": [],
        "surface_text": "t appears that three days later, i.e. on the 17th August, one Subbayya wrote to Youngman stating that he companyfirmed his offer of Rs. 10,500 made to"
      },
      "explanation": "Argument acknowledges that contract existence was rejected, aligning with and supporting the holding.",
      "confidence": "high",
      "strength": "moderate",
      "support_group_ids": [
        "js1"
      ],
      "is_critical": false,
      "provenance": {
        "extraction_method": "llm",
        "model_id": "grok-4-1-fast-reasoning",
        "prompt_id": null,
        "run_id": null,
        "temperature": 0.1,
        "timestamp": "2026-02-04T23:28:14.523943"
      }
    },
    {
      "id": "e_c22f534f_7",
      "source": "c3",
      "target": "a1",
      "relation": "grounds",
      "anchor": {
        "doc_id": "sha256:df0e254f7345",
        "start_char": 3608,
        "end_char": 3633,
        "text_hash": "442987556df2f1dc",
        "display_location": "0:32",
        "secondary_spans": [],
        "surface_text": "tter he stated as follows"
      },
      "explanation": "The concept of concluded contract requiring offer and acceptance (not price quote) grounds the argument that it is difficult to hold one existed.",
      "confidence": "high",
      "strength": "strong",
      "support_group_ids": [],
      "is_critical": false,
      "provenance": {
        "extraction_method": "llm",
        "model_id": "grok-4-1-fast-reasoning",
        "prompt_id": null,
        "run_id": null,
        "temperature": 0.1,
        "timestamp": "2026-02-04T23:29:06.040199"
      }
    },
    {
      "id": "e_c22f534f_2",
      "source": "c3",
      "target": "h1",
      "relation": "grounds",
      "anchor": {
        "doc_id": "sha256:df0e254f7345",
        "start_char": 3608,
        "end_char": 3633,
        "text_hash": "442987556df2f1dc",
        "display_location": "0:32",
        "secondary_spans": [],
        "surface_text": "tter he stated as follows"
      },
      "explanation": "The concept defining a concluded contract as requiring valid offer and acceptance (not mere counter-offer or price quote) grounds the holding that no concluded contract existed on the facts.",
      "confidence": "high",
      "strength": "strong",
      "support_group_ids": [
        "js1"
      ],
      "is_critical": true,
      "provenance": {
        "extraction_method": "llm",
        "model_id": "grok-4-1-fast-reasoning",
        "prompt_id": null,
        "run_id": null,
        "temperature": 0.1,
        "timestamp": "2026-02-04T23:29:06.040199"
      }
    },
    {
      "id": "e_f4ee0766_6",
      "source": "c4",
      "target": "h3",
      "relation": "supports",
      "anchor": null,
      "explanation": "Concept c4 stating the cable held not a counter-offer but inviting offers supports the consistent holding h3.",
      "confidence": "inferred",
      "strength": "moderate",
      "support_group_ids": [
        "js2"
      ],
      "is_critical": false,
      "provenance": {
        "extraction_method": "llm",
        "model_id": "grok-4-1-fast-reasoning",
        "prompt_id": null,
        "run_id": null,
        "temperature": 0.1,
        "timestamp": "2026-02-04T23:29:44.668515"
      }
    },
    {
      "id": "e_f4ee0766_11",
      "source": "c4",
      "target": "i2",
      "relation": "addresses",
      "anchor": null,
      "explanation": "Concept c4 that the cable was held not counter-offer but inviting offers addresses issue i2.",
      "confidence": "inferred",
      "strength": "moderate",
      "support_group_ids": [],
      "is_critical": false,
      "provenance": {
        "extraction_method": "llm",
        "model_id": "grok-4-1-fast-reasoning",
        "prompt_id": null,
        "run_id": null,
        "temperature": 0.1,
        "timestamp": "2026-02-04T23:29:44.668515"
      }
    },
    {
      "id": "e_9c1a5a62_3",
      "source": "c5",
      "target": "a4",
      "relation": "grounds",
      "anchor": {
        "doc_id": "sha256:df0e254f7345",
        "start_char": 5132,
        "end_char": 5151,
        "text_hash": "c0c28451c90ed9f0",
        "display_location": "0:45",
        "secondary_spans": [],
        "surface_text": "ered these and will"
      },
      "explanation": "Argument a4 is grounded in concept c5, describing the defendant's cable as 'mere statement of price ... not unconditional offer or counter-offer', matching c5's rule from Harvey v Facey",
      "confidence": "high",
      "strength": "strong",
      "support_group_ids": [],
      "is_critical": true,
      "provenance": {
        "extraction_method": "llm",
        "model_id": "grok-4-1-fast-reasoning",
        "prompt_id": null,
        "run_id": null,
        "temperature": 0.1,
        "timestamp": "2026-02-04T23:30:28.965628"
      }
    },
    {
      "id": "e_9c1a5a62_7",
      "source": "c5",
      "target": "i2",
      "relation": "addresses",
      "anchor": {
        "doc_id": "sha256:df0e254f7345",
        "start_char": 5132,
        "end_char": 5151,
        "text_hash": "c0c28451c90ed9f0",
        "display_location": "0:45",
        "secondary_spans": [],
        "surface_text": "ered these and will"
      },
      "explanation": "Concept c5 of price quotation not being an offer directly addresses issue i2 on whether the defendant's cable was a counter-offer or merely inviting offers",
      "confidence": "medium",
      "strength": "moderate",
      "support_group_ids": [],
      "is_critical": false,
      "provenance": {
        "extraction_method": "llm",
        "model_id": "grok-4-1-fast-reasoning",
        "prompt_id": null,
        "run_id": null,
        "temperature": 0.1,
        "timestamp": "2026-02-04T23:30:28.965628"
      }
    },
    {
      "id": "e_f4ee0766_10",
      "source": "c7",
      "target": "a2",
      "relation": "undercuts",
      "anchor": null,
      "explanation": "Concept c7 that conduct treated it not as counter-offer undercuts argument a2 claiming it was a counter-offer.",
      "confidence": "inferred",
      "strength": "moderate",
      "support_group_ids": [],
      "is_critical": false,
      "provenance": {
        "extraction_method": "llm",
        "model_id": "grok-4-1-fast-reasoning",
        "prompt_id": null,
        "run_id": null,
        "temperature": 0.1,
        "timestamp": "2026-02-04T23:29:44.668515"
      }
    },
    {
      "id": "e_f4ee0766_5",
      "source": "c7",
      "target": "h3",
      "relation": "supports",
      "anchor": null,
      "explanation": "Concept c7 of parties' subsequent conduct treating statement as invitation to offer supports holding h3 that neither treated it as counter-offer.",
      "confidence": "inferred",
      "strength": "strong",
      "support_group_ids": [
        "js2"
      ],
      "is_critical": false,
      "provenance": {
        "extraction_method": "llm",
        "model_id": "grok-4-1-fast-reasoning",
        "prompt_id": null,
        "run_id": null,
        "temperature": 0.1,
        "timestamp": "2026-02-04T23:29:44.668515"
      }
    },
    {
      "id": "e_f4ee0766_12",
      "source": "c7",
      "target": "i2",
      "relation": "addresses",
      "anchor": null,
      "explanation": "Concept c7 of conduct treating as invitation not counter-offer addresses issue i2.",
      "confidence": "inferred",
      "strength": "moderate",
      "support_group_ids": [],
      "is_critical": false,
      "provenance": {
        "extraction_method": "llm",
        "model_id": "grok-4-1-fast-reasoning",
        "prompt_id": null,
        "run_id": null,
        "temperature": 0.1,
        "timestamp": "2026-02-04T23:29:44.668515"
      }
    },
    {
      "id": "e_5f1e5bf7_4",
      "source": "h1",
      "target": "c1",
      "relation": "undercuts",
      "anchor": null,
      "explanation": "Holding of no concluded contract undercuts the concept of specific performance, as it is a prerequisite.",
      "confidence": "inferred",
      "strength": "strong",
      "support_group_ids": [],
      "is_critical": true,
      "provenance": {
        "extraction_method": "llm",
        "model_id": "grok-4-1-fast-reasoning",
        "prompt_id": null,
        "run_id": null,
        "temperature": 0.1,
        "timestamp": "2026-02-04T23:28:14.523943"
      }
    },
    {
      "id": "e_5f1e5bf7_3",
      "source": "h1",
      "target": "c6",
      "relation": "grounds",
      "anchor": {
        "doc_id": "sha256:df0e254f7345",
        "start_char": 4715,
        "end_char": 4734,
        "text_hash": "5c324374ed02fa0a",
        "display_location": "0:40",
        "secondary_spans": [],
        "surface_text": "h to the first defe"
      },
      "explanation": "c6 explicitly attributes denial of specific performance to absence of concluded contract, which is the holding in h1.",
      "confidence": "high",
      "strength": "strong",
      "support_group_ids": [],
      "is_critical": true,
      "provenance": {
        "extraction_method": "llm",
        "model_id": "grok-4-1-fast-reasoning",
        "prompt_id": null,
        "run_id": null,
        "temperature": 0.1,
        "timestamp": "2026-02-04T23:28:14.523943"
      }
    },
    {
      "id": "e_5f1e5bf7_5",
      "source": "h1",
      "target": "i1",
      "relation": "addresses",
      "anchor": {
        "doc_id": "sha256:df0e254f7345",
        "start_char": 5221,
        "end_char": 5280,
        "text_hash": "9bc5ef51c57d3ad5",
        "display_location": "0:46",
        "secondary_spans": [],
        "surface_text": "ge for a Power-of-Attorney to be prepared as soon as possib"
      },
      "explanation": "Holding directly responds to and negates the existence of a concluded contract posed in the issue.",
      "confidence": "high",
      "strength": "strong",
      "support_group_ids": [],
      "is_critical": true,
      "provenance": {
        "extraction_method": "llm",
        "model_id": "grok-4-1-fast-reasoning",
        "prompt_id": null,
        "run_id": null,
        "temperature": 0.1,
        "timestamp": "2026-02-04T23:28:14.523943"
      }
    },
    {
      "id": "e_h1_resolves_i1",
      "source": "h1",
      "target": "i1",
      "relation": "resolves",
      "anchor": {
        "doc_id": "sha256:df0e254f7345",
        "start_char": 5221,
        "end_char": 5280,
        "text_hash": "9bc5ef51c57d3ad5",
        "display_location": "0:46",
        "secondary_spans": [],
        "surface_text": "We however find it difficult to hold on the entire facts of the case that there was any concluded contract on the 14th August, 1944, and we are supported in this view by the well-known case of Harvey v. Facey 1"
      },
      "explanation": null,
      "confidence": "high",
      "strength": "strong",
      "support_group_ids": [],
      "is_critical": false,
      "provenance": null
    },
    {
      "id": "e_h1_determines_outcome",
      "source": "h1",
      "target": "outcome",
      "relation": "determines",
      "anchor": {
        "doc_id": "sha256:df0e254f7345",
        "start_char": 6990,
        "end_char": 7240,
        "text_hash": "cfecdd3dfc0b9952",
        "display_location": "0",
        "secondary_spans": [],
        "surface_text": "We however find it difficult to hold on the entire facts of the case that there was any concluded contract on the 14th August, 1944, and we are supported in this view by the well-known case of Harvey v. Facey"
      },
      "explanation": null,
      "confidence": "high",
      "strength": "strong",
      "support_group_ids": [],
      "is_critical": true,
      "provenance": null
    },
    {
      "id": "e_c22f534f_3",
      "source": "h2",
      "target": "c3",
      "relation": "grounds",
      "anchor": {
        "doc_id": "sha256:df0e254f7345",
        "start_char": 5400,
        "end_char": 5550,
        "text_hash": "cfc0418729abb697",
        "display_location": "0",
        "secondary_spans": [],
        "surface_text": "rvern Lodge occupation permitted when full amount deposited my account Mercantile Bank Madras inform Youngman. Thereafter, the second defendant paid t"
      },
      "explanation": "The holding from Harvey v Facey that a telegram stating only the lowest price does not bind beyond that (leaving sale terms open) grounds the concept that a mere price quote does not conclude a contract.",
      "confidence": "high",
      "strength": "strong",
      "support_group_ids": [],
      "is_critical": true,
      "provenance": {
        "extraction_method": "llm",
        "model_id": "grok-4-1-fast-reasoning",
        "prompt_id": null,
        "run_id": null,
        "temperature": 0.1,
        "timestamp": "2026-02-04T23:29:06.040199"
      }
    },
    {
      "id": "e_5f1e5bf7_7",
      "source": "h2",
      "target": "h1",
      "relation": "supports",
      "anchor": {
        "doc_id": "sha256:df0e254f7345",
        "start_char": 5400,
        "end_char": 5550,
        "text_hash": "cfc0418729abb697",
        "display_location": "0",
        "secondary_spans": [],
        "surface_text": "rvern Lodge occupation permitted when full amount deposited my account Mercantile Bank Madras inform Youngman. Thereafter, the second defendant paid t"
      },
      "explanation": "Precedent holding on non-binding telegram except for price supports current holding of no concluded contract from correspondence.",
      "confidence": "medium",
      "strength": "moderate",
      "support_group_ids": [
        "js1"
      ],
      "is_critical": false,
      "provenance": {
        "extraction_method": "llm",
        "model_id": "grok-4-1-fast-reasoning",
        "prompt_id": null,
        "run_id": null,
        "temperature": 0.1,
        "timestamp": "2026-02-04T23:28:14.523943"
      }
    },
    {
      "id": "e_h2_resolves_i1",
      "source": "h2",
      "target": "i1",
      "relation": "resolves",
      "anchor": {
        "doc_id": "sha256:df0e254f7345",
        "start_char": 5400,
        "end_char": 5550,
        "text_hash": "cfc0418729abb697",
        "display_location": "0",
        "secondary_spans": [],
        "surface_text": "In that case... Their Lordships cannot treat the telegram from L.M. Facey as binding him in any respect, except to the extent it does by its terms, viz., the lowest price. Everything else is left open... mere statement of the lowest price... contains no implied contract to sell"
      },
      "explanation": null,
      "confidence": "high",
      "strength": "strong",
      "support_group_ids": [],
      "is_critical": false,
      "provenance": null
    },
    {
      "id": "e_h2_determines_outcome",
      "source": "h2",
      "target": "outcome",
      "relation": "determines",
      "anchor": {
        "doc_id": "sha256:df0e254f7345",
        "start_char": 6990,
        "end_char": 7240,
        "text_hash": "cfecdd3dfc0b9952",
        "display_location": "0",
        "secondary_spans": [],
        "surface_text": "We however find it difficult to hold on the entire facts of the case that there was any concluded contract on the 14th August, 1944, and we are supported in this view by the well-known case of Harvey v. Facey"
      },
      "explanation": null,
      "confidence": "high",
      "strength": "strong",
      "support_group_ids": [],
      "is_critical": true,
      "provenance": null
    },
    {
      "id": "e_9c1a5a62_8",
      "source": "h3",
      "target": "i2",
      "relation": "addresses",
      "anchor": {
        "doc_id": "sha256:df0e254f7345",
        "start_char": 6500,
        "end_char": 7100,
        "text_hash": "1365787cc5a74a84",
        "display_location": "0",
        "secondary_spans": [],
        "surface_text": "ber accept less than Rs. 10,000, was a companynter-offer made by him through Youngman to the plaintiff, and the companytract was companyplete as soon "
      },
      "explanation": "Holding h3 explicitly concludes that parties did not treat the first defendant's cable as a counter-offer, addressing issue i2",
      "confidence": "high",
      "strength": "strong",
      "support_group_ids": [],
      "is_critical": true,
      "provenance": {
        "extraction_method": "llm",
        "model_id": "grok-4-1-fast-reasoning",
        "prompt_id": null,
        "run_id": null,
        "temperature": 0.1,
        "timestamp": "2026-02-04T23:30:28.965628"
      }
    },
    {
      "id": "e_h3_resolves_i2",
      "source": "h3",
      "target": "i2",
      "relation": "resolves",
      "anchor": {
        "doc_id": "sha256:df0e254f7345",
        "start_char": 6500,
        "end_char": 7100,
        "text_hash": "1365787cc5a74a84",
        "display_location": "0",
        "secondary_spans": [],
        "surface_text": "The conclusion at which we have arrived is strengthened by certain facts which emerge from the correspondence between the parties. The real question is whether the first defendant had made a counter-offer... Neither party thus treated the first defendants cable as containing a counter-offer. On the other hand, they proceeded on the footing that the plaintiff had made an offer of Rs. 10,000 which was subject to acceptance by the first defendant."
      },
      "explanation": null,
      "confidence": "high",
      "strength": "strong",
      "support_group_ids": [],
      "is_critical": false,
      "provenance": null
    },
    {
      "id": "e_h3_contributes_to_outcome",
      "source": "h3",
      "target": "outcome",
      "relation": "contributes_to",
      "anchor": {
        "doc_id": "sha256:df0e254f7345",
        "start_char": 6990,
        "end_char": 7240,
        "text_hash": "cfecdd3dfc0b9952",
        "display_location": "0",
        "secondary_spans": [],
        "surface_text": "We however find it difficult to hold on the entire facts of the case that there was any concluded contract on the 14th August, 1944, and we are supported in this view by the well-known case of Harvey v. Facey"
      },
      "explanation": null,
      "confidence": "high",
      "strength": "moderate",
      "support_group_ids": [],
      "is_critical": false,
      "provenance": null
    },
    {
      "id": "e_5f1e5bf7_11",
      "source": "i1",
      "target": "a3",
      "relation": "addresses",
      "anchor": null,
      "explanation": "Issue on concluded contract is addressed by the argument denying contract on specific date.",
      "confidence": "inferred",
      "strength": "weak",
      "support_group_ids": [],
      "is_critical": false,
      "provenance": {
        "extraction_method": "llm",
        "model_id": "grok-4-1-fast-reasoning",
        "prompt_id": null,
        "run_id": null,
        "temperature": 0.1,
        "timestamp": "2026-02-04T23:28:14.523943"
      }
    },
    {
      "id": "e_5f1e5bf7_10",
      "source": "i1",
      "target": "c1",
      "relation": "addresses",
      "anchor": null,
      "explanation": "Issue of concluded contract addresses the prerequisites for specific performance.",
      "confidence": "inferred",
      "strength": "moderate",
      "support_group_ids": [],
      "is_critical": false,
      "provenance": {
        "extraction_method": "llm",
        "model_id": "grok-4-1-fast-reasoning",
        "prompt_id": null,
        "run_id": null,
        "temperature": 0.1,
        "timestamp": "2026-02-04T23:28:14.523943"
      }
    },
    {
      "id": "e_c22f534f_1",
      "source": "i1",
      "target": "c3",
      "relation": "addresses",
      "anchor": {
        "doc_id": "sha256:df0e254f7345",
        "start_char": 3552,
        "end_char": 3832,
        "text_hash": "aafb619753916bbd",
        "display_location": "0",
        "secondary_spans": [],
        "surface_text": "ter referring to the companyversation he had with the latter he stated as follows -- I hereby companyfirm my oral offer of ten thousand for the bungal"
      },
      "explanation": "The issue explicitly questions whether there was a concluded contract based on correspondence, directly addressing the concept of a concluded contract.",
      "confidence": "high",
      "strength": "strong",
      "support_group_ids": [],
      "is_critical": true,
      "provenance": {
        "extraction_method": "llm",
        "model_id": "grok-4-1-fast-reasoning",
        "prompt_id": null,
        "run_id": null,
        "temperature": 0.1,
        "timestamp": "2026-02-04T23:29:06.040199"
      }
    },
    {
      "id": "e_5f1e5bf7_6",
      "source": "i1",
      "target": "h1",
      "relation": "addresses",
      "anchor": {
        "doc_id": "sha256:df0e254f7345",
        "start_char": 3552,
        "end_char": 3832,
        "text_hash": "aafb619753916bbd",
        "display_location": "0",
        "secondary_spans": [],
        "surface_text": "ter referring to the companyversation he had with the latter he stated as follows -- I hereby companyfirm my oral offer of ten thousand for the bungal"
      },
      "explanation": "Issue frames the question of concluded contract, which the holding addresses.",
      "confidence": "high",
      "strength": "moderate",
      "support_group_ids": [],
      "is_critical": false,
      "provenance": {
        "extraction_method": "llm",
        "model_id": "grok-4-1-fast-reasoning",
        "prompt_id": null,
        "run_id": null,
        "temperature": 0.1,
        "timestamp": "2026-02-04T23:28:14.523943"
      }
    },
    {
      "id": "e_9c1a5a62_2",
      "source": "p1",
      "target": "a4",
      "relation": "supports",
      "anchor": {
        "doc_id": "sha256:df0e254f7345",
        "start_char": 5487,
        "end_char": 5504,
        "text_hash": "e6c3c795de73aa64",
        "display_location": "0:47",
        "secondary_spans": [],
        "surface_text": "Madras inform You"
      },
      "explanation": "Argument a4 explicitly states 'like in Harvey v Facey' (p1 span), using the precedent to support that the first defendant's cable was a mere statement of price, not an offer",
      "confidence": "high",
      "strength": "strong",
      "support_group_ids": [],
      "is_critical": true,
      "provenance": {
        "extraction_method": "llm",
        "model_id": "grok-4-1-fast-reasoning",
        "prompt_id": null,
        "run_id": null,
        "temperature": 0.1,
        "timestamp": "2026-02-04T23:30:28.965628"
      }
    },
    {
      "id": "e_9c1a5a62_1",
      "source": "p1",
      "target": "c5",
      "relation": "establishes",
      "anchor": {
        "doc_id": "sha256:df0e254f7345",
        "start_char": 5132,
        "end_char": 5151,
        "text_hash": "c0c28451c90ed9f0",
        "display_location": "0:45",
        "secondary_spans": [],
        "surface_text": "ered these and will"
      },
      "explanation": "Concept c5 explicitly defines 'Price Quotation Not an Offer (Harvey v Facey)' and describes the rule from precedent p1 that a mere statement of lowest price is not an offer",
      "confidence": "high",
      "strength": "strong",
      "support_group_ids": [],
      "is_critical": true,
      "provenance": {
        "extraction_method": "llm",
        "model_id": "grok-4-1-fast-reasoning",
        "prompt_id": null,
        "run_id": null,
        "temperature": 0.1,
        "timestamp": "2026-02-04T23:30:28.965628"
      }
    },
    {
      "id": "e_9c1a5a62_9",
      "source": "p1",
      "target": "i2",
      "relation": "addresses",
      "anchor": {
        "doc_id": "sha256:df0e254f7345",
        "start_char": 5487,
        "end_char": 5504,
        "text_hash": "e6c3c795de73aa64",
        "display_location": "0:47",
        "secondary_spans": [],
        "surface_text": "Madras inform You"
      },
      "explanation": "Precedent p1 Harvey v Facey addresses issue i2 by providing the rule that a price statement is not an offer, relevant to whether the cable was a counter-offer",
      "confidence": "medium",
      "strength": "moderate",
      "support_group_ids": [],
      "is_critical": false,
      "provenance": {
        "extraction_method": "llm",
        "model_id": "grok-4-1-fast-reasoning",
        "prompt_id": null,
        "run_id": null,
        "temperature": 0.1,
        "timestamp": "2026-02-04T23:30:28.965628"
      }
    }
  ],
  "reasoning_chains": [
    {
      "id": "rc_i1_h1",
      "issue_id": "i1",
      "fact_ids": [],
      "concept_ids": [
        "c3"
      ],
      "argument_ids": [
        "a1",
        "a3",
        "a8"
      ],
      "holding_id": "h1",
      "edge_ids": [
        "e_c22f534f_5",
        "e_5f1e5bf7_2",
        "e_5f1e5bf7_9",
        "e_c22f534f_2",
        "e_5f1e5bf7_7",
        "e_5f1e5bf7_6",
        "e_c22f534f_7",
        "e_5f1e5bf7_11",
        "e_c22f534f_3",
        "e_c22f534f_1",
        "e_c22f534f_6",
        "e_5f1e5bf7_5"
      ],
      "justification_set_id": "js1",
      "critical_nodes": [
        "a1",
        "a3",
        "c3",
        "h2",
        "i1",
        "h1"
      ],
      "narrative": "Issue i1 resolved by holding h1. Concepts: c3. Arguments: a1, a3, a8."
    },
    {
      "id": "rc_i1_h2",
      "issue_id": "i1",
      "fact_ids": [],
      "concept_ids": [],
      "argument_ids": [],
      "holding_id": "h2",
      "edge_ids": [],
      "justification_set_id": null,
      "critical_nodes": [],
      "narrative": "Issue i1 resolved by holding h2."
    },
    {
      "id": "rc_i2_h3",
      "issue_id": "i2",
      "fact_ids": [],
      "concept_ids": [
        "c4",
        "c7",
        "c5"
      ],
      "argument_ids": [
        "a2",
        "a4",
        "a5"
      ],
      "holding_id": "h3",
      "edge_ids": [
        "e_f4ee0766_8",
        "e_9c1a5a62_6",
        "e_f4ee0766_4",
        "e_f4ee0766_6",
        "e_f4ee0766_5",
        "e_f4ee0766_13",
        "e_f4ee0766_10",
        "e_9c1a5a62_3",
        "e_9c1a5a62_2",
        "e_f4ee0766_7",
        "e_f4ee0766_9",
        "e_9c1a5a62_4",
        "e_9c1a5a62_1"
      ],
      "justification_set_id": "js2",
      "critical_nodes": [
        "a5",
        "c5",
        "p1",
        "a4"
      ],
      "narrative": "Issue i2 resolved by holding h3. Concepts: c4, c7, c5. Arguments: a2, a4, a5."
    }
  ],
  "_meta": {
    "schema_version": "2.1.2",
    "quality_tier": "silver",
    "extraction_model": "grok-4-1-fast-reasoning",
    "extraction_timestamp": "2026-02-04T23:20:29.248830",
    "retry_attempts": 0,
    "validation_warnings": [
      "JSON parse error: Expecting value: line 1 column 15254 (char 15253)"
    ],
    "cluster_membership": {
      "c1": [
        "UNLISTED_SPECIFIC_PERFORMANCE"
      ],
      "c2": [
        "UNLISTED_CPC_SECTION_109"
      ],
      "c3": [
        "UNLISTED_CONCLUDED_CONTRACT"
      ],
      "c4": [
        "UNLISTED_COUNTER_OFFER"
      ],
      "c5": [
        "UNLISTED_PRICE_QUOTE_NOT_OFFER"
      ],
      "c6": [
        "UNLISTED_SPECIFIC_PERFORMANCE"
      ],
      "c7": [
        "UNLISTED_COUNTER_OFFER"
      ],
      "i1": [
        "UNLISTED_SPECIFIC_PERFORMANCE",
        "UNLISTED_CONCLUDED_CONTRACT",
        "UNLISTED_SPECIFIC_PERFORMANCE"
      ],
      "i2": [
        "UNLISTED_COUNTER_OFFER",
        "UNLISTED_PRICE_QUOTE_NOT_OFFER",
        "UNLISTED_COUNTER_OFFER"
      ],
      "h1": [
        "UNLISTED_SPECIFIC_PERFORMANCE",
        "UNLISTED_CONCLUDED_CONTRACT",
        "UNLISTED_SPECIFIC_PERFORMANCE"
      ],
      "h2": [
        "UNLISTED_SPECIFIC_PERFORMANCE",
        "UNLISTED_CONCLUDED_CONTRACT",
        "UNLISTED_SPECIFIC_PERFORMANCE"
      ],
      "h3": [
        "UNLISTED_COUNTER_OFFER",
        "UNLISTED_PRICE_QUOTE_NOT_OFFER",
        "UNLISTED_COUNTER_OFFER"
      ],
      "a1": [
        "UNLISTED_CONCLUDED_CONTRACT"
      ],
      "a2": [
        "UNLISTED_COUNTER_OFFER"
      ],
      "a3": [
        "UNLISTED_SPECIFIC_PERFORMANCE"
      ],
      "a4": [
        "UNLISTED_PRICE_QUOTE_NOT_OFFER"
      ],
      "a5": [
        "UNLISTED_COUNTER_OFFER"
      ],
      "a6": [
        "UNLISTED_COUNTER_OFFER"
      ],
      "a7": [
        "UNLISTED_SPECIFIC_PERFORMANCE"
      ],
      "a8": [
        "UNLISTED_SPECIFIC_PERFORMANCE"
      ],
      "p1": [
        "UNLISTED_PRICE_QUOTE_NOT_OFFER"
      ]
    },
    "cluster_summary": {
      "UNLISTED_SPECIFIC_PERFORMANCE": {
        "label": "Specific Performance",
        "logic": "and",
        "facts": [],
        "concepts": [
          "c1",
          "c6"
        ],
        "issues": [
          "i1",
          "i1"
        ],
        "arguments": [
          "a3",
          "a7",
          "a8"
        ],
        "holdings": [
          "h1",
          "h1",
          "h2",
          "h2"
        ],
        "precedents": []
      },
      "UNLISTED_CPC_SECTION_109": {
        "label": "Section 109(c) CPC",
        "logic": "and",
        "facts": [],
        "concepts": [
          "c2"
        ],
        "issues": [],
        "arguments": [],
        "holdings": [],
        "precedents": []
      },
      "UNLISTED_CONCLUDED_CONTRACT": {
        "label": "Concluded Contract",
        "logic": "and",
        "facts": [],
        "concepts": [
          "c3"
        ],
        "issues": [
          "i1"
        ],
        "arguments": [
          "a1"
        ],
        "holdings": [
          "h1",
          "h2"
        ],
        "precedents": []
      },
      "UNLISTED_COUNTER_OFFER": {
        "label": "Counter-Offer",
        "logic": "and",
        "facts": [],
        "concepts": [
          "c4",
          "c7"
        ],
        "issues": [
          "i2",
          "i2"
        ],
        "arguments": [
          "a2",
          "a5",
          "a6"
        ],
        "holdings": [
          "h3",
          "h3"
        ],
        "precedents": []
      },
      "UNLISTED_PRICE_QUOTE_NOT_OFFER": {
        "label": "Price Quotation Not an Offer (Harvey v Facey)",
        "logic": "and",
        "facts": [],
        "concepts": [
          "c5"
        ],
        "issues": [
          "i2"
        ],
        "arguments": [
          "a4"
        ],
        "holdings": [
          "h3"
        ],
        "precedents": [
          "p1"
        ]
      }
    }
  }
}