{
  "case_id": "1954_128",
  "case_name": null,
  "case_year": null,
  "court": null,
  "judges": [],
  "facts": [
    {
      "id": "f1",
      "type": "fact",
      "text": "Income-tax Appellate Tribunal referred a question to the Bombay High Court for opinion",
      "anchor": {
        "doc_id": "sha256:4a825707b01f",
        "start_char": 8,
        "end_char": 104,
        "text_hash": "4626575146935e77",
        "display_location": "0",
        "secondary_spans": [],
        "surface_text": "The question referred by the Income-tax Appellate Tribunal for the opinion of the Bombay High Court"
      },
      "fact_type": "procedural",
      "actor_source": "lower_court",
      "date": null,
      "date_approximate": false,
      "disputed_by": null,
      "court_finding": "accepted",
      "confidence": "high",
      "provenance": {
        "extraction_method": "llm",
        "model_id": "grok-4-1-fast-reasoning",
        "prompt_id": null,
        "run_id": null,
        "temperature": 0.1,
        "timestamp": "2026-02-04T22:28:12.195817"
      }
    },
    {
      "id": "f2",
      "type": "fact",
      "text": "Assessee made sales to Government of India generating income, profits and gains",
      "anchor": {
        "doc_id": "sha256:4a825707b01f",
        "start_char": 126,
        "end_char": 250,
        "text_hash": "84a44744bc37efaa",
        "display_location": "0:1",
        "secondary_spans": [],
        "surface_text": "Whether on the facts of the case, income, profits and gains in respect of sales made to Government of India was received in British India within the meaning of Section 4 1  of the Act ?"
      },
      "fact_type": "material",
      "actor_source": null,
      "date": null,
      "date_approximate": false,
      "disputed_by": null,
      "court_finding": "accepted",
      "confidence": "high",
      "provenance": {
        "extraction_method": "llm",
        "model_id": "grok-4-1-fast-reasoning",
        "prompt_id": null,
        "run_id": null,
        "temperature": 0.1,
        "timestamp": "2026-02-04T22:28:12.195817"
      }
    },
    {
      "id": "f3",
      "type": "fact",
      "text": "The referred question concerns whether the income was received in British India within meaning of Section 4 1 of the Act",
      "anchor": {
        "doc_id": "sha256:4a825707b01f",
        "start_char": 126,
        "end_char": 320,
        "text_hash": "37cf73f4740c7577",
        "display_location": "0",
        "secondary_spans": [],
        "surface_text": "Whether on the facts of the case, income, profits and gains in respect of sales made to Government of India was received in British India within the meaning of Section 4 1  of the Act ?"
      },
      "fact_type": "material",
      "actor_source": null,
      "date": null,
      "date_approximate": false,
      "disputed_by": "petitioner",
      "court_finding": "accepted",
      "confidence": "high",
      "provenance": {
        "extraction_method": "llm",
        "model_id": "grok-4-1-fast-reasoning",
        "prompt_id": null,
        "run_id": null,
        "temperature": 0.1,
        "timestamp": "2026-02-04T22:28:12.195817"
      }
    },
    {
      "id": "f4",
      "type": "fact",
      "text": "Bombay High Court answered the referred question in the negative",
      "anchor": {
        "doc_id": "sha256:4a825707b01f",
        "start_char": 321,
        "end_char": 380,
        "text_hash": "449b6cc9623f58c4",
        "display_location": "0:2",
        "secondary_spans": [],
        "surface_text": "The High Court answered the question in the negative for reasons set out in its judgment companyering this case as well as the case out of which Appeal No. 19 of 1953"
      },
      "fact_type": "procedural",
      "actor_source": "lower_court",
      "date": null,
      "date_approximate": false,
      "disputed_by": null,
      "court_finding": "rejected",
      "confidence": "high",
      "provenance": {
        "extraction_method": "llm",
        "model_id": "grok-4-1-fast-reasoning",
        "prompt_id": null,
        "run_id": null,
        "temperature": 0.1,
        "timestamp": "2026-02-04T22:28:12.195817"
      }
    },
    {
      "id": "f5",
      "type": "fact",
      "text": "High Court judgment considered this case and the case out of which Appeal No. 19 of 1953 arose",
      "anchor": {
        "doc_id": "sha256:4a825707b01f",
        "start_char": 350,
        "end_char": 480,
        "text_hash": "a5bc18767e41b0df",
        "display_location": "0",
        "secondary_spans": [],
        "surface_text": "for reasons set out in its judgment companyering this case as well as the case out of which Appeal No. 19 of 1953 came to be filed before us."
      },
      "fact_type": "procedural",
      "actor_source": "lower_court",
      "date": null,
      "date_approximate": false,
      "disputed_by": null,
      "court_finding": "accepted",
      "confidence": "high",
      "provenance": {
        "extraction_method": "llm",
        "model_id": "grok-4-1-fast-reasoning",
        "prompt_id": null,
        "run_id": null,
        "temperature": 0.1,
        "timestamp": "2026-02-04T22:28:12.195817"
      }
    },
    {
      "id": "f6",
      "type": "fact",
      "text": "Appeal No. 19 of 1953 was filed before the Supreme Court",
      "anchor": {
        "doc_id": "sha256:4a825707b01f",
        "start_char": 450,
        "end_char": 510,
        "text_hash": "cb78f441f219f47e",
        "display_location": "0",
        "secondary_spans": [],
        "surface_text": "the case out of which Appeal No. 19 of 1953 came to be filed before us. The facts, found in this case, are similar to those found in Civil Appeal No. 19 of 1953"
      },
      "fact_type": "procedural",
      "actor_source": "court",
      "date": "1953-01-01",
      "date_approximate": true,
      "disputed_by": null,
      "court_finding": "accepted",
      "confidence": "high",
      "provenance": {
        "extraction_method": "llm",
        "model_id": "grok-4-1-fast-reasoning",
        "prompt_id": null,
        "run_id": null,
        "temperature": 0.1,
        "timestamp": "2026-02-04T22:28:12.195817"
      }
    },
    {
      "id": "f7",
      "type": "fact",
      "text": "Civil Appeal No. 19 of 1953 is Commissioner of Income-tax, Bombay v. Messrs, Ogale Glass Works Ltd.",
      "anchor": {
        "doc_id": "sha256:4a825707b01f",
        "start_char": 520,
        "end_char": 650,
        "text_hash": "167530ce1969b76a",
        "display_location": "0",
        "secondary_spans": [],
        "surface_text": "The facts, found in this case, are similar to those found in Civil Appeal No. 19 of 1953 Commissioner of Income-tax, Bombay v. Messrs, Ogale Glass Works Ltd., except in the following particulars"
      },
      "fact_type": "background",
      "actor_source": "court",
      "date": "1953-01-01",
      "date_approximate": true,
      "disputed_by": null,
      "court_finding": "accepted",
      "confidence": "high",
      "provenance": {
        "extraction_method": "llm",
        "model_id": "grok-4-1-fast-reasoning",
        "prompt_id": null,
        "run_id": null,
        "temperature": 0.1,
        "timestamp": "2026-02-04T22:28:12.195817"
      }
    },
    {
      "id": "f8",
      "type": "fact",
      "text": "Facts found in this case are similar to those in Civil Appeal No. 19 of 1953 except in specified particulars",
      "anchor": {
        "doc_id": "sha256:4a825707b01f",
        "start_char": 500,
        "end_char": 700,
        "text_hash": "e2796bfafa045439",
        "display_location": "0",
        "secondary_spans": [],
        "surface_text": "The facts, found in this case, are similar to those found in Civil Appeal No. 19 of 1953 Commissioner of Income-tax, Bombay v. Messrs, Ogale Glass Works Ltd., except in the following particulars  1  that all cheques were made number-negotiable,"
      },
      "fact_type": "material",
      "actor_source": "court",
      "date": null,
      "date_approximate": false,
      "disputed_by": null,
      "court_finding": "accepted",
      "confidence": "high",
      "provenance": {
        "extraction_method": "llm",
        "model_id": "grok-4-1-fast-reasoning",
        "prompt_id": null,
        "run_id": null,
        "temperature": 0.1,
        "timestamp": "2026-02-04T22:28:12.195817"
      }
    },
    {
      "id": "f9",
      "type": "fact",
      "text": "All cheques were made number-negotiable",
      "anchor": {
        "doc_id": "sha256:4a825707b01f",
        "start_char": 720,
        "end_char": 780,
        "text_hash": "8719455433a7bf05",
        "display_location": "0:6",
        "secondary_spans": [],
        "surface_text": "except in the following particulars  1  that all cheques were made number-negotiable,  2  that numbercredit was given by the bank to the assessee before companylection,"
      },
      "fact_type": "material",
      "actor_source": "court",
      "date": null,
      "date_approximate": false,
      "disputed_by": null,
      "court_finding": "accepted",
      "confidence": "high",
      "provenance": {
        "extraction_method": "llm",
        "model_id": "grok-4-1-fast-reasoning",
        "prompt_id": null,
        "run_id": null,
        "temperature": 0.1,
        "timestamp": "2026-02-04T22:28:12.195817"
      }
    },
    {
      "id": "f10",
      "type": "fact",
      "text": "Numbercredit was given by the bank to the assessee before companylection",
      "anchor": {
        "doc_id": "sha256:4a825707b01f",
        "start_char": 780,
        "end_char": 870,
        "text_hash": "fb13aa7efb3c3f67",
        "display_location": "0:6",
        "secondary_spans": [],
        "surface_text": "  2  that numbercredit was given by the bank to the assessee before companylection,  3  that there was numberfinding that the assessee gave credit to the Government"
      },
      "fact_type": "material",
      "actor_source": "court",
      "date": null,
      "date_approximate": false,
      "disputed_by": null,
      "court_finding": "accepted",
      "confidence": "high",
      "provenance": {
        "extraction_method": "llm",
        "model_id": "grok-4-1-fast-reasoning",
        "prompt_id": null,
        "run_id": null,
        "temperature": 0.1,
        "timestamp": "2026-02-04T22:28:12.195817"
      }
    },
    {
      "id": "f11",
      "type": "fact",
      "text": "There was numberfinding that the assessee gave credit to the Government for the amount of the cheque immediately on receipt thereof",
      "anchor": {
        "doc_id": "sha256:4a825707b01f",
        "start_char": 870,
        "end_char": 1020,
        "text_hash": "39083480559afd40",
        "display_location": "0",
        "secondary_spans": [],
        "surface_text": "  3  that there was numberfinding that the assessee gave credit to the Government for the amount of the cheque immediately on receipt thereof. Learned companynsel on either side did number suggest"
      },
      "fact_type": "material",
      "actor_source": "court",
      "date": null,
      "date_approximate": false,
      "disputed_by": null,
      "court_finding": "accepted",
      "confidence": "high",
      "provenance": {
        "extraction_method": "llm",
        "model_id": "grok-4-1-fast-reasoning",
        "prompt_id": null,
        "run_id": null,
        "temperature": 0.1,
        "timestamp": "2026-02-04T22:28:12.195817"
      }
    },
    {
      "id": "f12",
      "type": "fact",
      "text": "Learned counsel on either side did not suggest that the differences would make any difference to the answer to the referred question",
      "anchor": {
        "doc_id": "sha256:4a825707b01f",
        "start_char": 1020,
        "end_char": 1150,
        "text_hash": "7c40a7189be3b156",
        "display_location": "0:7",
        "secondary_spans": [],
        "surface_text": "Learned companynsel on either side did number suggest that the differences numbered above would make any difference in the answer to the referred question which is the same as in the other appeal."
      },
      "fact_type": "admitted",
      "actor_source": null,
      "date": null,
      "date_approximate": false,
      "disputed_by": null,
      "court_finding": "accepted",
      "confidence": "high",
      "provenance": {
        "extraction_method": "llm",
        "model_id": "grok-4-1-fast-reasoning",
        "prompt_id": null,
        "run_id": null,
        "temperature": 0.1,
        "timestamp": "2026-02-04T22:28:12.195817"
      }
    },
    {
      "id": "f13",
      "type": "fact",
      "text": "The referred question is the same as in the other appeal",
      "anchor": {
        "doc_id": "sha256:4a825707b01f",
        "start_char": 1150,
        "end_char": 1220,
        "text_hash": "cfb7f143d6925199",
        "display_location": "0",
        "secondary_spans": [],
        "surface_text": "would make any difference in the answer to the referred question which is the same as in the other appeal. That being the position, this case is governed by the judgment"
      },
      "fact_type": "procedural",
      "actor_source": "court",
      "date": null,
      "date_approximate": false,
      "disputed_by": null,
      "court_finding": "accepted",
      "confidence": "high",
      "provenance": {
        "extraction_method": "llm",
        "model_id": "grok-4-1-fast-reasoning",
        "prompt_id": null,
        "run_id": null,
        "temperature": 0.1,
        "timestamp": "2026-02-04T22:28:12.195817"
      }
    },
    {
      "id": "f14",
      "type": "fact",
      "text": "This case is governed by the judgment pronounced by the Supreme Court in the other appeal",
      "anchor": {
        "doc_id": "sha256:4a825707b01f",
        "start_char": 1220,
        "end_char": 1300,
        "text_hash": "f840a72b648c59e2",
        "display_location": "0",
        "secondary_spans": [],
        "surface_text": "That being the position, this case is governed by the judgment which has just been pronounced by us in the other appeal. We accordingly allow the appeal and answer the referred question in the affirmative."
      },
      "fact_type": "procedural",
      "actor_source": "court",
      "date": null,
      "date_approximate": false,
      "disputed_by": null,
      "court_finding": "accepted",
      "confidence": "high",
      "provenance": {
        "extraction_method": "llm",
        "model_id": "grok-4-1-fast-reasoning",
        "prompt_id": null,
        "run_id": null,
        "temperature": 0.1,
        "timestamp": "2026-02-04T22:28:12.195817"
      }
    },
    {
      "id": "f15",
      "type": "fact",
      "text": "Supreme Court allows the appeal",
      "anchor": {
        "doc_id": "sha256:4a825707b01f",
        "start_char": 1320,
        "end_char": 1370,
        "text_hash": "3547a184650fcac2",
        "display_location": "0:9",
        "secondary_spans": [],
        "surface_text": "judgment which has just been pronounced by us in the other appeal. We accordingly allow the appeal and answer the referred question in the affirmative."
      },
      "fact_type": "procedural",
      "actor_source": "court",
      "date": null,
      "date_approximate": false,
      "disputed_by": null,
      "court_finding": "accepted",
      "confidence": "high",
      "provenance": {
        "extraction_method": "llm",
        "model_id": "grok-4-1-fast-reasoning",
        "prompt_id": null,
        "run_id": null,
        "temperature": 0.1,
        "timestamp": "2026-02-04T22:28:12.195817"
      }
    },
    {
      "id": "f16",
      "type": "fact",
      "text": "Supreme Court answers the referred question in the affirmative",
      "anchor": {
        "doc_id": "sha256:4a825707b01f",
        "start_char": 1295,
        "end_char": 1379,
        "text_hash": "3e96d49b7ff0402e",
        "display_location": "0:9",
        "secondary_spans": [],
        "surface_text": "We accordingly allow the appeal and answer the referred question in the affirmative."
      },
      "fact_type": "procedural",
      "actor_source": "court",
      "date": null,
      "date_approximate": false,
      "disputed_by": null,
      "court_finding": "accepted",
      "confidence": "high",
      "provenance": {
        "extraction_method": "llm",
        "model_id": "grok-4-1-fast-reasoning",
        "prompt_id": null,
        "run_id": null,
        "temperature": 0.1,
        "timestamp": "2026-02-04T22:28:12.195817"
      }
    }
  ],
  "concepts": [
    {
      "id": "c1",
      "type": "concept",
      "concept_id": "UNLISTED_IT_ACT_S4_1",
      "anchor": {
        "doc_id": "sha256:4a825707b01f",
        "start_char": 286,
        "end_char": 309,
        "text_hash": "b48e706ab3b51512",
        "display_location": "0:1",
        "secondary_spans": [],
        "surface_text": "Section 4 1  of the Act"
      },
      "relevance": "central",
      "kind": "statute_section",
      "interpretation": "Income, profits and gains from sales to Government of India received in British India",
      "interpretation_anchor": null,
      "unlisted_label": "Section 4(1) of the Income-tax Act",
      "unlisted_description": "Provision determining chargeability of income received in British India",
      "confidence": "high",
      "provenance": {
        "extraction_method": "llm",
        "model_id": "grok-4-1-fast-reasoning",
        "prompt_id": null,
        "run_id": null,
        "temperature": 0.1,
        "timestamp": "2026-02-04T22:29:31.068347"
      }
    },
    {
      "id": "c2",
      "type": "concept",
      "concept_id": "UNLISTED_STARE_DECISIS",
      "anchor": {
        "doc_id": "sha256:4a825707b01f",
        "start_char": 1220,
        "end_char": 1300,
        "text_hash": "f840a72b648c59e2",
        "display_location": "0",
        "secondary_spans": [],
        "surface_text": "That being the position, this case is governed by the judgment which has just been pronounced by us in the other appeal"
      },
      "relevance": "central",
      "kind": "doctrine",
      "interpretation": "Facts similar to prior case, differences immaterial, hence governed by judgment in Civil Appeal No. 19 of 1953",
      "interpretation_anchor": {
        "doc_id": "sha256:4a825707b01f",
        "start_char": 500,
        "end_char": 1020,
        "text_hash": "b89e58a023aad63a",
        "display_location": "0",
        "secondary_spans": [],
        "surface_text": "re us. The facts, found in this case, are similar to those found in Civil Appeal No. 19 of 1953 Commissioner of Income-tax, Bombay v. Messrs, Ogale Gl"
      },
      "unlisted_label": "Stare Decisis",
      "unlisted_description": "Binding nature of precedent in similar factual matrix",
      "confidence": "high",
      "provenance": {
        "extraction_method": "llm",
        "model_id": "grok-4-1-fast-reasoning",
        "prompt_id": null,
        "run_id": null,
        "temperature": 0.1,
        "timestamp": "2026-02-04T22:29:31.068347"
      }
    }
  ],
  "issues": [
    {
      "id": "i1",
      "type": "issue",
      "text": "Whether on the facts of the case, income, profits and gains in respect of sales made to Government of India was received in British India within the meaning of Section 4 1  of the Act ?",
      "anchor": {
        "doc_id": "sha256:4a825707b01f",
        "start_char": 127,
        "end_char": 310,
        "text_hash": "19483b7aabcf360b",
        "display_location": "0:1",
        "secondary_spans": [],
        "surface_text": "Whether on the facts of the case, income, profits and gains in respect of sales made to Government of India was received in British India within the meaning of Section 4 1  of"
      },
      "issue_number": null,
      "framed_by": "court",
      "primary_concepts": [
        "c1",
        "c2"
      ],
      "answer": "yes",
      "confidence": "high",
      "provenance": {
        "extraction_method": "llm",
        "model_id": "grok-4-1-fast-reasoning",
        "prompt_id": null,
        "run_id": null,
        "temperature": 0.1,
        "timestamp": "2026-02-04T22:30:47.130350"
      }
    }
  ],
  "arguments": [
    {
      "id": "a1",
      "type": "argument",
      "claim": "income, profits and gains in respect of sales made to Government of India was not received in British India within the meaning of Section 4 1 of the Act",
      "anchor": {
        "doc_id": "sha256:4a825707b01f",
        "start_char": 321,
        "end_char": 380,
        "text_hash": "449b6cc9623f58c4",
        "display_location": "0:2",
        "secondary_spans": [],
        "surface_text": "The High Court answered the question in the negative for reasons set out in its judgment companyering this case as well as the case out of which Appeal No. 19 of 1953"
      },
      "actor": "lower_court",
      "schemes": [
        "other"
      ],
      "qualifiers": null,
      "court_response": "rejected",
      "court_response_anchor": null,
      "court_reasoning": "This case governed by judgment pronounced by Supreme Court in similar prior appeal",
      "confidence": "high",
      "provenance": {
        "extraction_method": "llm",
        "model_id": "grok-4-1-fast-reasoning",
        "prompt_id": null,
        "run_id": null,
        "temperature": 0.1,
        "timestamp": "2026-02-04T22:31:43.867100"
      }
    },
    {
      "id": "a2",
      "type": "argument",
      "claim": "the differences numbered above would not make any difference in the answer to the referred question which is the same as in the other appeal",
      "anchor": {
        "doc_id": "sha256:4a825707b01f",
        "start_char": 1020,
        "end_char": 1150,
        "text_hash": "7c40a7189be3b156",
        "display_location": "0:7",
        "secondary_spans": [],
        "surface_text": "Learned companynsel on either side did number suggest that the differences numbered above would make any difference in the answer to the referred question which is the same as in the other appeal."
      },
      "actor": "petitioner",
      "schemes": [
        "precedent_analogy"
      ],
      "qualifiers": null,
      "court_response": "accepted",
      "court_response_anchor": {
        "doc_id": "sha256:4a825707b01f",
        "start_char": 1220,
        "end_char": 1300,
        "text_hash": "f840a72b648c59e2",
        "display_location": "0",
        "secondary_spans": [],
        "surface_text": " by the judgment which has just been pronounced by us in the other appeal. We ac"
      },
      "court_reasoning": "That being the position, this case is governed by the judgment in the other appeal",
      "confidence": "high",
      "provenance": {
        "extraction_method": "llm",
        "model_id": "grok-4-1-fast-reasoning",
        "prompt_id": null,
        "run_id": null,
        "temperature": 0.1,
        "timestamp": "2026-02-04T22:31:43.867100"
      }
    },
    {
      "id": "a3",
      "type": "argument",
      "claim": "the differences numbered above would not make any difference in the answer to the referred question which is the same as in the other appeal",
      "anchor": {
        "doc_id": "sha256:4a825707b01f",
        "start_char": 1020,
        "end_char": 1150,
        "text_hash": "7c40a7189be3b156",
        "display_location": "0:7",
        "secondary_spans": [],
        "surface_text": "Learned companynsel on either side did number suggest that the differences numbered above would make any difference in the answer to the referred question which is the same as in the other appeal."
      },
      "actor": "respondent",
      "schemes": [
        "precedent_analogy"
      ],
      "qualifiers": null,
      "court_response": "accepted",
      "court_response_anchor": {
        "doc_id": "sha256:4a825707b01f",
        "start_char": 1220,
        "end_char": 1300,
        "text_hash": "f840a72b648c59e2",
        "display_location": "0",
        "secondary_spans": [],
        "surface_text": " by the judgment which has just been pronounced by us in the other appeal. We ac"
      },
      "court_reasoning": "That being the position, this case is governed by the judgment in the other appeal",
      "confidence": "high",
      "provenance": {
        "extraction_method": "llm",
        "model_id": "grok-4-1-fast-reasoning",
        "prompt_id": null,
        "run_id": null,
        "temperature": 0.1,
        "timestamp": "2026-02-04T22:31:43.867100"
      }
    },
    {
      "id": "a4",
      "type": "argument",
      "claim": "this case is governed by the judgment which has just been pronounced by us in the other appeal",
      "anchor": {
        "doc_id": "sha256:4a825707b01f",
        "start_char": 1220,
        "end_char": 1300,
        "text_hash": "f840a72b648c59e2",
        "display_location": "0",
        "secondary_spans": [],
        "surface_text": "That being the position, this case is governed by the judgment which has just been pronounced by us in the other appeal."
      },
      "actor": "court",
      "schemes": [
        "precedent_following",
        "precedent_analogy"
      ],
      "qualifiers": null,
      "court_response": null,
      "court_response_anchor": null,
      "court_reasoning": null,
      "confidence": "high",
      "provenance": {
        "extraction_method": "llm",
        "model_id": "grok-4-1-fast-reasoning",
        "prompt_id": null,
        "run_id": null,
        "temperature": 0.1,
        "timestamp": "2026-02-04T22:31:43.867100"
      }
    }
  ],
  "holdings": [
    {
      "id": "h1",
      "type": "holding",
      "text": "That being the position, this case is governed by the judgment which has just been pronounced by us in the other appeal.",
      "anchor": {
        "doc_id": "sha256:4a825707b01f",
        "start_char": 1220,
        "end_char": 1300,
        "text_hash": "f840a72b648c59e2",
        "display_location": "0",
        "secondary_spans": [],
        "surface_text": "That being the position, this case is governed by the judgment which has just been pronounced by us in the other appeal."
      },
      "resolves_issue": null,
      "is_ratio": true,
      "novel": false,
      "reasoning_summary": "Facts similar to Civil Appeal No. 19 of 1953 except immaterial differences as agreed by counsel; referred question identical.",
      "schemes": [
        "precedent_following",
        "precedent_analogy"
      ],
      "confidence": "high",
      "provenance": {
        "extraction_method": "llm",
        "model_id": "grok-4-1-fast-reasoning",
        "prompt_id": null,
        "run_id": null,
        "temperature": 0.1,
        "timestamp": "2026-02-04T22:32:47.039922"
      }
    },
    {
      "id": "h2",
      "type": "holding",
      "text": "We accordingly allow the appeal and answer the referred question in the affirmative.",
      "anchor": {
        "doc_id": "sha256:4a825707b01f",
        "start_char": 1295,
        "end_char": 1379,
        "text_hash": "3e96d49b7ff0402e",
        "display_location": "0:9",
        "secondary_spans": [],
        "surface_text": "We accordingly allow the appeal and answer the referred question in the affirmative."
      },
      "resolves_issue": "i1",
      "is_ratio": true,
      "novel": false,
      "reasoning_summary": "Case governed by judgment in companion appeal No. 19 of 1953 on identical question and similar facts.",
      "schemes": [
        "precedent_following"
      ],
      "confidence": "high",
      "provenance": {
        "extraction_method": "llm",
        "model_id": "grok-4-1-fast-reasoning",
        "prompt_id": null,
        "run_id": null,
        "temperature": 0.1,
        "timestamp": "2026-02-04T22:32:47.039922"
      }
    }
  ],
  "precedents": [
    {
      "id": "p1",
      "type": "precedent",
      "citation": "Appeal No. 19 of 1953",
      "anchor": {
        "doc_id": "sha256:4a825707b01f",
        "start_char": 426,
        "end_char": 446,
        "text_hash": "76ae245109876367",
        "display_location": "0:2",
        "secondary_spans": [],
        "surface_text": "Appeal No. 19 of 1953 came to be filed before us."
      },
      "case_name": "Commissioner of Income-tax, Bombay v. Messrs, Ogale Glass Works Ltd.",
      "case_year": 1953,
      "cited_case_id": null,
      "cited_proposition": "the case out of which the appeal arose, with similar facts and same referred question",
      "cited_holding": null,
      "treatment": "followed",
      "relevance": "central",
      "confidence": "high",
      "provenance": {
        "extraction_method": "llm",
        "model_id": "grok-4-1-fast-reasoning",
        "prompt_id": null,
        "run_id": null,
        "temperature": 0.1,
        "timestamp": "2026-02-04T22:33:20.436509"
      }
    },
    {
      "id": "p2",
      "type": "precedent",
      "citation": "Civil Appeal No. 19 of 1953 Commissioner of Income-tax, Bombay v. Messrs, Ogale Glass Works Ltd.",
      "anchor": {
        "doc_id": "sha256:4a825707b01f",
        "start_char": 533,
        "end_char": 628,
        "text_hash": "c8ea09b75f21049d",
        "display_location": "0",
        "secondary_spans": [],
        "surface_text": "Civil Appeal No. 19 of 1953 Commissioner of Income-tax, Bombay v. Messrs, Ogale Glass Works Ltd., except in the following particulars  1  that all cheques were made"
      },
      "case_name": "Commissioner of Income-tax, Bombay v. Messrs, Ogale Glass Works Ltd.",
      "case_year": 1953,
      "cited_case_id": null,
      "cited_proposition": "facts similar and case governed by judgment pronounced therein on the referred question whether income was received in British India",
      "cited_holding": null,
      "treatment": "followed",
      "relevance": "central",
      "confidence": "high",
      "provenance": {
        "extraction_method": "llm",
        "model_id": "grok-4-1-fast-reasoning",
        "prompt_id": null,
        "run_id": null,
        "temperature": 0.1,
        "timestamp": "2026-02-04T22:33:20.436509"
      }
    }
  ],
  "justification_sets": [
    {
      "id": "js1",
      "type": "justification_set",
      "target_id": "h2",
      "logic": "and",
      "label": "Stare Decisis support",
      "is_primary": true,
      "confidence": "high",
      "provenance": null
    }
  ],
  "outcome": {
    "id": "outcome",
    "type": "outcome",
    "disposition": "allowed",
    "anchor": {
      "doc_id": "sha256:4a825707b01f",
      "start_char": 1257,
      "end_char": 1340,
      "text_hash": "956c82eee7490c02",
      "display_location": "0",
      "secondary_spans": [],
      "surface_text": "We accordingly allow the appeal and answer the referred question in the affirmative."
    },
    "binary": "accepted",
    "relief_summary": "Appeal allowed and referred question answered in the affirmative",
    "costs": null,
    "directions": [
      "answer the referred question in the affirmative"
    ],
    "provenance": {
      "extraction_method": "llm",
      "model_id": "grok-4-1-fast-reasoning",
      "prompt_id": null,
      "run_id": null,
      "temperature": 0.1,
      "timestamp": "2026-02-04T22:34:40.506624"
    }
  },
  "edges": [
    {
      "id": "e_d839df69_2",
      "source": "a1",
      "target": "c1",
      "relation": "rebuts",
      "anchor": {
        "doc_id": "sha256:4a825707b01f",
        "start_char": 321,
        "end_char": 380,
        "text_hash": "449b6cc9623f58c4",
        "display_location": "0:2",
        "secondary_spans": [],
        "surface_text": "Court answered the question in the negative for reasons set"
      },
      "explanation": "Argument explicitly claims income was not received in British India within meaning of Section 4(1), rebutting the concept",
      "confidence": "high",
      "strength": "strong",
      "support_group_ids": [],
      "is_critical": true,
      "provenance": {
        "extraction_method": "llm",
        "model_id": "grok-4-1-fast-reasoning",
        "prompt_id": null,
        "run_id": null,
        "temperature": 0.1,
        "timestamp": "2026-02-04T22:36:23.717485"
      }
    },
    {
      "id": "e_d839df69_3",
      "source": "a1",
      "target": "i1",
      "relation": "addresses",
      "anchor": {
        "doc_id": "sha256:4a825707b01f",
        "start_char": 321,
        "end_char": 380,
        "text_hash": "449b6cc9623f58c4",
        "display_location": "0:2",
        "secondary_spans": [],
        "surface_text": "Court answered the question in the negative for reasons set"
      },
      "explanation": "Argument directly responds to the issue by denying receipt of income in British India under Section 4(1)",
      "confidence": "high",
      "strength": "moderate",
      "support_group_ids": [],
      "is_critical": false,
      "provenance": {
        "extraction_method": "llm",
        "model_id": "grok-4-1-fast-reasoning",
        "prompt_id": null,
        "run_id": null,
        "temperature": 0.1,
        "timestamp": "2026-02-04T22:36:23.717485"
      }
    },
    {
      "id": "e_eab3d494_5",
      "source": "a2",
      "target": "c2",
      "relation": "grounds",
      "anchor": {
        "doc_id": "sha256:4a825707b01f",
        "start_char": 1020,
        "end_char": 1150,
        "text_hash": "7c40a7189be3b156",
        "display_location": "0:7",
        "secondary_spans": [],
        "surface_text": "er suggest that the differences numbered above would make any difference in the answer to the referred question which is the same "
      },
      "explanation": "Differences would not make any difference in the answer to the referred question which is the same as in the other appeal, this case is governed, grounding stare decisis",
      "confidence": "high",
      "strength": "strong",
      "support_group_ids": [],
      "is_critical": true,
      "provenance": {
        "extraction_method": "llm",
        "model_id": "grok-4-1-fast-reasoning",
        "prompt_id": null,
        "run_id": null,
        "temperature": 0.1,
        "timestamp": "2026-02-04T22:37:09.245865"
      }
    },
    {
      "id": "e_eab3d494_15",
      "source": "a2",
      "target": "i1",
      "relation": "addresses",
      "anchor": {
        "doc_id": "sha256:4a825707b01f",
        "start_char": 1020,
        "end_char": 1150,
        "text_hash": "7c40a7189be3b156",
        "display_location": "0:7",
        "secondary_spans": [],
        "surface_text": "er suggest that the differences numbered above would make any difference in the answer to the referred question which is the same "
      },
      "explanation": "Addresses the referred question which is the same as in other appeal",
      "confidence": "high",
      "strength": "moderate",
      "support_group_ids": [],
      "is_critical": false,
      "provenance": {
        "extraction_method": "llm",
        "model_id": "grok-4-1-fast-reasoning",
        "prompt_id": null,
        "run_id": null,
        "temperature": 0.1,
        "timestamp": "2026-02-04T22:37:09.245865"
      }
    },
    {
      "id": "e_eab3d494_6",
      "source": "a3",
      "target": "c2",
      "relation": "grounds",
      "anchor": {
        "doc_id": "sha256:4a825707b01f",
        "start_char": 1020,
        "end_char": 1150,
        "text_hash": "7c40a7189be3b156",
        "display_location": "0:7",
        "secondary_spans": [],
        "surface_text": "er suggest that the differences numbered above would make any difference in the answer to the referred question which is the same "
      },
      "explanation": "Differences would not make any difference in the answer to the referred question which is the same as in the other appeal, this case is governed, grounding stare decisis",
      "confidence": "high",
      "strength": "strong",
      "support_group_ids": [],
      "is_critical": true,
      "provenance": {
        "extraction_method": "llm",
        "model_id": "grok-4-1-fast-reasoning",
        "prompt_id": null,
        "run_id": null,
        "temperature": 0.1,
        "timestamp": "2026-02-04T22:37:09.245865"
      }
    },
    {
      "id": "e_eab3d494_7",
      "source": "a4",
      "target": "c2",
      "relation": "supports",
      "anchor": {
        "doc_id": "sha256:4a825707b01f",
        "start_char": 1220,
        "end_char": 1300,
        "text_hash": "f840a72b648c59e2",
        "display_location": "0",
        "secondary_spans": [],
        "surface_text": " by the judgment which has just been pronounced by us in the other appeal. We ac"
      },
      "explanation": "This case is governed by the judgment which has just been pronounced by us in the other appeal, supporting stare decisis",
      "confidence": "high",
      "strength": "strong",
      "support_group_ids": [],
      "is_critical": true,
      "provenance": {
        "extraction_method": "llm",
        "model_id": "grok-4-1-fast-reasoning",
        "prompt_id": null,
        "run_id": null,
        "temperature": 0.1,
        "timestamp": "2026-02-04T22:37:09.245865"
      }
    },
    {
      "id": "e_eab3d494_9",
      "source": "a4",
      "target": "h2",
      "relation": "supports",
      "anchor": {
        "doc_id": "sha256:4a825707b01f",
        "start_char": 1220,
        "end_char": 1379,
        "text_hash": "dcb8b4585647bf36",
        "display_location": "0",
        "secondary_spans": [],
        "surface_text": " by the judgment which has just been pronounced by us in the other appeal. We accordingly allow the appeal and answer the referred question in the aff"
      },
      "explanation": "Argument that case governed by other judgment supports the holding accordingly allowing appeal",
      "confidence": "high",
      "strength": "moderate",
      "support_group_ids": [
        "js1"
      ],
      "is_critical": false,
      "provenance": {
        "extraction_method": "llm",
        "model_id": "grok-4-1-fast-reasoning",
        "prompt_id": null,
        "run_id": null,
        "temperature": 0.1,
        "timestamp": "2026-02-04T22:37:09.245865"
      }
    },
    {
      "id": "e_eab3d494_8",
      "source": "c2",
      "target": "h2",
      "relation": "grounds",
      "anchor": {
        "doc_id": "sha256:4a825707b01f",
        "start_char": 1220,
        "end_char": 1379,
        "text_hash": "dcb8b4585647bf36",
        "display_location": "0",
        "secondary_spans": [],
        "surface_text": " by the judgment which has just been pronounced by us in the other appeal. We accordingly allow the appeal and answer the referred question in the aff"
      },
      "explanation": "Stare decisis application that case is governed by prior judgment grounds the holding to allow appeal and answer affirmatively",
      "confidence": "high",
      "strength": "strong",
      "support_group_ids": [
        "js1"
      ],
      "is_critical": true,
      "provenance": {
        "extraction_method": "llm",
        "model_id": "grok-4-1-fast-reasoning",
        "prompt_id": null,
        "run_id": null,
        "temperature": 0.1,
        "timestamp": "2026-02-04T22:37:09.245865"
      }
    },
    {
      "id": "e_eab3d494_17",
      "source": "c2",
      "target": "i1",
      "relation": "addresses",
      "anchor": {
        "doc_id": "sha256:4a825707b01f",
        "start_char": 1220,
        "end_char": 1300,
        "text_hash": "f840a72b648c59e2",
        "display_location": "0",
        "secondary_spans": [],
        "surface_text": " by the judgment which has just been pronounced by us in the other appeal. We ac"
      },
      "explanation": "Stare decisis governs the case, addressing the referred question issue",
      "confidence": "high",
      "strength": "strong",
      "support_group_ids": [],
      "is_critical": true,
      "provenance": {
        "extraction_method": "llm",
        "model_id": "grok-4-1-fast-reasoning",
        "prompt_id": null,
        "run_id": null,
        "temperature": 0.1,
        "timestamp": "2026-02-04T22:37:09.245865"
      }
    },
    {
      "id": "e_eab3d494_4",
      "source": "f14",
      "target": "c2",
      "relation": "satisfies",
      "anchor": {
        "doc_id": "sha256:4a825707b01f",
        "start_char": 1220,
        "end_char": 1300,
        "text_hash": "f840a72b648c59e2",
        "display_location": "0",
        "secondary_spans": [],
        "surface_text": " by the judgment which has just been pronounced by us in the other appeal. We ac"
      },
      "explanation": "This case is governed by the judgment pronounced by the Supreme Court in the other appeal, directly satisfying stare decisis",
      "confidence": "high",
      "strength": "strong",
      "support_group_ids": [],
      "is_critical": true,
      "provenance": {
        "extraction_method": "llm",
        "model_id": "grok-4-1-fast-reasoning",
        "prompt_id": null,
        "run_id": null,
        "temperature": 0.1,
        "timestamp": "2026-02-04T22:37:09.245865"
      }
    },
    {
      "id": "e_d839df69_8",
      "source": "f2",
      "target": "c1",
      "relation": "partially_satisfies",
      "anchor": {
        "doc_id": "sha256:4a825707b01f",
        "start_char": 126,
        "end_char": 250,
        "text_hash": "84a44744bc37efaa",
        "display_location": "0:1",
        "secondary_spans": [],
        "surface_text": "Whether on the facts of the case, income, profits and gains in respect of sales made to Government of India was received in "
      },
      "explanation": "Fact of sales to Government generating income partially satisfies the concept of income from such sales under Section 4(1)",
      "confidence": "medium",
      "strength": "weak",
      "support_group_ids": [],
      "is_critical": false,
      "provenance": {
        "extraction_method": "llm",
        "model_id": "grok-4-1-fast-reasoning",
        "prompt_id": null,
        "run_id": null,
        "temperature": 0.1,
        "timestamp": "2026-02-04T22:36:23.717485"
      }
    },
    {
      "id": "e_d839df69_6",
      "source": "f2",
      "target": "i1",
      "relation": "triggers",
      "anchor": {
        "doc_id": "sha256:4a825707b01f",
        "start_char": 126,
        "end_char": 250,
        "text_hash": "84a44744bc37efaa",
        "display_location": "0:1",
        "secondary_spans": [],
        "surface_text": "Whether on the facts of the case, income, profits and gains in respect of sales made to Government of India was received in "
      },
      "explanation": "Fact of sales generating income triggers the issue of whether such income received in British India",
      "confidence": "medium",
      "strength": "moderate",
      "support_group_ids": [],
      "is_critical": true,
      "provenance": {
        "extraction_method": "llm",
        "model_id": "grok-4-1-fast-reasoning",
        "prompt_id": null,
        "run_id": null,
        "temperature": 0.1,
        "timestamp": "2026-02-04T22:36:23.717485"
      }
    },
    {
      "id": "e_d839df69_7",
      "source": "f3",
      "target": "c1",
      "relation": "triggers",
      "anchor": {
        "doc_id": "sha256:4a825707b01f",
        "start_char": 286,
        "end_char": 309,
        "text_hash": "b48e706ab3b51512",
        "display_location": "0:1",
        "secondary_spans": [],
        "surface_text": "Section 4 1  of the Act"
      },
      "explanation": "Fact concerns whether income received within meaning of Section 4(1), triggering the concept",
      "confidence": "high",
      "strength": "moderate",
      "support_group_ids": [],
      "is_critical": false,
      "provenance": {
        "extraction_method": "llm",
        "model_id": "grok-4-1-fast-reasoning",
        "prompt_id": null,
        "run_id": null,
        "temperature": 0.1,
        "timestamp": "2026-02-04T22:36:23.717485"
      }
    },
    {
      "id": "e_d839df69_5",
      "source": "f3",
      "target": "i1",
      "relation": "addresses",
      "anchor": {
        "doc_id": "sha256:4a825707b01f",
        "start_char": 126,
        "end_char": 320,
        "text_hash": "37cf73f4740c7577",
        "display_location": "0",
        "secondary_spans": [],
        "surface_text": "Whether on the facts of the case, income, profits and gains in respect of sales made to Government of India was received in British India within the m"
      },
      "explanation": "Fact describes the referred question concerning receipt under Section 4(1), which is the issue",
      "confidence": "high",
      "strength": "strong",
      "support_group_ids": [],
      "is_critical": false,
      "provenance": {
        "extraction_method": "llm",
        "model_id": "grok-4-1-fast-reasoning",
        "prompt_id": null,
        "run_id": null,
        "temperature": 0.1,
        "timestamp": "2026-02-04T22:36:23.717485"
      }
    },
    {
      "id": "e_eab3d494_14",
      "source": "f8",
      "target": "a2",
      "relation": "grounds",
      "anchor": {
        "doc_id": "sha256:4a825707b01f",
        "start_char": 500,
        "end_char": 1150,
        "text_hash": "5176431e5210c836",
        "display_location": "0",
        "secondary_spans": [],
        "surface_text": "re us. The facts, found in this case, are similar to those found in Civil Appeal No. 19 of 1953 Commissioner of Income-tax, Bombay v. Messrs, Ogale Gl"
      },
      "explanation": "Similar facts except particulars grounds argument that differences immaterial",
      "confidence": "high",
      "strength": "moderate",
      "support_group_ids": [],
      "is_critical": false,
      "provenance": {
        "extraction_method": "llm",
        "model_id": "grok-4-1-fast-reasoning",
        "prompt_id": null,
        "run_id": null,
        "temperature": 0.1,
        "timestamp": "2026-02-04T22:37:09.245865"
      }
    },
    {
      "id": "e_eab3d494_1",
      "source": "f8",
      "target": "c2",
      "relation": "partially_satisfies",
      "anchor": {
        "doc_id": "sha256:4a825707b01f",
        "start_char": 500,
        "end_char": 700,
        "text_hash": "e2796bfafa045439",
        "display_location": "0",
        "secondary_spans": [],
        "surface_text": "re us. The facts, found in this case, are similar to those found in Civil Appeal No. 19 of 1953 Commissioner of Income-tax, Bombay v. Messrs, Ogale Gl"
      },
      "explanation": "Facts found in this case are similar to those in Civil Appeal No. 19 of 1953 except in specified particulars, providing partial basis for stare decisis application due to factual similarity despite noted differences",
      "confidence": "high",
      "strength": "strong",
      "support_group_ids": [],
      "is_critical": true,
      "provenance": {
        "extraction_method": "llm",
        "model_id": "grok-4-1-fast-reasoning",
        "prompt_id": null,
        "run_id": null,
        "temperature": 0.1,
        "timestamp": "2026-02-04T22:37:09.245865"
      }
    },
    {
      "id": "e_h1_determines_outcome",
      "source": "h1",
      "target": "outcome",
      "relation": "determines",
      "anchor": {
        "doc_id": "sha256:4a825707b01f",
        "start_char": 1257,
        "end_char": 1340,
        "text_hash": "956c82eee7490c02",
        "display_location": "0",
        "secondary_spans": [],
        "surface_text": "We accordingly allow the appeal and answer the referred question in the affirmative."
      },
      "explanation": null,
      "confidence": "high",
      "strength": "strong",
      "support_group_ids": [],
      "is_critical": true,
      "provenance": null
    },
    {
      "id": "e_d839df69_9",
      "source": "h2",
      "target": "c1",
      "relation": "supports",
      "anchor": {
        "doc_id": "sha256:4a825707b01f",
        "start_char": 1295,
        "end_char": 1379,
        "text_hash": "3e96d49b7ff0402e",
        "display_location": "0:9",
        "secondary_spans": [],
        "surface_text": "We accordingly allow the appeal and answer the referred question in the affirmative."
      },
      "explanation": "Affirmative answer to question supports that income satisfies Section 4(1) concept",
      "confidence": "medium",
      "strength": "moderate",
      "support_group_ids": [],
      "is_critical": true,
      "provenance": {
        "extraction_method": "llm",
        "model_id": "grok-4-1-fast-reasoning",
        "prompt_id": null,
        "run_id": null,
        "temperature": 0.1,
        "timestamp": "2026-02-04T22:36:23.717485"
      }
    },
    {
      "id": "e_d839df69_4",
      "source": "h2",
      "target": "i1",
      "relation": "addresses",
      "anchor": {
        "doc_id": "sha256:4a825707b01f",
        "start_char": 1295,
        "end_char": 1379,
        "text_hash": "3e96d49b7ff0402e",
        "display_location": "0:9",
        "secondary_spans": [],
        "surface_text": "We accordingly allow the appeal and answer the referred question in the affirmative."
      },
      "explanation": "Holding explicitly answers the referred question (the issue) in the affirmative",
      "confidence": "high",
      "strength": "strong",
      "support_group_ids": [],
      "is_critical": true,
      "provenance": {
        "extraction_method": "llm",
        "model_id": "grok-4-1-fast-reasoning",
        "prompt_id": null,
        "run_id": null,
        "temperature": 0.1,
        "timestamp": "2026-02-04T22:36:23.717485"
      }
    },
    {
      "id": "e_h2_resolves_i1",
      "source": "h2",
      "target": "i1",
      "relation": "resolves",
      "anchor": {
        "doc_id": "sha256:4a825707b01f",
        "start_char": 1295,
        "end_char": 1379,
        "text_hash": "3e96d49b7ff0402e",
        "display_location": "0:9",
        "secondary_spans": [],
        "surface_text": "We accordingly allow the appeal and answer the referred question in the affirmative."
      },
      "explanation": null,
      "confidence": "high",
      "strength": "strong",
      "support_group_ids": [],
      "is_critical": false,
      "provenance": null
    },
    {
      "id": "e_h2_determines_outcome",
      "source": "h2",
      "target": "outcome",
      "relation": "determines",
      "anchor": {
        "doc_id": "sha256:4a825707b01f",
        "start_char": 1257,
        "end_char": 1340,
        "text_hash": "956c82eee7490c02",
        "display_location": "0",
        "secondary_spans": [],
        "surface_text": "We accordingly allow the appeal and answer the referred question in the affirmative."
      },
      "explanation": null,
      "confidence": "high",
      "strength": "strong",
      "support_group_ids": [],
      "is_critical": true,
      "provenance": null
    },
    {
      "id": "e_eab3d494_12",
      "source": "h2",
      "target": "p1",
      "relation": "follows",
      "anchor": {
        "doc_id": "sha256:4a825707b01f",
        "start_char": 1220,
        "end_char": 1379,
        "text_hash": "dcb8b4585647bf36",
        "display_location": "0",
        "secondary_spans": [],
        "surface_text": " by the judgment which has just been pronounced by us in the other appeal. We accordingly allow the appeal and answer the referred question in the aff"
      },
      "explanation": "Holding follows the judgment pronounced in the other appeal (p1)",
      "confidence": "high",
      "strength": "strong",
      "support_group_ids": [],
      "is_critical": true,
      "provenance": {
        "extraction_method": "llm",
        "model_id": "grok-4-1-fast-reasoning",
        "prompt_id": null,
        "run_id": null,
        "temperature": 0.1,
        "timestamp": "2026-02-04T22:37:09.245865"
      }
    },
    {
      "id": "e_eab3d494_13",
      "source": "h2",
      "target": "p2",
      "relation": "follows",
      "anchor": {
        "doc_id": "sha256:4a825707b01f",
        "start_char": 1220,
        "end_char": 1379,
        "text_hash": "dcb8b4585647bf36",
        "display_location": "0",
        "secondary_spans": [],
        "surface_text": " by the judgment which has just been pronounced by us in the other appeal. We accordingly allow the appeal and answer the referred question in the aff"
      },
      "explanation": "Holding follows judgment in Civil Appeal No. 19 of 1953 (p2)",
      "confidence": "high",
      "strength": "strong",
      "support_group_ids": [],
      "is_critical": true,
      "provenance": {
        "extraction_method": "llm",
        "model_id": "grok-4-1-fast-reasoning",
        "prompt_id": null,
        "run_id": null,
        "temperature": 0.1,
        "timestamp": "2026-02-04T22:37:09.245865"
      }
    },
    {
      "id": "e_d839df69_1",
      "source": "i1",
      "target": "c1",
      "relation": "addresses",
      "anchor": {
        "doc_id": "sha256:4a825707b01f",
        "start_char": 286,
        "end_char": 309,
        "text_hash": "b48e706ab3b51512",
        "display_location": "0:1",
        "secondary_spans": [],
        "surface_text": "Section 4 1  of the Act"
      },
      "explanation": "Issue explicitly questions whether income received within meaning of Section 4(1), directly addressing the concept",
      "confidence": "high",
      "strength": "strong",
      "support_group_ids": [],
      "is_critical": true,
      "provenance": {
        "extraction_method": "llm",
        "model_id": "grok-4-1-fast-reasoning",
        "prompt_id": null,
        "run_id": null,
        "temperature": 0.1,
        "timestamp": "2026-02-04T22:36:23.717485"
      }
    },
    {
      "id": "e_eab3d494_19",
      "source": "i1",
      "target": "p1",
      "relation": "addresses",
      "anchor": {
        "doc_id": "sha256:4a825707b01f",
        "start_char": 1020,
        "end_char": 1150,
        "text_hash": "7c40a7189be3b156",
        "display_location": "0:7",
        "secondary_spans": [],
        "surface_text": "er suggest that the differences numbered above would make any difference in the answer to the referred question which is the same "
      },
      "explanation": "Issue is the referred question same as in the other appeal (p1)",
      "confidence": "high",
      "strength": "moderate",
      "support_group_ids": [],
      "is_critical": false,
      "provenance": {
        "extraction_method": "llm",
        "model_id": "grok-4-1-fast-reasoning",
        "prompt_id": null,
        "run_id": null,
        "temperature": 0.1,
        "timestamp": "2026-02-04T22:37:09.245865"
      }
    },
    {
      "id": "e_eab3d494_2",
      "source": "p1",
      "target": "c2",
      "relation": "supports",
      "anchor": {
        "doc_id": "sha256:4a825707b01f",
        "start_char": 426,
        "end_char": 446,
        "text_hash": "76ae245109876367",
        "display_location": "0:2",
        "secondary_spans": [],
        "surface_text": " well as the case ou"
      },
      "explanation": "Precedent explicitly noted as having similar facts and same referred question, supporting stare decisis",
      "confidence": "high",
      "strength": "strong",
      "support_group_ids": [],
      "is_critical": true,
      "provenance": {
        "extraction_method": "llm",
        "model_id": "grok-4-1-fast-reasoning",
        "prompt_id": null,
        "run_id": null,
        "temperature": 0.1,
        "timestamp": "2026-02-04T22:37:09.245865"
      }
    },
    {
      "id": "e_eab3d494_10",
      "source": "p1",
      "target": "h2",
      "relation": "supports",
      "anchor": {
        "doc_id": "sha256:4a825707b01f",
        "start_char": 1220,
        "end_char": 1300,
        "text_hash": "f840a72b648c59e2",
        "display_location": "0",
        "secondary_spans": [],
        "surface_text": " by the judgment which has just been pronounced by us in the other appeal. We ac"
      },
      "explanation": "Prior precedent's judgment governs this case, supporting the holding",
      "confidence": "high",
      "strength": "strong",
      "support_group_ids": [
        "js1"
      ],
      "is_critical": true,
      "provenance": {
        "extraction_method": "llm",
        "model_id": "grok-4-1-fast-reasoning",
        "prompt_id": null,
        "run_id": null,
        "temperature": 0.1,
        "timestamp": "2026-02-04T22:37:09.245865"
      }
    },
    {
      "id": "e_eab3d494_16",
      "source": "p1",
      "target": "i1",
      "relation": "supports",
      "anchor": {
        "doc_id": "sha256:4a825707b01f",
        "start_char": 426,
        "end_char": 446,
        "text_hash": "76ae245109876367",
        "display_location": "0:2",
        "secondary_spans": [],
        "surface_text": " well as the case ou"
      },
      "explanation": "Precedent has same referred question, supports resolution of issue",
      "confidence": "high",
      "strength": "moderate",
      "support_group_ids": [],
      "is_critical": false,
      "provenance": {
        "extraction_method": "llm",
        "model_id": "grok-4-1-fast-reasoning",
        "prompt_id": null,
        "run_id": null,
        "temperature": 0.1,
        "timestamp": "2026-02-04T22:37:09.245865"
      }
    },
    {
      "id": "e_eab3d494_3",
      "source": "p2",
      "target": "c2",
      "relation": "supports",
      "anchor": {
        "doc_id": "sha256:4a825707b01f",
        "start_char": 533,
        "end_char": 628,
        "text_hash": "c8ea09b75f21049d",
        "display_location": "0",
        "secondary_spans": [],
        "surface_text": "ase, are similar to those found in Civil Appeal No. 19 of 1953 Commissioner of Income-tax, Bomb"
      },
      "explanation": "Precedent references Civil Appeal No. 19 of 1953 with facts similar, supporting stare decisis application",
      "confidence": "high",
      "strength": "strong",
      "support_group_ids": [],
      "is_critical": true,
      "provenance": {
        "extraction_method": "llm",
        "model_id": "grok-4-1-fast-reasoning",
        "prompt_id": null,
        "run_id": null,
        "temperature": 0.1,
        "timestamp": "2026-02-04T22:37:09.245865"
      }
    },
    {
      "id": "e_eab3d494_11",
      "source": "p2",
      "target": "h2",
      "relation": "supports",
      "anchor": {
        "doc_id": "sha256:4a825707b01f",
        "start_char": 1220,
        "end_char": 1300,
        "text_hash": "f840a72b648c59e2",
        "display_location": "0",
        "secondary_spans": [],
        "surface_text": " by the judgment which has just been pronounced by us in the other appeal. We ac"
      },
      "explanation": "Prior precedent Civil Appeal No. 19 judgment governs, supporting holding",
      "confidence": "high",
      "strength": "strong",
      "support_group_ids": [
        "js1"
      ],
      "is_critical": true,
      "provenance": {
        "extraction_method": "llm",
        "model_id": "grok-4-1-fast-reasoning",
        "prompt_id": null,
        "run_id": null,
        "temperature": 0.1,
        "timestamp": "2026-02-04T22:37:09.245865"
      }
    }
  ],
  "reasoning_chains": [
    {
      "id": "rc_i1_h2",
      "issue_id": "i1",
      "fact_ids": [
        "f14",
        "f8",
        "f2",
        "f3"
      ],
      "concept_ids": [
        "c2"
      ],
      "argument_ids": [
        "a4",
        "a2",
        "a3",
        "a1"
      ],
      "holding_id": "h2",
      "edge_ids": [
        "e_eab3d494_9",
        "e_eab3d494_8",
        "e_eab3d494_10",
        "e_eab3d494_11",
        "e_eab3d494_5",
        "e_eab3d494_6",
        "e_eab3d494_7",
        "e_eab3d494_4",
        "e_eab3d494_1",
        "e_eab3d494_2",
        "e_eab3d494_3",
        "e_eab3d494_12",
        "e_eab3d494_19",
        "e_eab3d494_13",
        "e_eab3d494_14",
        "e_d839df69_3",
        "e_eab3d494_15",
        "e_eab3d494_17",
        "e_d839df69_6",
        "e_d839df69_5",
        "e_d839df69_4",
        "e_eab3d494_16"
      ],
      "justification_set_id": "js1",
      "critical_nodes": [
        "c2",
        "p1",
        "p2",
        "a2",
        "a3",
        "a4",
        "f14",
        "f8",
        "h2",
        "f2"
      ],
      "narrative": "Issue i1 resolved by holding h2. Facts: f14, f8, f2, f3. Concepts: c2. Arguments: a4, a2, a3, a1."
    }
  ],
  "_meta": {
    "schema_version": "2.1.2",
    "quality_tier": "silver",
    "extraction_model": "grok-4-1-fast-reasoning",
    "extraction_timestamp": "2026-02-04T22:28:12.195739",
    "retry_attempts": 0,
    "validation_warnings": [
      "Fact f16: end_char exceeds doc length"
    ],
    "cluster_membership": {
      "c1": [
        "UNLISTED_IT_ACT_S4_1"
      ],
      "c2": [
        "UNLISTED_STARE_DECISIS"
      ],
      "i1": [
        "UNLISTED_IT_ACT_S4_1",
        "UNLISTED_STARE_DECISIS"
      ],
      "h2": [
        "UNLISTED_IT_ACT_S4_1",
        "UNLISTED_STARE_DECISIS"
      ],
      "f2": [
        "UNLISTED_IT_ACT_S4_1"
      ],
      "f3": [
        "UNLISTED_IT_ACT_S4_1"
      ],
      "f5": [
        "UNLISTED_STARE_DECISIS"
      ],
      "f6": [
        "UNLISTED_STARE_DECISIS"
      ],
      "f7": [
        "UNLISTED_STARE_DECISIS"
      ],
      "f8": [
        "UNLISTED_STARE_DECISIS"
      ],
      "f14": [
        "UNLISTED_STARE_DECISIS"
      ],
      "a1": [
        "UNLISTED_IT_ACT_S4_1"
      ],
      "a2": [
        "UNLISTED_STARE_DECISIS"
      ],
      "a3": [
        "UNLISTED_STARE_DECISIS"
      ],
      "a4": [
        "UNLISTED_STARE_DECISIS"
      ],
      "p1": [
        "UNLISTED_STARE_DECISIS"
      ],
      "p2": [
        "UNLISTED_STARE_DECISIS"
      ]
    },
    "cluster_summary": {
      "UNLISTED_IT_ACT_S4_1": {
        "label": "Section 4(1) of the Income-tax Act",
        "logic": "and",
        "facts": [
          "f2",
          "f3"
        ],
        "concepts": [
          "c1"
        ],
        "issues": [
          "i1"
        ],
        "arguments": [
          "a1"
        ],
        "holdings": [
          "h2"
        ],
        "precedents": []
      },
      "UNLISTED_STARE_DECISIS": {
        "label": "Stare Decisis",
        "logic": "and",
        "facts": [
          "f5",
          "f6",
          "f7",
          "f8",
          "f14"
        ],
        "concepts": [
          "c2"
        ],
        "issues": [
          "i1"
        ],
        "arguments": [
          "a2",
          "a3",
          "a4"
        ],
        "holdings": [
          "h2"
        ],
        "precedents": [
          "p1",
          "p2"
        ]
      }
    }
  }
}