{
  "case_id": "1954_31",
  "case_name": null,
  "case_year": null,
  "court": null,
  "judges": [],
  "facts": [],
  "concepts": [
    {
      "id": "c1",
      "type": "concept",
      "concept_id": "UNLISTED_INCOMETAX_S66A",
      "anchor": {
        "doc_id": "sha256:898d35396550",
        "start_char": 41,
        "end_char": 89,
        "text_hash": "96b1cc8b601925a2",
        "display_location": "0:1",
        "secondary_spans": [],
        "surface_text": "Section 66A of the Indian Income-tax Act from the judgment of the High Court of Bombay given on a reference to it by the Income-tax Appellate Tribunal under Section 66 of the Act. The proceedings relate to the four assessment years, 1942-43, 1943-44, 1944-45, and 1945-46, and arise under the following circumstances There was a Hindu undivided family consisiting of one  1 Ramjibhai,  2  his son, Ratilal Nathalal - the respondent before us,  3  Ramjibhais wife, kamlawanti,  4  Ratilals wife, Kantabai, and  5  Ramjibhais unmarried daughter, Pushpa."
      },
      "relevance": "mentioned",
      "kind": "statute_section",
      "interpretation": null,
      "interpretation_anchor": null,
      "unlisted_label": "Section 66A Indian Income-tax Act",
      "unlisted_description": "Provision for appeal to the Supreme Court from High Court judgment on reference under Section 66",
      "confidence": "high",
      "provenance": {
        "extraction_method": "llm",
        "model_id": "grok-4-1-fast-reasoning",
        "prompt_id": null,
        "run_id": null,
        "temperature": 0.1,
        "timestamp": "2026-02-04T21:43:16.043401"
      }
    },
    {
      "id": "c2",
      "type": "concept",
      "concept_id": "UNLISTED_INCOMETAX_S66",
      "anchor": {
        "doc_id": "sha256:898d35396550",
        "start_char": 205,
        "end_char": 222,
        "text_hash": "b2a66420cac82a34",
        "display_location": "0:1",
        "secondary_spans": [],
        "surface_text": "under Section 66 of the Act. The proceedings relate to the four assessment years, 1942-43, 1943-44, 1944-45, and 1945-46, and arise under the following circumstances There was a Hindu undivided family consisiting of one  1 Ramjibhai,  2  his son, Ratilal Nathalal - the respondent before us,  3  Ramjibhais wife, kamlawanti,  4  Ratilals wife, Kantabai, and  5  Ramjibhais unmarried daughter, Pushpa. On the July 27, 1933, Ramjibhai and Ratilal, who were the sole coparceners, at the time, of the said Hindu undivided family, executed a trust deed in respect of four items of house property belonging to the joint family, which owned at the time and continued to own other properties also. The effect of the trust deed was that the income of the property settled on trust was to be enjoyed by Ramjibhai during his lifetime, and that after his death the said income was to be enjoyed by the respondent, Ratilal, alone, with a right of residence provided in favour of his mother, Kamlawanti, in a part of one of the houses comprised in the trust deed."
      },
      "relevance": "mentioned",
      "kind": "statute_section",
      "interpretation": null,
      "interpretation_anchor": null,
      "unlisted_label": "Section 66 Indian Income-tax Act",
      "unlisted_description": "Provision for reference to High Court by Income-tax Appellate Tribunal",
      "confidence": "high",
      "provenance": {
        "extraction_method": "llm",
        "model_id": "grok-4-1-fast-reasoning",
        "prompt_id": null,
        "run_id": null,
        "temperature": 0.1,
        "timestamp": "2026-02-04T21:43:16.043401"
      }
    },
    {
      "id": "c3",
      "type": "concept",
      "concept_id": "UNLISTED_INCOMETAX_S16_1_C",
      "anchor": {
        "doc_id": "sha256:898d35396550",
        "start_char": 1485,
        "end_char": 1505,
        "text_hash": "3775c42218b46710",
        "display_location": "0:6",
        "secondary_spans": [],
        "surface_text": "under Section 16 1  c  of the Act and as an addition to the other admitted joint family income. Section 16 of the Indian Income-tax Act was modified in 1939 and clause  c  of sub-section  1  thereof as amended is as follows In computing the total income of an assessee - all income arising to any person by virtue of a settlement or disposition whether revocable or not, and whether effected before or after the commencement of the Indian Income-tax  Amendment  Act, 1939  VII of 1939 , from assets remaining the property of the settlor or disponer, shall be deemed to be income of the settlor or disponer, and all income arising to any person by virtue of a revocable transfer of assets shall be deemed to be income of the transferor Provided that for the purposes of this clause a settlement, disposition or transfer shall be deemed to be revocable if it contains any provision for the retransfer directly or indirectly of the income or assets to the settlor, disponer or transferor, or in any way gives the settlor, disponer or transferor a right to reassume power directly or indirectly over the income or assets Provided further that the expression settlement or disposition shall for the purposes of this clause include any disposition, trust, covenant, agreement, or arrangement, and the expression settlor or disponer in relation to a settlement or disposition shall include any person by whom the settlement or disposition was made It is by virtue of this clause and in view of the power of revocation of the trust having been expressly reserved in favour of Ramjibhai by the trust deed, that the income in his hands was being assessed without dispute on the footing that the settlor was the Hindu undivided family, and that the income of Ramjibhai is, therefore, to be treated as the income of the Hindu undivided family."
      },
      "relevance": "central",
      "kind": "statute_section",
      "interpretation": "Income arising from revocable settlement is deemed income of settlor/transferor; however, post-death income to beneficiary in individual capacity not deemed HUF income where settlor was HUF, as retransfer not to the HUF unit",
      "interpretation_anchor": {
        "doc_id": "sha256:898d35396550",
        "start_char": 7100,
        "end_char": 7900,
        "text_hash": "6d386acbc1d1aa7a",
        "display_location": "0",
        "secondary_spans": [],
        "surface_text": "st proviso to Section 16 1  c  enacts that a settlement shall be deemed to be revocable if it companytains any provision for the retransfer directly o"
      },
      "unlisted_label": "Section 16(1)(c) Indian Income-tax Act",
      "unlisted_description": "Deems income from revocable settlements or dispositions as income of settlor or transferor",
      "confidence": "high",
      "provenance": {
        "extraction_method": "llm",
        "model_id": "grok-4-1-fast-reasoning",
        "prompt_id": null,
        "run_id": null,
        "temperature": 0.1,
        "timestamp": "2026-02-04T21:43:16.043401"
      }
    },
    {
      "id": "c4",
      "type": "concept",
      "concept_id": "UNLISTED_INCOMETAX_S16_1_C",
      "anchor": {
        "doc_id": "sha256:898d35396550",
        "start_char": 1610,
        "end_char": 3200,
        "text_hash": "b6de1ed6678fab08",
        "display_location": "0",
        "secondary_spans": [],
        "surface_text": "Section 16 of the Indian Income-tax Act was modified in 1939 and clause  c  of sub-section  1  thereof as amended is as follows In computing the total income of an assessee - all income arising to any person by virtue of a settlement or disposition whether revocable or not, and whether effected before or after the commencement of the Indian Income-tax  Amendment  Act, 1939  VII of 1939 , from assets remaining the property of the settlor or disponer, shall be deemed to be income of the settlor or disponer, and all income arising to any person by virtue of a revocable transfer of assets shall be deemed to be income of the transferor Provided that for the purposes of this clause a settlement, disposition or transfer shall be deemed to be revocable if it contains any provision for the retransfer directly or indirectly of the income or assets to the settlor, disponer or transferor, or in any way gives the settlor, disponer or transferor a right to reassume power directly or indirectly over the income or assets Provided further that the expression settlement or disposition shall for the purposes of this clause include any disposition, trust, covenant, agreement, or arrangement, and the expression settlor or disponer in relation to a settlement or disposition shall include any person by whom the settlement or disposition was made It is by virtue of this clause and in view of the power of revocation of the trust having been expressly reserved in favour of Ramjibhai by the trust deed, that the income in his hands was being assessed without dispute on the footing that the settlor was the Hindu undivided family, and that the income of Ramjibhai is, therefore, to be treated as the income of the Hindu undivided family. Ramjibhai died on the July 23, 1940."
      },
      "relevance": "central",
      "kind": "statute_section",
      "interpretation": null,
      "interpretation_anchor": null,
      "unlisted_label": "Section 16(1)(c) Indian Income-tax Act",
      "unlisted_description": null,
      "confidence": "high",
      "provenance": {
        "extraction_method": "llm",
        "model_id": "grok-4-1-fast-reasoning",
        "prompt_id": null,
        "run_id": null,
        "temperature": 0.1,
        "timestamp": "2026-02-04T21:43:16.043401"
      }
    },
    {
      "id": "c5",
      "type": "concept",
      "concept_id": "UNLISTED_INCOMETAX_AMENDMENT_1939",
      "anchor": {
        "doc_id": "sha256:898d35396550",
        "start_char": 2350,
        "end_char": 2420,
        "text_hash": "d6dd0a319e205eab",
        "display_location": "0:8",
        "secondary_spans": [],
        "surface_text": "the commencement of the Indian Income-tax  Amendment  Act, 1939  VII of 1939 , from assets remaining the property of the settlor or disponer, shall be deemed to be income of the settlor or disponer, and all income arising to any person by virtue of a revocable transfer of assets shall be deemed to be income of the transferor Provided that for the purposes of this clause a settlement, disposition or transfer shall be deemed to be revocable if it contains any provision for the retransfer directly or indirectly of the income or assets to the settlor, disponer or transferor, or in any way gives the settlor, disponer or transferor a right to reassume power directly or indirectly over the income or assets Provided further that the expression settlement or disposition shall for the purposes of this clause include any disposition, trust, covenant, agreement, or arrangement, and the expression settlor or disponer in relation to a settlement or disposition shall include any person by whom the settlement or disposition was made It is by virtue of this clause and in view of the power of revocation of the trust having been expressly reserved in favour of Ramjibhai by the trust deed, that the income in his hands was being assessed without dispute on the footing that the settlor was the Hindu undivided family, and that the income of Ramjibhai is, therefore, to be treated as the income of the Hindu undivided family. Ramjibhai died on the July 23, 1940. The Income-tax authorities continued, after the death of Ramjibhai, to assess the income, in the hands of the respondent arising from the properties settled as the family income."
      },
      "relevance": "mentioned",
      "kind": "statute_section",
      "interpretation": null,
      "interpretation_anchor": null,
      "unlisted_label": "Indian Income-tax Amendment Act, 1939",
      "unlisted_description": "Amended Section 16 of the Indian Income-tax Act",
      "confidence": "high",
      "provenance": {
        "extraction_method": "llm",
        "model_id": "grok-4-1-fast-reasoning",
        "prompt_id": null,
        "run_id": null,
        "temperature": 0.1,
        "timestamp": "2026-02-04T21:43:16.043401"
      }
    },
    {
      "id": "c6",
      "type": "concept",
      "concept_id": "UNLISTED_HINDU_UNDIVIDED_FAMILY",
      "anchor": {
        "doc_id": "sha256:898d35396550",
        "start_char": 290,
        "end_char": 360,
        "text_hash": "5bc0e96407d5dc18",
        "display_location": "0:2",
        "secondary_spans": [],
        "surface_text": "There was a Hindu undivided family consisiting of one  1 Ramjibhai,  2  his son, Ratilal Nathalal - the respondent before us,  3  Ramjibhais wife, kamlawanti,  4  Ratilals wife, Kantabai, and  5  Ramjibhais unmarried daughter, Pushpa. On the July 27, 1933, Ramjibhai and Ratilal, who were the sole coparceners, at the time, of the said Hindu undivided family, executed a trust deed in respect of four items of house property belonging to the joint family, which owned at the time and continued to own other properties also. The effect of the trust deed was that the income of the property settled on trust was to be enjoyed by Ramjibhai during his lifetime, and that after his death the said income was to be enjoyed by the respondent, Ratilal, alone, with a right of residence provided in favour of his mother, Kamlawanti, in a part of one of the houses comprised in the trust deed. After the death of the respondent Ratilal, the income is to be enjoyed by his wife, Kantabai, and the natural born sons in existence at the time of the death of the survivor of Ramjibhai and Ratilal."
      },
      "relevance": "central",
      "kind": "definition",
      "interpretation": null,
      "interpretation_anchor": null,
      "unlisted_label": "Hindu Undivided Family",
      "unlisted_description": "Joint family entity treated as distinct unit and settlor separate from its coparceners",
      "confidence": "high",
      "provenance": {
        "extraction_method": "llm",
        "model_id": "grok-4-1-fast-reasoning",
        "prompt_id": null,
        "run_id": null,
        "temperature": 0.1,
        "timestamp": "2026-02-04T21:43:16.043401"
      }
    },
    {
      "id": "c7",
      "type": "concept",
      "concept_id": "UNLISTED_HINDU_UNDIVIDED_FAMILY",
      "anchor": {
        "doc_id": "sha256:898d35396550",
        "start_char": 7200,
        "end_char": 7450,
        "text_hash": "d63a26eaba260901",
        "display_location": "0",
        "secondary_spans": [],
        "surface_text": "the second proviso which treats one out of a group of settlors as the settlor cannot come into operation because the Hindu undivided family is a unit independent of and larger than the two coparceners and is not merely a collection of the individuals who acted on its behalf. Therefore, the provision in the settlement deed giving the income back to Ratilal, even if it be take as a retransfer of the income, cannot be treated as such retransfer to the original settlor, viz., the Hindu undivided family. Hence the last portion of clause  c  of Section 16 1  does not come into operation. It follows accordingly that the contention on behalf of the appellant that what was intended under the terms of the trust deed as the individual income of the respondent Ratilal becomes the joint family income by a process of successive application of the fictions enacted in the last portion of clause  c  of Section 16 1 , and the two provisos thereto, cannot be accepted. This is enough to dispose of the appeal. It is unnecessary, therefore, to express any opinion on the contention raised in reliance on Ramji Keshavji v. Commissioner of Income-tax, Bombay, that there is no retransfer of income in this case."
      },
      "relevance": "central",
      "kind": "definition",
      "interpretation": "HUF is a unit independent of and larger than the two coparceners and is not merely a collection of the individuals who acted on its behalf",
      "interpretation_anchor": {
        "doc_id": "sha256:898d35396550",
        "start_char": 7220,
        "end_char": 7380,
        "text_hash": "e836c9f8ca968cf5",
        "display_location": "0",
        "secondary_spans": [],
        "surface_text": " for the retransfer directly or indirectly of the income or assets to the settlor. The second proviso enacts that the expression settlor in relation t"
      },
      "unlisted_label": "Hindu Undivided Family",
      "unlisted_description": null,
      "confidence": "high",
      "provenance": {
        "extraction_method": "llm",
        "model_id": "grok-4-1-fast-reasoning",
        "prompt_id": null,
        "run_id": null,
        "temperature": 0.1,
        "timestamp": "2026-02-04T21:43:16.043401"
      }
    },
    {
      "id": "c8",
      "type": "concept",
      "concept_id": "UNLISTED_INCOMETAX_S16_1_C",
      "anchor": {
        "doc_id": "sha256:898d35396550",
        "start_char": 5000,
        "end_char": 5050,
        "text_hash": "e5ca954c0af27d1d",
        "display_location": "0:16",
        "secondary_spans": [],
        "surface_text": "that Section 16 1  c  had no application to him. The Income-tax authorities overruled this contention. The assessee appealed to the Income-tax Appellate Tribunal but by order dated the March 16, 1950, it confirmed the view taken by the Income-tax authorities. Thereupon at the instance of the respondent, the Tribunal stated a case to the High Court of Bombay under Section 66 1  of the Act and referred the following question for its decision Whether in the circumstances of the case and on the true construction of the settlement deed, is the income from the trust property liable to be included in the income of the assessee Hindu undivided family ? The contention of the assessee before the High Court was two-fold  1  that the settlor under the trust deed was not the Hindu undivided family as the Income-tax authorities were inclined to hold, but that the settlement was by two individual male members of the family, viz., Ramjibhai and Ratilal and  2  that, in any case, the income in the hands of Ratilal was his individual income and not the joint family income."
      },
      "relevance": "supporting",
      "kind": "statute_section",
      "interpretation": null,
      "interpretation_anchor": null,
      "unlisted_label": "Section 16(1)(c) Indian Income-tax Act",
      "unlisted_description": null,
      "confidence": "high",
      "provenance": {
        "extraction_method": "llm",
        "model_id": "grok-4-1-fast-reasoning",
        "prompt_id": null,
        "run_id": null,
        "temperature": 0.1,
        "timestamp": "2026-02-04T21:43:16.043401"
      }
    },
    {
      "id": "c9",
      "type": "concept",
      "concept_id": "UNLISTED_LEGAL_FICTION",
      "anchor": {
        "doc_id": "sha256:898d35396550",
        "start_char": 7800,
        "end_char": 7920,
        "text_hash": "f75416a37ef09f13",
        "display_location": "0",
        "secondary_spans": [],
        "surface_text": "the joint family income by a process of successive application of the fictions enacted in the last portion of clause  c  of Section 16 1 , and the two provisos thereto, cannot be accepted. This is enough to dispose of the appeal. It is unnecessary, therefore, to express any opinion on the contention raised in reliance on Ramji Keshavji v. Commissioner of Income-tax, Bombay, that there is no retransfer of income in this case."
      },
      "relevance": "supporting",
      "kind": "doctrine",
      "interpretation": "Deeming provisions in Section 16(1)(c) and provisos are legal fictions not to be applied successively to convert individual income to joint family income",
      "interpretation_anchor": {
        "doc_id": "sha256:898d35396550",
        "start_char": 7800,
        "end_char": 7920,
        "text_hash": "f75416a37ef09f13",
        "display_location": "0",
        "secondary_spans": [],
        "surface_text": "ansfer of the income to the settlor. In this view, the last portion of clause  c  of sub-section  1  of Section 16 if at"
      },
      "unlisted_label": "Legal Fiction",
      "unlisted_description": "Statutory deeming provisions creating fictions for tax assessment purposes",
      "confidence": "high",
      "provenance": {
        "extraction_method": "llm",
        "model_id": "grok-4-1-fast-reasoning",
        "prompt_id": null,
        "run_id": null,
        "temperature": 0.1,
        "timestamp": "2026-02-04T21:43:16.043401"
      }
    },
    {
      "id": "c10",
      "type": "concept",
      "concept_id": "UNLISTED_INCOMETAX_S66",
      "anchor": {
        "doc_id": "sha256:898d35396550",
        "start_char": 5300,
        "end_char": 5325,
        "text_hash": "be04d2e0e90de34e",
        "display_location": "0:18",
        "secondary_spans": [],
        "surface_text": "under Section 66 1  of the Act and referred the following question for its decision Whether in the circumstances of the case and on the true construction of the settlement deed, is the income from the trust property liable to be included in the income of the assessee Hindu undivided family ? The contention of the assessee before the High Court was two-fold  1  that the settlor under the trust deed was not the Hindu undivided family as the Income-tax authorities were inclined to hold, but that the settlement was by two individual male members of the family, viz., Ramjibhai and Ratilal and  2  that, in any case, the income in the hands of Ratilal was his individual income and not the joint family income. On the first point, the learned Judges held against the assessees contention."
      },
      "relevance": "mentioned",
      "kind": "statute_section",
      "interpretation": null,
      "interpretation_anchor": null,
      "unlisted_label": "Section 66 Indian Income-tax Act",
      "unlisted_description": null,
      "confidence": "high",
      "provenance": {
        "extraction_method": "llm",
        "model_id": "grok-4-1-fast-reasoning",
        "prompt_id": null,
        "run_id": null,
        "temperature": 0.1,
        "timestamp": "2026-02-04T21:43:16.043401"
      }
    }
  ],
  "issues": [
    {
      "id": "i1",
      "type": "issue",
      "text": "Whether in the circumstances of the case and on the true construction of the settlement deed, is the income from the trust property liable to be included in the income of the assessee Hindu undivided family?",
      "anchor": {
        "doc_id": "sha256:898d35396550",
        "start_char": 5164,
        "end_char": 5342,
        "text_hash": "f02e286615a72d10",
        "display_location": "0",
        "secondary_spans": [],
        "surface_text": "Whether in the circumstances of the case and on the true construction of the settlement deed, is the income from the trust property liable to be included in the income of the assessee Hindu undivided family ?"
      },
      "issue_number": null,
      "framed_by": "court",
      "primary_concepts": [
        "c1",
        "c2",
        "c3",
        "c4",
        "c6",
        "c8",
        "c10"
      ],
      "answer": "no",
      "confidence": "high",
      "provenance": {
        "extraction_method": "llm",
        "model_id": "grok-4-1-fast-reasoning",
        "prompt_id": null,
        "run_id": null,
        "temperature": 0.1,
        "timestamp": "2026-02-04T21:44:48.087550"
      }
    },
    {
      "id": "i2",
      "type": "issue",
      "text": "whether the settlor under the trust deed was the Hindu undivided family as the Income-tax authorities were inclined to hold, or that the settlement was by two individual male members of the family, viz., Ramjibhai and Ratilal",
      "anchor": {
        "doc_id": "sha256:898d35396550",
        "start_char": 5376,
        "end_char": 5549,
        "text_hash": "cb3aa5d0331a9e9d",
        "display_location": "0",
        "secondary_spans": [],
        "surface_text": "The contention of the assessee before the High Court was two-fold 1 that the settlor under the trust deed was not the Hindu undivided family as the Income-tax authorities were inclined to hold, but that the settlement was by two individual male members of the family, viz., Ramjibhai and Ratilal and 2 that, in any case, the income in the hands of Ratilal was his individual income and not the joint family income."
      },
      "issue_number": 1,
      "framed_by": "respondent",
      "primary_concepts": [
        "c6",
        "c7"
      ],
      "answer": "yes",
      "confidence": "high",
      "provenance": {
        "extraction_method": "llm",
        "model_id": "grok-4-1-fast-reasoning",
        "prompt_id": null,
        "run_id": null,
        "temperature": 0.1,
        "timestamp": "2026-02-04T21:44:48.087550"
      }
    },
    {
      "id": "i3",
      "type": "issue",
      "text": "whether, in any case, the income in the hands of Ratilal was his individual income and not the joint family income",
      "anchor": {
        "doc_id": "sha256:898d35396550",
        "start_char": 5555,
        "end_char": 5636,
        "text_hash": "7b415b1bcb37e3f9",
        "display_location": "0:20",
        "secondary_spans": [],
        "surface_text": "that the settlor under the trust deed was not the Hindu undivided family as the Income-tax authorities were inclined to hold, but that the settlement was by two individual male members of the family, viz., Ramjibhai and Ratilal and 2 that, in any case, the income in the hands of Ratilal was his individual income and not the joint family income. On the first point, the learned Judges held against the assessees contention."
      },
      "issue_number": 2,
      "framed_by": "respondent",
      "primary_concepts": [
        "c3",
        "c4",
        "c6",
        "c7",
        "c9"
      ],
      "answer": "yes",
      "confidence": "high",
      "provenance": {
        "extraction_method": "llm",
        "model_id": "grok-4-1-fast-reasoning",
        "prompt_id": null,
        "run_id": null,
        "temperature": 0.1,
        "timestamp": "2026-02-04T21:44:48.087550"
      }
    },
    {
      "id": "i4",
      "type": "issue",
      "text": "The sole question for our consideration is whether or not the view taken by the High Court on the second point is right",
      "anchor": {
        "doc_id": "sha256:898d35396550",
        "start_char": 6065,
        "end_char": 6142,
        "text_hash": "36477a9432f74fef",
        "display_location": "0",
        "secondary_spans": [],
        "surface_text": "The view taken by the High Court that the settlement deed was executed by both Ramjibhai and Ratilal on behalf of the Hindu undivided family as the settlor has not been disputed before us on either side. The sole question for our consideration is whether or not the view taken by the High Court on the second point is right."
      },
      "issue_number": null,
      "framed_by": "court",
      "primary_concepts": [
        "c3",
        "c6",
        "c7",
        "c9"
      ],
      "answer": "yes",
      "confidence": "high",
      "provenance": {
        "extraction_method": "llm",
        "model_id": "grok-4-1-fast-reasoning",
        "prompt_id": null,
        "run_id": null,
        "temperature": 0.1,
        "timestamp": "2026-02-04T21:44:48.087550"
      }
    }
  ],
  "arguments": [
    {
      "id": "a1",
      "type": "argument",
      "claim": "the settlor under the trust deed was not the Hindu undivided family as the Income-tax authorities were inclined to hold, but that the settlement was by two individual male members of the family, viz., Ramjibhai and Ratilal",
      "anchor": {
        "doc_id": "sha256:898d35396550",
        "start_char": 5376,
        "end_char": 5549,
        "text_hash": "cb3aa5d0331a9e9d",
        "display_location": "0",
        "secondary_spans": [],
        "surface_text": "The contention of the assessee before the High Court was two-fold 1 that the settlor under the trust deed was not the Hindu undivided family as the Income-tax authorities were inclined to hold, but that the settlement was by two individual male members of the family, viz., Ramjibhai and Ratilal and 2 that, in any case,"
      },
      "actor": "respondent",
      "schemes": [
        "textual"
      ],
      "qualifiers": null,
      "court_response": "rejected",
      "court_response_anchor": {
        "doc_id": "sha256:898d35396550",
        "start_char": 5600,
        "end_char": 6000,
        "text_hash": "fce346aeb3afff6c",
        "display_location": "0",
        "secondary_spans": [],
        "surface_text": "family as the settlor has number been disputed before us on either side. The sole question for our companysideration is whether or number the view tak"
      },
      "court_reasoning": "the two individuals, Ramjibhai and Ratilal, executed the trust deed not in their individual capacity but as the sole coparceners of the Hindu undivided family and as representing the said family",
      "confidence": "high",
      "provenance": {
        "extraction_method": "llm",
        "model_id": "grok-4-1-fast-reasoning",
        "prompt_id": null,
        "run_id": null,
        "temperature": 0.1,
        "timestamp": "2026-02-04T21:45:24.771738"
      }
    },
    {
      "id": "a2",
      "type": "argument",
      "claim": "in any case, the income in the hands of Ratilal was his individual income and not the joint family income",
      "anchor": {
        "doc_id": "sha256:898d35396550",
        "start_char": 5555,
        "end_char": 5636,
        "text_hash": "7b415b1bcb37e3f9",
        "display_location": "0:20",
        "secondary_spans": [],
        "surface_text": "that the settlor under the trust deed was not the Hindu undivided family as the Income-tax authorities were inclined to hold, but that the settlement was by two individual male members of the family, viz., Ramjibhai and Ratilal and 2 that, in any case, the income in the hands of Ratilal was his individual income and not the joint family income."
      },
      "actor": "respondent",
      "schemes": [
        "textual"
      ],
      "qualifiers": null,
      "court_response": "accepted",
      "court_response_anchor": {
        "doc_id": "sha256:898d35396550",
        "start_char": 6065,
        "end_char": 7900,
        "text_hash": "d0a60b8bc18f5db5",
        "display_location": "0",
        "secondary_spans": [],
        "surface_text": "ng that family. It is clear on this trust deed that the income which Ratilal receives after the death of Ramjibhai is received by him number on behalf"
      },
      "court_reasoning": "High Court and Supreme Court agreed that income is individual; s16(1)(c) does not deem it HUF income post-death",
      "confidence": "high",
      "provenance": {
        "extraction_method": "llm",
        "model_id": "grok-4-1-fast-reasoning",
        "prompt_id": null,
        "run_id": null,
        "temperature": 0.1,
        "timestamp": "2026-02-04T21:45:24.771738"
      }
    },
    {
      "id": "a3",
      "type": "argument",
      "claim": "the income which Ratilal receives after the death of Ramjibhai is received by him not on behalf of the joint family but in his own individual capacity. Ratilal alienated the property in one capacity and he receives the benefit under the trust deed in an altogether different capacity. Therefore it cannot be stated that this trust deed in any way benefits the joint family",
      "anchor": {
        "doc_id": "sha256:898d35396550",
        "start_char": 6200,
        "end_char": 6600,
        "text_hash": "47df88f511dd9022",
        "display_location": "0",
        "secondary_spans": [],
        "surface_text": "The view taken by the learned Judges of the High Court appears from the following passage in the judgment Now the settlement of this property was made by Ramjibhai and Ratilal not in their individual capacity but as members of the joint family and as representing that family. It is clear on this trust deed that the income which Ratilal receives after the death of Ramjibhai is received by him not on behalf of the joint family but in his own individual capacity."
      },
      "actor": "lower_court",
      "schemes": [
        "textual"
      ],
      "qualifiers": null,
      "court_response": "accepted",
      "court_response_anchor": {
        "doc_id": "sha256:898d35396550",
        "start_char": 6065,
        "end_char": 6142,
        "text_hash": "36477a9432f74fef",
        "display_location": "0",
        "secondary_spans": [],
        "surface_text": "ng that family. It is clear on this trust deed that the income which Ratilal "
      },
      "court_reasoning": "sole question is whether High Court view on second point right; court agrees by rejecting appellant's counter",
      "confidence": "high",
      "provenance": {
        "extraction_method": "llm",
        "model_id": "grok-4-1-fast-reasoning",
        "prompt_id": null,
        "run_id": null,
        "temperature": 0.1,
        "timestamp": "2026-02-04T21:45:24.771738"
      }
    },
    {
      "id": "a4",
      "type": "argument",
      "claim": "the learned Judges erred in importing any question of capacity in which the income is held by Ratilal, into the application of Section 16(1)c. By second proviso Ratilal is the settlor, provision for income to Ratilal is retransfer to settlor, thus income deemed income of transferor i.e. Hindu undivided family",
      "anchor": {
        "doc_id": "sha256:898d35396550",
        "start_char": 6600,
        "end_char": 7200,
        "text_hash": "10b300c50e9a8793",
        "display_location": "0",
        "secondary_spans": [],
        "surface_text": "The learned Attorney-General for the Income-tax Commissioner, while not seriously disputing that on a mere construction of the trust deed the income in the hands of Ratilal was intended to be his individual income, contends that the learned Judges erred in importing any question of capacity in which the income is held by Ratilal, into the application of Section 16 1 c . He puts his argument in this way."
      },
      "actor": "petitioner",
      "schemes": [
        "rule_application",
        "textual"
      ],
      "qualifiers": "not seriously disputing ... mere construction ... individual income",
      "court_response": "rejected",
      "court_response_anchor": {
        "doc_id": "sha256:898d35396550",
        "start_char": 7200,
        "end_char": 7900,
        "text_hash": "fbe6d8261cf78221",
        "display_location": "0",
        "secondary_spans": [],
        "surface_text": "ytains any provision for the retransfer directly or indirectly of the income or assets to the settlor. The second proviso enacts that the expression s"
      },
      "court_reasoning": "Fallacy in treating Ratilal as one out of two settlors for proviso while family for deeming provision; HUF is independent unit; no retransfer to HUF",
      "confidence": "high",
      "provenance": {
        "extraction_method": "llm",
        "model_id": "grok-4-1-fast-reasoning",
        "prompt_id": null,
        "run_id": null,
        "temperature": 0.1,
        "timestamp": "2026-02-04T21:45:24.771738"
      }
    },
    {
      "id": "a5",
      "type": "argument",
      "claim": "the second proviso which treats one out of a group of settlors as the settlor cannot come into operation because the Hindu undivided family is a unit independent of and larger than the two coparceners and is not merely a collection of the individuals who acted on its behalf; provision to Ratilal not retransfer to original settlor HUF; last portion of s16(1)c does not apply",
      "anchor": {
        "doc_id": "sha256:898d35396550",
        "start_char": 7200,
        "end_char": 7450,
        "text_hash": "d63a26eaba260901",
        "display_location": "0",
        "secondary_spans": [],
        "surface_text": "the second proviso which treats one out of a group of settlors as the settlor cannot come into operation because the Hindu undivided family is a unit independent of and larger than the two coparceners and is not merely a collection of the individuals who acted on its behalf. Therefore, the provision in the settlement deed giving the income back to Ratilal,"
      },
      "actor": "court",
      "schemes": [
        "textual",
        "harmonious"
      ],
      "qualifiers": null,
      "court_response": null,
      "court_response_anchor": null,
      "court_reasoning": null,
      "confidence": "high",
      "provenance": {
        "extraction_method": "llm",
        "model_id": "grok-4-1-fast-reasoning",
        "prompt_id": null,
        "run_id": null,
        "temperature": 0.1,
        "timestamp": "2026-02-04T21:45:24.771738"
      }
    },
    {
      "id": "a6",
      "type": "argument",
      "claim": "contention that what was intended as individual income of Ratilal becomes joint family income by successive application of fictions in last portion of s16(1)c and two provisos cannot be accepted",
      "anchor": {
        "doc_id": "sha256:898d35396550",
        "start_char": 7800,
        "end_char": 7920,
        "text_hash": "f75416a37ef09f13",
        "display_location": "0",
        "secondary_spans": [],
        "surface_text": "the joint family income by a process of successive application of the fictions enacted in the last portion of clause c of Section 16 1 , and the two provisos thereto, cannot be accepted. This is enough to dispose of the appeal."
      },
      "actor": "court",
      "schemes": [
        "other"
      ],
      "qualifiers": null,
      "court_response": "rejected",
      "court_response_anchor": {
        "doc_id": "sha256:898d35396550",
        "start_char": 7800,
        "end_char": 7920,
        "text_hash": "f75416a37ef09f13",
        "display_location": "0",
        "secondary_spans": [],
        "surface_text": "ansfer of the income to the settlor. In this view, the last portion of clause  c  of sub-section  1  of Section 16 if at"
      },
      "court_reasoning": "fictions not to be extended successively",
      "confidence": "high",
      "provenance": {
        "extraction_method": "llm",
        "model_id": "grok-4-1-fast-reasoning",
        "prompt_id": null,
        "run_id": null,
        "temperature": 0.1,
        "timestamp": "2026-02-04T21:45:24.771738"
      }
    },
    {
      "id": "a7",
      "type": "argument",
      "claim": "under the terms of the settlement it was only his individual income and that Section 16(1)c had no application to him",
      "anchor": {
        "doc_id": "sha256:898d35396550",
        "start_char": 5000,
        "end_char": 5050,
        "text_hash": "e5ca954c0af27d1d",
        "display_location": "0:16",
        "secondary_spans": [],
        "surface_text": "that Section 16 1 c had no application to him. The Income-tax authorities overruled this contention. The assessee appealed to the Income-tax Appellate Tribunal but by order dated the March 16, 1950, it confirmed the view taken by the Income-tax authorities."
      },
      "actor": "respondent",
      "schemes": [
        "textual",
        "rule_exception"
      ],
      "qualifiers": null,
      "court_response": "rejected",
      "court_response_anchor": {
        "doc_id": "sha256:898d35396550",
        "start_char": 5300,
        "end_char": 5325,
        "text_hash": "be04d2e0e90de34e",
        "display_location": "0:18",
        "secondary_spans": [],
        "surface_text": ", they held in favour of "
      },
      "court_reasoning": "Tribunal confirmed Income-tax authorities",
      "confidence": "medium",
      "provenance": {
        "extraction_method": "llm",
        "model_id": "grok-4-1-fast-reasoning",
        "prompt_id": null,
        "run_id": null,
        "temperature": 0.1,
        "timestamp": "2026-02-04T21:45:24.771738"
      }
    }
  ],
  "holdings": [
    {
      "id": "h1",
      "type": "holding",
      "text": "The view taken by the High Court that the settlement deed was executed by both Ramjibhai and Ratilal on behalf of the Hindu undivided family as the settlor has not been disputed before us on either side.",
      "anchor": {
        "doc_id": "sha256:898d35396550",
        "start_char": 6034,
        "end_char": 6204,
        "text_hash": "7d016483d953f352",
        "display_location": "0",
        "secondary_spans": [],
        "surface_text": "The view taken by the High Court that the settlement deed was executed by both Ramjibhai and Ratilal on behalf of the Hindu undivided family as the settlor has not been disputed before us on either side."
      },
      "resolves_issue": "i2",
      "is_ratio": true,
      "novel": false,
      "reasoning_summary": "High Court finding accepted without dispute by either party as coparceners executed deed representing the family.",
      "schemes": [
        "precedent_following"
      ],
      "confidence": "high",
      "provenance": {
        "extraction_method": "llm",
        "model_id": "grok-4-1-fast-reasoning",
        "prompt_id": null,
        "run_id": null,
        "temperature": 0.1,
        "timestamp": "2026-02-04T21:46:10.860548"
      }
    },
    {
      "id": "h2",
      "type": "holding",
      "text": "the second proviso which treats one out of a group of settlors as the settlor cannot come into operation because the Hindu undivided family is a unit independent of and larger than the two coparceners and is not merely a collection of the individuals who acted on its behalf.",
      "anchor": {
        "doc_id": "sha256:898d35396550",
        "start_char": 7220,
        "end_char": 7385,
        "text_hash": "264b66c0f3691a2d",
        "display_location": "0",
        "secondary_spans": [],
        "surface_text": "the second proviso which treats one out of a group of settlors as the settlor cannot come into operation because the Hindu undivided family is a unit independent of and larger than the two coparceners and is not merely a collection of the individuals who acted on its behalf."
      },
      "resolves_issue": "i3",
      "is_ratio": true,
      "novel": false,
      "reasoning_summary": "HUF constitutes a distinct legal unit separate from its coparceners; proviso applies to group of individuals, not to HUF as settlor.",
      "schemes": [
        "textual",
        "harmonious"
      ],
      "confidence": "high",
      "provenance": {
        "extraction_method": "llm",
        "model_id": "grok-4-1-fast-reasoning",
        "prompt_id": null,
        "run_id": null,
        "temperature": 0.1,
        "timestamp": "2026-02-04T21:46:10.860548"
      }
    },
    {
      "id": "h3",
      "type": "holding",
      "text": "Therefore, the provision in the settlement deed giving the income back to Ratilal, even if it be take as a retransfer of the income, cannot be treated as such retransfer to the original settlor, viz., the Hindu undivided family.",
      "anchor": {
        "doc_id": "sha256:898d35396550",
        "start_char": 7390,
        "end_char": 7525,
        "text_hash": "05efd13c6b394392",
        "display_location": "0",
        "secondary_spans": [],
        "surface_text": "Therefore, the provision in the settlement deed giving the income back to Ratilal, even if it be take as a retransfer of the income, cannot be treated as such retransfer to the original settlor, viz., the Hindu undivided family."
      },
      "resolves_issue": "i3",
      "is_ratio": true,
      "novel": false,
      "reasoning_summary": "Receipt by Ratilal individually does not constitute retransfer to HUF, the original settlor, due to HUF's independent status.",
      "schemes": [
        "rule_application",
        "other"
      ],
      "confidence": "high",
      "provenance": {
        "extraction_method": "llm",
        "model_id": "grok-4-1-fast-reasoning",
        "prompt_id": null,
        "run_id": null,
        "temperature": 0.1,
        "timestamp": "2026-02-04T21:46:10.860548"
      }
    },
    {
      "id": "h4",
      "type": "holding",
      "text": "Hence the last portion of clause c of Section 16 1 does not come into operation.",
      "anchor": {
        "doc_id": "sha256:898d35396550",
        "start_char": 7530,
        "end_char": 7575,
        "text_hash": "cc59cad1635820e5",
        "display_location": "0:31",
        "secondary_spans": [],
        "surface_text": "Hence the last portion of clause c of Section 16 1 does not come into operation."
      },
      "resolves_issue": "i1",
      "is_ratio": true,
      "novel": false,
      "reasoning_summary": "Absence of retransfer to settlor prevents deeming of income as that of transferor under final deeming provision of s16(1)(c).",
      "schemes": [
        "rule_application"
      ],
      "confidence": "high",
      "provenance": {
        "extraction_method": "llm",
        "model_id": "grok-4-1-fast-reasoning",
        "prompt_id": null,
        "run_id": null,
        "temperature": 0.1,
        "timestamp": "2026-02-04T21:46:10.860548"
      }
    },
    {
      "id": "h5",
      "type": "holding",
      "text": "It follows accordingly that the contention on behalf of the appellant that what was intended under the terms of the trust deed as the individual income of the respondent Ratilal becomes the joint family income by a process of successive application of the fictions enacted in the last portion of clause c of Section 16 1 , and the two provisos thereto, cannot be accepted.",
      "anchor": {
        "doc_id": "sha256:898d35396550",
        "start_char": 7800,
        "end_char": 7985,
        "text_hash": "0067214dc2916452",
        "display_location": "0",
        "secondary_spans": [],
        "surface_text": "It follows accordingly that the contention on behalf of the appellant that what was intended under the terms of the trust deed as the individual income of the respondent Ratilal becomes the joint family income by a process of successive application of the fictions enacted in the last portion of clause c of Section 16 1 , and the two provisos thereto, cannot be accepted."
      },
      "resolves_issue": "i1",
      "is_ratio": true,
      "novel": false,
      "reasoning_summary": "Legal fictions in s16(1)(c) and provisos cannot be successively extended to transmute intended individual income into HUF income.",
      "schemes": [
        "rule_application",
        "other"
      ],
      "confidence": "high",
      "provenance": {
        "extraction_method": "llm",
        "model_id": "grok-4-1-fast-reasoning",
        "prompt_id": null,
        "run_id": null,
        "temperature": 0.1,
        "timestamp": "2026-02-04T21:46:10.860548"
      }
    }
  ],
  "precedents": [
    {
      "id": "p1",
      "type": "precedent",
      "citation": "Ramji Keshavji v. Commissioner of Income-tax, Bombay",
      "anchor": {
        "doc_id": "sha256:898d35396550",
        "start_char": 9424,
        "end_char": 9476,
        "text_hash": "16aac248d0d34736",
        "display_location": "0:37",
        "secondary_spans": [],
        "surface_text": "Ramji Keshavji v. Commissioner of Income-tax, Bombay"
      },
      "case_name": "Ramji Keshavji v. Commissioner of Income-tax, Bombay",
      "case_year": null,
      "cited_case_id": null,
      "cited_proposition": "that there is no retransfer of income in this case",
      "cited_holding": null,
      "treatment": "cited",
      "relevance": "supporting",
      "confidence": "high",
      "provenance": {
        "extraction_method": "llm",
        "model_id": "grok-4-1-fast-reasoning",
        "prompt_id": null,
        "run_id": null,
        "temperature": 0.1,
        "timestamp": "2026-02-04T21:46:44.477455"
      }
    }
  ],
  "justification_sets": [
    {
      "id": "js1",
      "type": "justification_set",
      "target_id": "h2",
      "logic": "and",
      "label": "Basic Structure support",
      "is_primary": true,
      "confidence": "high",
      "provenance": null
    },
    {
      "id": "js2",
      "type": "justification_set",
      "target_id": "h3",
      "logic": "and",
      "label": "Basic Structure support",
      "is_primary": true,
      "confidence": "high",
      "provenance": null
    },
    {
      "id": "js3",
      "type": "justification_set",
      "target_id": "h5",
      "logic": "and",
      "label": "Basic Structure support",
      "is_primary": true,
      "confidence": "high",
      "provenance": null
    }
  ],
  "outcome": {
    "id": "outcome",
    "type": "outcome",
    "disposition": "dismissed",
    "anchor": {
      "doc_id": "sha256:898d35396550",
      "start_char": 7560,
      "end_char": 7866,
      "text_hash": "ae72029adbbea152",
      "display_location": "0",
      "secondary_spans": [],
      "surface_text": "It follows accordingly that the companytention on behalf of the appellant that what was intended under the terms of the trust deed as the individual income of the respondent Ratilal becomes the joint family income by a process of successive application of the fictions enacted in the last portion of clause  c  of Section 16 1 , and the two provisos thereto, cannot be accepted."
    },
    "binary": "rejected",
    "relief_summary": "Appellant's contention rejected; income from trust property held to be individual income of respondent Ratilal and not joint family income; High Court decision on second point upheld",
    "costs": null,
    "directions": [],
    "provenance": {
      "extraction_method": "llm",
      "model_id": "grok-4-1-fast-reasoning",
      "prompt_id": null,
      "run_id": null,
      "temperature": 0.1,
      "timestamp": "2026-02-04T21:48:25.947977"
    }
  },
  "edges": [
    {
      "id": "e_cfc9178e_9",
      "source": "a1",
      "target": "c7",
      "relation": "rebuts",
      "anchor": null,
      "explanation": "Argument a1 claims settlor not HUF but individuals, rebutting application of HUF concept as settlor",
      "confidence": "inferred",
      "strength": "moderate",
      "support_group_ids": [],
      "is_critical": false,
      "provenance": {
        "extraction_method": "llm",
        "model_id": "grok-4-1-fast-reasoning",
        "prompt_id": null,
        "run_id": null,
        "temperature": 0.1,
        "timestamp": "2026-02-04T21:52:15.106332"
      }
    },
    {
      "id": "e_cfc9178e_1",
      "source": "a1",
      "target": "i2",
      "relation": "addresses",
      "anchor": {
        "doc_id": "sha256:898d35396550",
        "start_char": 5376,
        "end_char": 5549,
        "text_hash": "cb3aa5d0331a9e9d",
        "display_location": "0",
        "secondary_spans": [],
        "surface_text": "eal has accordingly been brought by the Commissioner of Income-tax against that decision. The view taken by the High Court that the settlement deed wa"
      },
      "explanation": "Argument a1 directly states the claim that the settlor was two individuals not HUF, addressing issue i2 identically",
      "confidence": "high",
      "strength": "strong",
      "support_group_ids": [],
      "is_critical": true,
      "provenance": {
        "extraction_method": "llm",
        "model_id": "grok-4-1-fast-reasoning",
        "prompt_id": null,
        "run_id": null,
        "temperature": 0.1,
        "timestamp": "2026-02-04T21:52:15.106332"
      }
    },
    {
      "id": "e_7cc127c7_1",
      "source": "a2",
      "target": "i3",
      "relation": "addresses",
      "anchor": {
        "doc_id": "sha256:898d35396550",
        "start_char": 5555,
        "end_char": 5636,
        "text_hash": "7b415b1bcb37e3f9",
        "display_location": "0:20",
        "secondary_spans": [],
        "surface_text": "and Ratilal on behalf of the Hindu undivided family as the settlor has number bee"
      },
      "explanation": "Argument a2 directly mirrors and addresses the issue i3 by stating that the income was individual and not joint family income, matching the issue phrasing exactly.",
      "confidence": "high",
      "strength": "strong",
      "support_group_ids": [],
      "is_critical": true,
      "provenance": {
        "extraction_method": "llm",
        "model_id": "grok-4-1-fast-reasoning",
        "prompt_id": null,
        "run_id": null,
        "temperature": 0.1,
        "timestamp": "2026-02-04T21:53:04.743309"
      }
    },
    {
      "id": "e_7cc127c7_6",
      "source": "a3",
      "target": "i3",
      "relation": "addresses",
      "anchor": null,
      "explanation": "Argument a3 claims Ratilal received income in individual capacity after death and alienated property, addressing the issue i3 of whether income was individual not joint family.",
      "confidence": "inferred",
      "strength": "moderate",
      "support_group_ids": [],
      "is_critical": false,
      "provenance": {
        "extraction_method": "llm",
        "model_id": "grok-4-1-fast-reasoning",
        "prompt_id": null,
        "run_id": null,
        "temperature": 0.1,
        "timestamp": "2026-02-04T21:53:04.743309"
      }
    },
    {
      "id": "e_cfc9178e_3",
      "source": "a4",
      "target": "i3",
      "relation": "addresses",
      "anchor": null,
      "explanation": "Argument a4 contends error in considering the capacity (individual or joint) in which Ratilal holds income for Section 16(1)c, directly addressing i3 on whether Ratilal's income is individual or joint family",
      "confidence": "inferred",
      "strength": "moderate",
      "support_group_ids": [],
      "is_critical": false,
      "provenance": {
        "extraction_method": "llm",
        "model_id": "grok-4-1-fast-reasoning",
        "prompt_id": null,
        "run_id": null,
        "temperature": 0.1,
        "timestamp": "2026-02-04T21:52:15.106332"
      }
    },
    {
      "id": "e_cfc9178e_6",
      "source": "a5",
      "target": "h2",
      "relation": "supports",
      "anchor": {
        "doc_id": "sha256:898d35396550",
        "start_char": 7220,
        "end_char": 7385,
        "text_hash": "264b66c0f3691a2d",
        "display_location": "0",
        "secondary_spans": [],
        "surface_text": " for the retransfer directly or indirectly of the income or assets to the settlor. The second proviso enacts that the expression settlor in relation t"
      },
      "explanation": "Argument a5 supports holding h2 via the shared reasoning that HUF is independent unit preventing proviso operation",
      "confidence": "high",
      "strength": "strong",
      "support_group_ids": [
        "js1"
      ],
      "is_critical": false,
      "provenance": {
        "extraction_method": "llm",
        "model_id": "grok-4-1-fast-reasoning",
        "prompt_id": null,
        "run_id": null,
        "temperature": 0.1,
        "timestamp": "2026-02-04T21:52:15.106332"
      }
    },
    {
      "id": "e_7cc127c7_2",
      "source": "a6",
      "target": "c9",
      "relation": "supports",
      "anchor": {
        "doc_id": "sha256:898d35396550",
        "start_char": 7800,
        "end_char": 7920,
        "text_hash": "f75416a37ef09f13",
        "display_location": "0",
        "secondary_spans": [],
        "surface_text": "ansfer of the income to the settlor. In this view, the last portion of clause  c  of sub-section  1  of Section 16 if at"
      },
      "explanation": "Argument a6 contends against successive application of fictions in s16(1)(c) and provisos to convert individual income to joint, directly supporting the legal fiction concept c9.",
      "confidence": "high",
      "strength": "strong",
      "support_group_ids": [],
      "is_critical": true,
      "provenance": {
        "extraction_method": "llm",
        "model_id": "grok-4-1-fast-reasoning",
        "prompt_id": null,
        "run_id": null,
        "temperature": 0.1,
        "timestamp": "2026-02-04T21:53:04.743309"
      }
    },
    {
      "id": "e_9076a64c_4",
      "source": "c1",
      "target": "i1",
      "relation": "addresses",
      "anchor": null,
      "explanation": "Section 66A addresses inclusion of certain incomes, central to the issue on trust property income liability",
      "confidence": "inferred",
      "strength": "moderate",
      "support_group_ids": [],
      "is_critical": true,
      "provenance": {
        "extraction_method": "llm",
        "model_id": "grok-4-1-fast-reasoning",
        "prompt_id": null,
        "run_id": null,
        "temperature": 0.1,
        "timestamp": "2026-02-04T21:50:16.727687"
      }
    },
    {
      "id": "e_cfc9178e_4",
      "source": "c7",
      "target": "a5",
      "relation": "supports",
      "anchor": {
        "doc_id": "sha256:898d35396550",
        "start_char": 7200,
        "end_char": 7450,
        "text_hash": "d63a26eaba260901",
        "display_location": "0",
        "secondary_spans": [],
        "surface_text": "ytains any provision for the retransfer directly or indirectly of the income or assets to the settlor. The second proviso enacts that the expression s"
      },
      "explanation": "Concept c7 of HUF as independent unit larger than coparceners supports argument a5 that second proviso cannot apply, identical span",
      "confidence": "high",
      "strength": "strong",
      "support_group_ids": [],
      "is_critical": true,
      "provenance": {
        "extraction_method": "llm",
        "model_id": "grok-4-1-fast-reasoning",
        "prompt_id": null,
        "run_id": null,
        "temperature": 0.1,
        "timestamp": "2026-02-04T21:52:15.106332"
      }
    },
    {
      "id": "e_cfc9178e_5",
      "source": "c7",
      "target": "h2",
      "relation": "grounds",
      "anchor": {
        "doc_id": "sha256:898d35396550",
        "start_char": 7220,
        "end_char": 7385,
        "text_hash": "264b66c0f3691a2d",
        "display_location": "0",
        "secondary_spans": [],
        "surface_text": " for the retransfer directly or indirectly of the income or assets to the settlor. The second proviso enacts that the expression settlor in relation t"
      },
      "explanation": "Concept c7 of HUF independent unit grounds holding h2 that second proviso cannot operate, shared explicit text",
      "confidence": "high",
      "strength": "strong",
      "support_group_ids": [
        "js1"
      ],
      "is_critical": true,
      "provenance": {
        "extraction_method": "llm",
        "model_id": "grok-4-1-fast-reasoning",
        "prompt_id": null,
        "run_id": null,
        "temperature": 0.1,
        "timestamp": "2026-02-04T21:52:15.106332"
      }
    },
    {
      "id": "e_7cc127c7_7",
      "source": "c9",
      "target": "i3",
      "relation": "addresses",
      "anchor": null,
      "explanation": "The legal fiction concept c9 that deeming provisions do not apply successively addresses issue i3 by preventing conversion of individual income to joint family income.",
      "confidence": "inferred",
      "strength": "moderate",
      "support_group_ids": [],
      "is_critical": true,
      "provenance": {
        "extraction_method": "llm",
        "model_id": "grok-4-1-fast-reasoning",
        "prompt_id": null,
        "run_id": null,
        "temperature": 0.1,
        "timestamp": "2026-02-04T21:53:04.743309"
      }
    },
    {
      "id": "e_cfc9178e_10",
      "source": "h1",
      "target": "c7",
      "relation": "supports",
      "anchor": null,
      "explanation": "Holding h1 accepts settlement executed on behalf of HUF as settlor, supporting the HUF concept",
      "confidence": "inferred",
      "strength": "moderate",
      "support_group_ids": [],
      "is_critical": false,
      "provenance": {
        "extraction_method": "llm",
        "model_id": "grok-4-1-fast-reasoning",
        "prompt_id": null,
        "run_id": null,
        "temperature": 0.1,
        "timestamp": "2026-02-04T21:52:15.106332"
      }
    },
    {
      "id": "e_h1_resolves_i2",
      "source": "h1",
      "target": "i2",
      "relation": "resolves",
      "anchor": {
        "doc_id": "sha256:898d35396550",
        "start_char": 6034,
        "end_char": 6204,
        "text_hash": "7d016483d953f352",
        "display_location": "0",
        "secondary_spans": [],
        "surface_text": "The view taken by the High Court that the settlement deed was executed by both Ramjibhai and Ratilal on behalf of the Hindu undivided family as the settlor has not been disputed before us on either side."
      },
      "explanation": null,
      "confidence": "high",
      "strength": "strong",
      "support_group_ids": [],
      "is_critical": false,
      "provenance": null
    },
    {
      "id": "e_cfc9178e_2",
      "source": "h1",
      "target": "i4",
      "relation": "addresses",
      "anchor": {
        "doc_id": "sha256:898d35396550",
        "start_char": 6034,
        "end_char": 6204,
        "text_hash": "7d016483d953f352",
        "display_location": "0",
        "secondary_spans": [],
        "surface_text": " joint family and as representing that family. It is clear on this trust deed that the income which Ratilal receives after the death of Ramjibhai is r"
      },
      "explanation": "Holding h1 states and accepts the High Court view on the settlement by HUF, addressing the sole question in i4 on that view",
      "confidence": "high",
      "strength": "strong",
      "support_group_ids": [],
      "is_critical": true,
      "provenance": {
        "extraction_method": "llm",
        "model_id": "grok-4-1-fast-reasoning",
        "prompt_id": null,
        "run_id": null,
        "temperature": 0.1,
        "timestamp": "2026-02-04T21:52:15.106332"
      }
    },
    {
      "id": "e_h1_determines_outcome",
      "source": "h1",
      "target": "outcome",
      "relation": "determines",
      "anchor": {
        "doc_id": "sha256:898d35396550",
        "start_char": 7560,
        "end_char": 7866,
        "text_hash": "ae72029adbbea152",
        "display_location": "0",
        "secondary_spans": [],
        "surface_text": "It follows accordingly that the companytention on behalf of the appellant that what was intended under the terms of the trust deed as the individual income of the respondent Ratilal becomes the joint family income by a process of successive application of the fictions enacted in the last portion of clause  c  of Section 16 1 , and the two provisos thereto, cannot be accepted."
      },
      "explanation": null,
      "confidence": "high",
      "strength": "strong",
      "support_group_ids": [],
      "is_critical": true,
      "provenance": null
    },
    {
      "id": "e_7cc127c7_4",
      "source": "h2",
      "target": "c9",
      "relation": "grounds",
      "anchor": {
        "doc_id": "sha256:898d35396550",
        "start_char": 7800,
        "end_char": 7920,
        "text_hash": "f75416a37ef09f13",
        "display_location": "0",
        "secondary_spans": [],
        "surface_text": "ansfer of the income to the settlor. In this view, the last portion of clause  c  of sub-section  1  of Section 16 if at"
      },
      "explanation": "Holding h2 states the second proviso cannot operate due to HUF being an independent unit, grounding the concept c9 that legal fictions in provisos are not applied successively.",
      "confidence": "medium",
      "strength": "moderate",
      "support_group_ids": [],
      "is_critical": true,
      "provenance": {
        "extraction_method": "llm",
        "model_id": "grok-4-1-fast-reasoning",
        "prompt_id": null,
        "run_id": null,
        "temperature": 0.1,
        "timestamp": "2026-02-04T21:53:04.743309"
      }
    },
    {
      "id": "e_7cc127c7_3",
      "source": "h2",
      "target": "h3",
      "relation": "supports",
      "anchor": {
        "doc_id": "sha256:898d35396550",
        "start_char": 7390,
        "end_char": 7525,
        "text_hash": "05efd13c6b394392",
        "display_location": "0",
        "secondary_spans": [],
        "surface_text": " include any person by whom the settlement or disposition was made. It is, therefore, urged that by virtue of the second proviso, Ratil"
      },
      "explanation": "Holding h3 begins with 'Therefore,' explicitly building on and supported by the reasoning in h2 regarding the proviso's non-operation.",
      "confidence": "high",
      "strength": "strong",
      "support_group_ids": [
        "js2"
      ],
      "is_critical": false,
      "provenance": {
        "extraction_method": "llm",
        "model_id": "grok-4-1-fast-reasoning",
        "prompt_id": null,
        "run_id": null,
        "temperature": 0.1,
        "timestamp": "2026-02-04T21:53:04.743309"
      }
    },
    {
      "id": "e_h2_resolves_i3",
      "source": "h2",
      "target": "i3",
      "relation": "resolves",
      "anchor": {
        "doc_id": "sha256:898d35396550",
        "start_char": 7220,
        "end_char": 7385,
        "text_hash": "264b66c0f3691a2d",
        "display_location": "0",
        "secondary_spans": [],
        "surface_text": "the second proviso which treats one out of a group of settlors as the settlor cannot come into operation because the Hindu undivided family is a unit independent of and larger than the two coparceners and is not merely a collection of the individuals who acted on its behalf."
      },
      "explanation": null,
      "confidence": "high",
      "strength": "strong",
      "support_group_ids": [],
      "is_critical": false,
      "provenance": null
    },
    {
      "id": "e_h2_determines_outcome",
      "source": "h2",
      "target": "outcome",
      "relation": "determines",
      "anchor": {
        "doc_id": "sha256:898d35396550",
        "start_char": 7560,
        "end_char": 7866,
        "text_hash": "ae72029adbbea152",
        "display_location": "0",
        "secondary_spans": [],
        "surface_text": "It follows accordingly that the companytention on behalf of the appellant that what was intended under the terms of the trust deed as the individual income of the respondent Ratilal becomes the joint family income by a process of successive application of the fictions enacted in the last portion of clause  c  of Section 16 1 , and the two provisos thereto, cannot be accepted."
      },
      "explanation": null,
      "confidence": "high",
      "strength": "strong",
      "support_group_ids": [],
      "is_critical": true,
      "provenance": null
    },
    {
      "id": "e_7cc127c7_5",
      "source": "h3",
      "target": "c9",
      "relation": "supports",
      "anchor": {
        "doc_id": "sha256:898d35396550",
        "start_char": 7800,
        "end_char": 7920,
        "text_hash": "f75416a37ef09f13",
        "display_location": "0",
        "secondary_spans": [],
        "surface_text": "ansfer of the income to the settlor. In this view, the last portion of clause  c  of sub-section  1  of Section 16 if at"
      },
      "explanation": "Holding h3 concludes the retransfer cannot be treated as to the original settlor, supporting the concept c9 of non-successive application of legal fictions.",
      "confidence": "medium",
      "strength": "moderate",
      "support_group_ids": [],
      "is_critical": true,
      "provenance": {
        "extraction_method": "llm",
        "model_id": "grok-4-1-fast-reasoning",
        "prompt_id": null,
        "run_id": null,
        "temperature": 0.1,
        "timestamp": "2026-02-04T21:53:04.743309"
      }
    },
    {
      "id": "e_h3_resolves_i3",
      "source": "h3",
      "target": "i3",
      "relation": "resolves",
      "anchor": {
        "doc_id": "sha256:898d35396550",
        "start_char": 7390,
        "end_char": 7525,
        "text_hash": "05efd13c6b394392",
        "display_location": "0",
        "secondary_spans": [],
        "surface_text": "Therefore, the provision in the settlement deed giving the income back to Ratilal, even if it be take as a retransfer of the income, cannot be treated as such retransfer to the original settlor, viz., the Hindu undivided family."
      },
      "explanation": null,
      "confidence": "high",
      "strength": "strong",
      "support_group_ids": [],
      "is_critical": false,
      "provenance": null
    },
    {
      "id": "e_h3_determines_outcome",
      "source": "h3",
      "target": "outcome",
      "relation": "determines",
      "anchor": {
        "doc_id": "sha256:898d35396550",
        "start_char": 7560,
        "end_char": 7866,
        "text_hash": "ae72029adbbea152",
        "display_location": "0",
        "secondary_spans": [],
        "surface_text": "It follows accordingly that the companytention on behalf of the appellant that what was intended under the terms of the trust deed as the individual income of the respondent Ratilal becomes the joint family income by a process of successive application of the fictions enacted in the last portion of clause  c  of Section 16 1 , and the two provisos thereto, cannot be accepted."
      },
      "explanation": null,
      "confidence": "high",
      "strength": "strong",
      "support_group_ids": [],
      "is_critical": true,
      "provenance": null
    },
    {
      "id": "e_9076a64c_6",
      "source": "h4",
      "target": "c1",
      "relation": "undercuts",
      "anchor": {
        "doc_id": "sha256:898d35396550",
        "start_char": 7530,
        "end_char": 7575,
        "text_hash": "cc59cad1635820e5",
        "display_location": "0:31",
        "secondary_spans": [],
        "surface_text": "hough only one of the two persons who execute"
      },
      "explanation": "Holding states the relevant clause of the section does not operate, undercutting application of Section 66A",
      "confidence": "medium",
      "strength": "strong",
      "support_group_ids": [],
      "is_critical": true,
      "provenance": {
        "extraction_method": "llm",
        "model_id": "grok-4-1-fast-reasoning",
        "prompt_id": null,
        "run_id": null,
        "temperature": 0.1,
        "timestamp": "2026-02-04T21:50:16.727687"
      }
    },
    {
      "id": "e_9076a64c_1",
      "source": "h4",
      "target": "h5",
      "relation": "supports",
      "anchor": {
        "doc_id": "sha256:898d35396550",
        "start_char": 7800,
        "end_char": 7985,
        "text_hash": "0067214dc2916452",
        "display_location": "0",
        "secondary_spans": [],
        "surface_text": "ansfer of the income to the settlor. In this view, the last portion of clause  c  of sub-section  1  of Section 16 if attracted, and the income arisin"
      },
      "explanation": "h5 begins with 'It follows accordingly', explicitly indicating it is supported by the prior holding h4",
      "confidence": "high",
      "strength": "strong",
      "support_group_ids": [
        "js3"
      ],
      "is_critical": true,
      "provenance": {
        "extraction_method": "llm",
        "model_id": "grok-4-1-fast-reasoning",
        "prompt_id": null,
        "run_id": null,
        "temperature": 0.1,
        "timestamp": "2026-02-04T21:50:16.727687"
      }
    },
    {
      "id": "e_9076a64c_2",
      "source": "h4",
      "target": "i1",
      "relation": "addresses",
      "anchor": {
        "doc_id": "sha256:898d35396550",
        "start_char": 7530,
        "end_char": 7575,
        "text_hash": "cc59cad1635820e5",
        "display_location": "0:31",
        "secondary_spans": [],
        "surface_text": "hough only one of the two persons who execute"
      },
      "explanation": "The holding concludes that a specific clause does not apply, directly addressing the issue of whether trust income is includible",
      "confidence": "high",
      "strength": "strong",
      "support_group_ids": [],
      "is_critical": true,
      "provenance": {
        "extraction_method": "llm",
        "model_id": "grok-4-1-fast-reasoning",
        "prompt_id": null,
        "run_id": null,
        "temperature": 0.1,
        "timestamp": "2026-02-04T21:50:16.727687"
      }
    },
    {
      "id": "e_h4_resolves_i1",
      "source": "h4",
      "target": "i1",
      "relation": "resolves",
      "anchor": {
        "doc_id": "sha256:898d35396550",
        "start_char": 7530,
        "end_char": 7575,
        "text_hash": "cc59cad1635820e5",
        "display_location": "0:31",
        "secondary_spans": [],
        "surface_text": "Hence the last portion of clause c of Section 16 1 does not come into operation."
      },
      "explanation": null,
      "confidence": "high",
      "strength": "strong",
      "support_group_ids": [],
      "is_critical": false,
      "provenance": null
    },
    {
      "id": "e_h4_determines_outcome",
      "source": "h4",
      "target": "outcome",
      "relation": "determines",
      "anchor": {
        "doc_id": "sha256:898d35396550",
        "start_char": 7560,
        "end_char": 7866,
        "text_hash": "ae72029adbbea152",
        "display_location": "0",
        "secondary_spans": [],
        "surface_text": "It follows accordingly that the companytention on behalf of the appellant that what was intended under the terms of the trust deed as the individual income of the respondent Ratilal becomes the joint family income by a process of successive application of the fictions enacted in the last portion of clause  c  of Section 16 1 , and the two provisos thereto, cannot be accepted."
      },
      "explanation": null,
      "confidence": "high",
      "strength": "strong",
      "support_group_ids": [],
      "is_critical": true,
      "provenance": null
    },
    {
      "id": "e_9076a64c_3",
      "source": "h5",
      "target": "i1",
      "relation": "addresses",
      "anchor": {
        "doc_id": "sha256:898d35396550",
        "start_char": 7800,
        "end_char": 7985,
        "text_hash": "0067214dc2916452",
        "display_location": "0",
        "secondary_spans": [],
        "surface_text": "ansfer of the income to the settlor. In this view, the last portion of clause  c  of sub-section  1  of Section 16 if attracted, and the income arisin"
      },
      "explanation": "The holding rejects the contention regarding inclusion of trust income as individual income, addressing the core issue",
      "confidence": "high",
      "strength": "strong",
      "support_group_ids": [],
      "is_critical": true,
      "provenance": {
        "extraction_method": "llm",
        "model_id": "grok-4-1-fast-reasoning",
        "prompt_id": null,
        "run_id": null,
        "temperature": 0.1,
        "timestamp": "2026-02-04T21:50:16.727687"
      }
    },
    {
      "id": "e_h5_resolves_i1",
      "source": "h5",
      "target": "i1",
      "relation": "resolves",
      "anchor": {
        "doc_id": "sha256:898d35396550",
        "start_char": 7800,
        "end_char": 7985,
        "text_hash": "0067214dc2916452",
        "display_location": "0",
        "secondary_spans": [],
        "surface_text": "It follows accordingly that the contention on behalf of the appellant that what was intended under the terms of the trust deed as the individual income of the respondent Ratilal becomes the joint family income by a process of successive application of the fictions enacted in the last portion of clause c of Section 16 1 , and the two provisos thereto, cannot be accepted."
      },
      "explanation": null,
      "confidence": "high",
      "strength": "strong",
      "support_group_ids": [],
      "is_critical": false,
      "provenance": null
    },
    {
      "id": "e_h5_determines_outcome",
      "source": "h5",
      "target": "outcome",
      "relation": "determines",
      "anchor": {
        "doc_id": "sha256:898d35396550",
        "start_char": 7560,
        "end_char": 7866,
        "text_hash": "ae72029adbbea152",
        "display_location": "0",
        "secondary_spans": [],
        "surface_text": "It follows accordingly that the companytention on behalf of the appellant that what was intended under the terms of the trust deed as the individual income of the respondent Ratilal becomes the joint family income by a process of successive application of the fictions enacted in the last portion of clause  c  of Section 16 1 , and the two provisos thereto, cannot be accepted."
      },
      "explanation": null,
      "confidence": "high",
      "strength": "strong",
      "support_group_ids": [],
      "is_critical": true,
      "provenance": null
    },
    {
      "id": "e_9076a64c_5",
      "source": "i1",
      "target": "c1",
      "relation": "requires",
      "anchor": null,
      "explanation": "Resolving the issue on income inclusion requires application/interpretation of Section 66A",
      "confidence": "inferred",
      "strength": "moderate",
      "support_group_ids": [],
      "is_critical": false,
      "provenance": {
        "extraction_method": "llm",
        "model_id": "grok-4-1-fast-reasoning",
        "prompt_id": null,
        "run_id": null,
        "temperature": 0.1,
        "timestamp": "2026-02-04T21:50:16.727687"
      }
    },
    {
      "id": "e_cfc9178e_8",
      "source": "i2",
      "target": "c7",
      "relation": "addresses",
      "anchor": null,
      "explanation": "Issue i2 on whether settlor is HUF directly addresses the concept of HUF",
      "confidence": "inferred",
      "strength": "moderate",
      "support_group_ids": [],
      "is_critical": false,
      "provenance": {
        "extraction_method": "llm",
        "model_id": "grok-4-1-fast-reasoning",
        "prompt_id": null,
        "run_id": null,
        "temperature": 0.1,
        "timestamp": "2026-02-04T21:52:15.106332"
      }
    },
    {
      "id": "e_cfc9178e_11",
      "source": "i3",
      "target": "c7",
      "relation": "addresses",
      "anchor": null,
      "explanation": "Issue i3 on Ratilal's income as individual vs joint family addresses HUF concept relevant to joint income",
      "confidence": "inferred",
      "strength": "moderate",
      "support_group_ids": [],
      "is_critical": false,
      "provenance": {
        "extraction_method": "llm",
        "model_id": "grok-4-1-fast-reasoning",
        "prompt_id": null,
        "run_id": null,
        "temperature": 0.1,
        "timestamp": "2026-02-04T21:52:15.106332"
      }
    }
  ],
  "reasoning_chains": [
    {
      "id": "rc_i1_h4",
      "issue_id": "i1",
      "fact_ids": [],
      "concept_ids": [],
      "argument_ids": [],
      "holding_id": "h4",
      "edge_ids": [],
      "justification_set_id": null,
      "critical_nodes": [],
      "narrative": "Issue i1 resolved by holding h4."
    },
    {
      "id": "rc_i1_h5",
      "issue_id": "i1",
      "fact_ids": [],
      "concept_ids": [],
      "argument_ids": [],
      "holding_id": "h5",
      "edge_ids": [
        "e_9076a64c_1"
      ],
      "justification_set_id": "js3",
      "critical_nodes": [
        "h4"
      ],
      "narrative": "Issue i1 resolved by holding h5."
    },
    {
      "id": "rc_i2_h1",
      "issue_id": "i2",
      "fact_ids": [],
      "concept_ids": [],
      "argument_ids": [],
      "holding_id": "h1",
      "edge_ids": [],
      "justification_set_id": null,
      "critical_nodes": [],
      "narrative": "Issue i2 resolved by holding h1."
    },
    {
      "id": "rc_i3_h2",
      "issue_id": "i3",
      "fact_ids": [],
      "concept_ids": [
        "c7",
        "c9"
      ],
      "argument_ids": [
        "a5",
        "a1",
        "a2",
        "a3",
        "a4",
        "a6"
      ],
      "holding_id": "h2",
      "edge_ids": [
        "e_cfc9178e_6",
        "e_cfc9178e_5",
        "e_cfc9178e_4",
        "e_cfc9178e_9",
        "e_cfc9178e_10",
        "e_cfc9178e_8",
        "e_cfc9178e_11",
        "e_cfc9178e_1",
        "e_7cc127c7_1",
        "e_7cc127c7_6",
        "e_cfc9178e_3",
        "e_7cc127c7_7",
        "e_7cc127c7_2",
        "e_7cc127c7_4",
        "e_7cc127c7_5",
        "e_7cc127c7_3"
      ],
      "justification_set_id": "js1",
      "critical_nodes": [
        "c7",
        "a1",
        "a2",
        "c9",
        "a6",
        "h2",
        "h3"
      ],
      "narrative": "Issue i3 resolved by holding h2. Concepts: c7, c9. Arguments: a5, a1, a2, a3, a4, a6."
    },
    {
      "id": "rc_i3_h3",
      "issue_id": "i3",
      "fact_ids": [],
      "concept_ids": [
        "c7",
        "c9"
      ],
      "argument_ids": [
        "a5",
        "a1",
        "a2",
        "a3",
        "a4",
        "a6"
      ],
      "holding_id": "h3",
      "edge_ids": [
        "e_7cc127c7_3",
        "e_cfc9178e_6",
        "e_cfc9178e_5",
        "e_cfc9178e_4",
        "e_cfc9178e_9",
        "e_cfc9178e_10",
        "e_cfc9178e_8",
        "e_cfc9178e_11",
        "e_cfc9178e_1",
        "e_7cc127c7_1",
        "e_7cc127c7_6",
        "e_cfc9178e_3",
        "e_7cc127c7_7",
        "e_7cc127c7_2",
        "e_7cc127c7_4",
        "e_7cc127c7_5"
      ],
      "justification_set_id": "js2",
      "critical_nodes": [
        "c7",
        "a1",
        "a2",
        "c9",
        "a6",
        "h2",
        "h3"
      ],
      "narrative": "Issue i3 resolved by holding h3. Concepts: c7, c9. Arguments: a5, a1, a2, a3, a4, a6."
    }
  ],
  "_meta": {
    "schema_version": "2.1.2",
    "quality_tier": "silver",
    "extraction_model": "grok-4-1-fast-reasoning",
    "extraction_timestamp": "2026-02-04T21:40:39.254642",
    "retry_attempts": 0,
    "validation_warnings": [
      "JSON parse error: Unterminated string starting at: line 1 column 16523 (char 16522)"
    ],
    "cluster_membership": {
      "c1": [
        "UNLISTED_INCOMETAX_S66A"
      ],
      "c2": [
        "UNLISTED_INCOMETAX_S66"
      ],
      "c3": [
        "DOCTRINE_BASIC_STRUCTURE"
      ],
      "c4": [
        "DOCTRINE_BASIC_STRUCTURE"
      ],
      "c5": [
        "DOCTRINE_BASIC_STRUCTURE"
      ],
      "c6": [
        "DOCTRINE_MANEKA_GANDHI_FRAMEWORK_DUE_PROCESS"
      ],
      "c7": [
        "UNLISTED_HINDU_UNDIVIDED_FAMILY"
      ],
      "c8": [
        "DOCTRINE_NATURAL_JUSTICE_AUDI_ALTERAM_PARTEM"
      ],
      "c9": [
        "UNLISTED_LEGAL_FICTION"
      ],
      "c10": [
        "DOCTRINE_NATURAL_JUSTICE_AUDI_ALTERAM_PARTEM"
      ],
      "i1": [
        "UNLISTED_INCOMETAX_S66A",
        "UNLISTED_INCOMETAX_S66",
        "DOCTRINE_BASIC_STRUCTURE",
        "DOCTRINE_BASIC_STRUCTURE",
        "DOCTRINE_MANEKA_GANDHI_FRAMEWORK_DUE_PROCESS",
        "DOCTRINE_NATURAL_JUSTICE_AUDI_ALTERAM_PARTEM",
        "DOCTRINE_NATURAL_JUSTICE_AUDI_ALTERAM_PARTEM"
      ],
      "i2": [
        "DOCTRINE_MANEKA_GANDHI_FRAMEWORK_DUE_PROCESS",
        "UNLISTED_HINDU_UNDIVIDED_FAMILY"
      ],
      "i3": [
        "DOCTRINE_BASIC_STRUCTURE",
        "DOCTRINE_BASIC_STRUCTURE",
        "DOCTRINE_MANEKA_GANDHI_FRAMEWORK_DUE_PROCESS",
        "UNLISTED_HINDU_UNDIVIDED_FAMILY",
        "UNLISTED_LEGAL_FICTION"
      ],
      "i4": [
        "DOCTRINE_BASIC_STRUCTURE",
        "DOCTRINE_MANEKA_GANDHI_FRAMEWORK_DUE_PROCESS",
        "UNLISTED_HINDU_UNDIVIDED_FAMILY",
        "UNLISTED_LEGAL_FICTION"
      ],
      "h1": [
        "DOCTRINE_MANEKA_GANDHI_FRAMEWORK_DUE_PROCESS",
        "UNLISTED_HINDU_UNDIVIDED_FAMILY"
      ],
      "h2": [
        "DOCTRINE_BASIC_STRUCTURE",
        "DOCTRINE_BASIC_STRUCTURE",
        "DOCTRINE_MANEKA_GANDHI_FRAMEWORK_DUE_PROCESS",
        "UNLISTED_HINDU_UNDIVIDED_FAMILY",
        "UNLISTED_LEGAL_FICTION"
      ],
      "h3": [
        "DOCTRINE_BASIC_STRUCTURE",
        "DOCTRINE_BASIC_STRUCTURE",
        "DOCTRINE_MANEKA_GANDHI_FRAMEWORK_DUE_PROCESS",
        "UNLISTED_HINDU_UNDIVIDED_FAMILY",
        "UNLISTED_LEGAL_FICTION"
      ],
      "h4": [
        "UNLISTED_INCOMETAX_S66A",
        "UNLISTED_INCOMETAX_S66",
        "DOCTRINE_BASIC_STRUCTURE",
        "DOCTRINE_BASIC_STRUCTURE",
        "DOCTRINE_MANEKA_GANDHI_FRAMEWORK_DUE_PROCESS",
        "DOCTRINE_NATURAL_JUSTICE_AUDI_ALTERAM_PARTEM",
        "DOCTRINE_NATURAL_JUSTICE_AUDI_ALTERAM_PARTEM"
      ],
      "h5": [
        "UNLISTED_INCOMETAX_S66A",
        "UNLISTED_INCOMETAX_S66",
        "DOCTRINE_BASIC_STRUCTURE",
        "DOCTRINE_BASIC_STRUCTURE",
        "DOCTRINE_MANEKA_GANDHI_FRAMEWORK_DUE_PROCESS",
        "DOCTRINE_NATURAL_JUSTICE_AUDI_ALTERAM_PARTEM",
        "DOCTRINE_NATURAL_JUSTICE_AUDI_ALTERAM_PARTEM"
      ],
      "a1": [
        "UNLISTED_HINDU_UNDIVIDED_FAMILY"
      ],
      "a2": [
        "UNLISTED_LEGAL_FICTION"
      ],
      "a3": [
        "UNLISTED_LEGAL_FICTION"
      ],
      "a4": [
        "UNLISTED_HINDU_UNDIVIDED_FAMILY"
      ],
      "a5": [
        "UNLISTED_HINDU_UNDIVIDED_FAMILY"
      ],
      "a6": [
        "UNLISTED_LEGAL_FICTION"
      ],
      "a7": [
        "UNLISTED_LEGAL_FICTION"
      ]
    },
    "cluster_summary": {
      "DOCTRINE_BASIC_STRUCTURE": {
        "label": "Basic Structure",
        "logic": "and",
        "facts": [],
        "concepts": [
          "c3",
          "c4",
          "c5"
        ],
        "issues": [
          "i1",
          "i1",
          "i3",
          "i3",
          "i4"
        ],
        "arguments": [],
        "holdings": [
          "h2",
          "h2",
          "h3",
          "h3",
          "h4",
          "h4",
          "h5",
          "h5"
        ],
        "precedents": []
      },
      "DOCTRINE_MANEKA_GANDHI_FRAMEWORK_DUE_PROCESS": {
        "label": "Maneka Gandhi Framework (Due Process)",
        "logic": "and",
        "facts": [],
        "concepts": [
          "c6"
        ],
        "issues": [
          "i1",
          "i2",
          "i3",
          "i4"
        ],
        "arguments": [],
        "holdings": [
          "h1",
          "h2",
          "h3",
          "h4",
          "h5"
        ],
        "precedents": []
      },
      "DOCTRINE_NATURAL_JUSTICE_AUDI_ALTERAM_PARTEM": {
        "label": "Natural Justice - Audi Alteram Partem",
        "logic": "and",
        "facts": [],
        "concepts": [
          "c8",
          "c10"
        ],
        "issues": [
          "i1",
          "i1"
        ],
        "arguments": [],
        "holdings": [
          "h4",
          "h4",
          "h5",
          "h5"
        ],
        "precedents": []
      },
      "UNLISTED_INCOMETAX_S66A": {
        "label": "Section 66A Indian Income-tax Act",
        "logic": "and",
        "facts": [],
        "concepts": [
          "c1"
        ],
        "issues": [
          "i1"
        ],
        "arguments": [],
        "holdings": [
          "h4",
          "h5"
        ],
        "precedents": []
      },
      "UNLISTED_INCOMETAX_S66": {
        "label": "Section 66 Indian Income-tax Act",
        "logic": "and",
        "facts": [],
        "concepts": [
          "c2"
        ],
        "issues": [
          "i1"
        ],
        "arguments": [],
        "holdings": [
          "h4",
          "h5"
        ],
        "precedents": []
      },
      "UNLISTED_HINDU_UNDIVIDED_FAMILY": {
        "label": "Hindu Undivided Family",
        "logic": "and",
        "facts": [],
        "concepts": [
          "c7"
        ],
        "issues": [
          "i2",
          "i3",
          "i4"
        ],
        "arguments": [
          "a1",
          "a4",
          "a5"
        ],
        "holdings": [
          "h1",
          "h2",
          "h3"
        ],
        "precedents": []
      },
      "UNLISTED_LEGAL_FICTION": {
        "label": "Legal Fiction",
        "logic": "and",
        "facts": [],
        "concepts": [
          "c9"
        ],
        "issues": [
          "i3",
          "i4"
        ],
        "arguments": [
          "a2",
          "a3",
          "a6",
          "a7"
        ],
        "holdings": [
          "h2",
          "h3"
        ],
        "precedents": []
      }
    }
  }
}