{
  "case_id": "1956_97",
  "case_name": null,
  "case_year": null,
  "court": null,
  "judges": [],
  "facts": [],
  "concepts": [
    {
      "id": "c1",
      "type": "concept",
      "concept_id": "UNLISTED_CONST_ART133",
      "anchor": {
        "doc_id": "sha256:0960cea3dd53",
        "start_char": 1207,
        "end_char": 1305,
        "text_hash": "a924d347a178d11a",
        "display_location": "0",
        "secondary_spans": [],
        "surface_text": "These two appeals with certificates under Art. 133  1   c  of the Constitution are directed against a judgment of the High Court of Judicature in Assam dismissing the appellants application under Art. 226 challenging the orders"
      },
      "relevance": "supporting",
      "kind": "statute_article",
      "interpretation": null,
      "interpretation_anchor": null,
      "unlisted_label": "Article 133 Constitution",
      "unlisted_description": "Certificate for appeal to Supreme Court",
      "confidence": "high",
      "provenance": {
        "extraction_method": "llm",
        "model_id": "grok-4-1-fast-reasoning",
        "prompt_id": null,
        "run_id": null,
        "temperature": 0.1,
        "timestamp": "2026-02-04T20:53:59.797382"
      }
    },
    {
      "id": "c2",
      "type": "concept",
      "concept_id": "CONST_ART226",
      "anchor": {
        "doc_id": "sha256:0960cea3dd53",
        "start_char": 1325,
        "end_char": 1402,
        "text_hash": "a3fca3b654cefa7f",
        "display_location": "0:28",
        "secondary_spans": [],
        "surface_text": "dismissing the appellants application under Art. 226 challenging the orders -of the first respondent Shri B. L. Sen, Deputy Commissioner, Sibsagar, whereby he allowed the applications filed on behalf of the labourers"
      },
      "relevance": "central",
      "kind": "statute_article",
      "interpretation": "High Court writ jurisdiction to challenge Deputy Commissioner's orders under Minimum Wages Act",
      "interpretation_anchor": {
        "doc_id": "sha256:0960cea3dd53",
        "start_char": 1325,
        "end_char": 2000,
        "text_hash": "0bd597d659269963",
        "display_location": "0",
        "secondary_spans": [],
        "surface_text": " Minimum Wages Act, 1948  XI of 1948 , as amended, the Governor of Assam, having companysidered the advice of the companymittee appointed under clause"
      },
      "unlisted_label": null,
      "unlisted_description": null,
      "confidence": "high",
      "provenance": {
        "extraction_method": "llm",
        "model_id": "grok-4-1-fast-reasoning",
        "prompt_id": null,
        "run_id": null,
        "temperature": 0.1,
        "timestamp": "2026-02-04T20:53:59.797382"
      }
    },
    {
      "id": "c3",
      "type": "concept",
      "concept_id": "UNLISTED_MINWAGES_S20",
      "anchor": {
        "doc_id": "sha256:0960cea3dd53",
        "start_char": 1450,
        "end_char": 1520,
        "text_hash": "48c421c672a0860e",
        "display_location": "0:28",
        "secondary_spans": [],
        "surface_text": "under section 20 of the Minimum Wages Act, 1948  Act XI of 1948 , hereinafter referred to as the Act. On March 11, 1952, the Government of Assam, in exercise of the powers conferred by s. 3 read with sub-s."
      },
      "relevance": "central",
      "kind": "statute_section",
      "interpretation": "Authority to hear claims for payment less than minimum wages; jurisdiction over claims for basic wages related to existing task and extra wages",
      "interpretation_anchor": {
        "doc_id": "sha256:0960cea3dd53",
        "start_char": 7000,
        "end_char": 16000,
        "text_hash": "7856313b9d7a1af7",
        "display_location": "0",
        "secondary_spans": [],
        "surface_text": "s in respect of the daily basic wages of as. 8/- and as. 6/- respectively earned by them before the fixation of the minimum wages by the said numberif"
      },
      "unlisted_label": "Section 20 Minimum Wages Act 1948",
      "unlisted_description": "Claims arising out of payment of less than minimum rates of wages",
      "confidence": "high",
      "provenance": {
        "extraction_method": "llm",
        "model_id": "grok-4-1-fast-reasoning",
        "prompt_id": null,
        "run_id": null,
        "temperature": 0.1,
        "timestamp": "2026-02-04T20:53:59.797382"
      }
    },
    {
      "id": "c4",
      "type": "concept",
      "concept_id": "UNLISTED_MINWAGES_S3",
      "anchor": {
        "doc_id": "sha256:0960cea3dd53",
        "start_char": 1580,
        "end_char": 1650,
        "text_hash": "761f235fb6bc7600",
        "display_location": "0:28",
        "secondary_spans": [],
        "surface_text": "On March 11, 1952, the Government of Assam, in exercise of the powers conferred by s. 3 read with sub-s.  2  of s. 5 of the Act issued the following notification No. GLR. 352/51/56.-In exercise of the powers conferred"
      },
      "relevance": "central",
      "kind": "statute_section",
      "interpretation": "Power to fix minimum rate of wages as time rate, piece rate, or guaranteed time rate; notification fixed rate related to existing workload not pure time rate",
      "interpretation_anchor": {
        "doc_id": "sha256:0960cea3dd53",
        "start_char": 9000,
        "end_char": 14000,
        "text_hash": "d38474a07961bbc5",
        "display_location": "0",
        "secondary_spans": [],
        "surface_text": " basic wages mentioned in the Schedule regardless of their out-turn of work. If this companytention is companyrect, the labourers would number be enti"
      },
      "unlisted_label": "Section 3 Minimum Wages Act 1948",
      "unlisted_description": "Fixation of minimum rates of wages",
      "confidence": "high",
      "provenance": {
        "extraction_method": "llm",
        "model_id": "grok-4-1-fast-reasoning",
        "prompt_id": null,
        "run_id": null,
        "temperature": 0.1,
        "timestamp": "2026-02-04T20:53:59.797382"
      }
    },
    {
      "id": "c5",
      "type": "concept",
      "concept_id": "UNLISTED_MINWAGES_S5",
      "anchor": {
        "doc_id": "sha256:0960cea3dd53",
        "start_char": 1595,
        "end_char": 1680,
        "text_hash": "33785777667b30a1",
        "display_location": "0:28",
        "secondary_spans": [],
        "surface_text": "powers conferred by s. 3 read with sub-s.  2  of s. 5 of the Minimum Wages Act, 1948  XI of 1948 , as amended, the Governor of Assam, having considered the advice of the committee appointed under clause  a "
      },
      "relevance": "supporting",
      "kind": "statute_section",
      "interpretation": "Committee advice for fixation after considering",
      "interpretation_anchor": {
        "doc_id": "sha256:0960cea3dd53",
        "start_char": 1580,
        "end_char": 1700,
        "text_hash": "92e41ecf77e6ae02",
        "display_location": "0:28",
        "secondary_spans": [],
        "surface_text": "e into force with effect from the 30th March, 1952, companysisting of basic wages and dearness allowance in terms of cla"
      },
      "unlisted_label": "Section 5 Minimum Wages Act 1948",
      "unlisted_description": "Committee for fixation of minimum wages",
      "confidence": "high",
      "provenance": {
        "extraction_method": "llm",
        "model_id": "grok-4-1-fast-reasoning",
        "prompt_id": null,
        "run_id": null,
        "temperature": 0.1,
        "timestamp": "2026-02-04T20:53:59.797382"
      }
    },
    {
      "id": "c6",
      "type": "concept",
      "concept_id": "UNLISTED_MINWAGES_S4",
      "anchor": {
        "doc_id": "sha256:0960cea3dd53",
        "start_char": 2200,
        "end_char": 2300,
        "text_hash": "dc0f30907c24eecc",
        "display_location": "0",
        "secondary_spans": [],
        "surface_text": "minimum wages, which will come into force with effect from the 30th March, 1952, consisting of basic wages and dearness allowance in terms of clause  1  of sub-section 1 of section 4 of the said Act,"
      },
      "relevance": "mentioned",
      "kind": "statute_section",
      "interpretation": null,
      "interpretation_anchor": null,
      "unlisted_label": "Section 4 Minimum Wages Act 1948",
      "unlisted_description": "Components of minimum wages (basic + DA)",
      "confidence": "high",
      "provenance": {
        "extraction_method": "llm",
        "model_id": "grok-4-1-fast-reasoning",
        "prompt_id": null,
        "run_id": null,
        "temperature": 0.1,
        "timestamp": "2026-02-04T20:53:59.797382"
      }
    },
    {
      "id": "c7",
      "type": "concept",
      "concept_id": "UNLISTED_MINWAGES_RULE24",
      "anchor": {
        "doc_id": "sha256:0960cea3dd53",
        "start_char": 3100,
        "end_char": 3300,
        "text_hash": "eccd5bdf4fea3fe9",
        "display_location": "0",
        "secondary_spans": [],
        "surface_text": "By notification No. GLR. 44/51, dated the 16th April, 1952, the said Government introduced the Minimum Wages Rules which, inter alia, provided Rule 24. Number of hours of work which shall constitute a normal working day.- The number of hours which shall constitute normal working day shall be-  a in the case of an adult,"
      },
      "relevance": "mentioned",
      "kind": "order_rule",
      "interpretation": null,
      "interpretation_anchor": null,
      "unlisted_label": "Rule 24 Minimum Wages Rules",
      "unlisted_description": "Hours of work constituting normal day",
      "confidence": "high",
      "provenance": {
        "extraction_method": "llm",
        "model_id": "grok-4-1-fast-reasoning",
        "prompt_id": null,
        "run_id": null,
        "temperature": 0.1,
        "timestamp": "2026-02-04T20:53:59.797382"
      }
    },
    {
      "id": "c8",
      "type": "concept",
      "concept_id": "UNLISTED_MINIMUM_TIME_RATE",
      "anchor": {
        "doc_id": "sha256:0960cea3dd53",
        "start_char": 11200,
        "end_char": 11800,
        "text_hash": "297522b44af8a794",
        "display_location": "0",
        "secondary_spans": [],
        "surface_text": "Under s. 3  2  of the Act it was competent to the Government to fix  a  a minimum rate of wages for time work  called a minimum time rate ,  b  a minimum rate of wages for piece work  called a minimum piece rate   or  c  a minimum rate to be applied in the case of employees employed on piece work for the purpose of securing to such, employees a minimum rate of wages on a time work basis  called a guaranteed time rate-  and what was done by the Government was to fix a minimum time rate within the meaning of s. 3 2   a "
      },
      "relevance": "central",
      "kind": "definition",
      "interpretation": "Not a pure minimum time rate irrespective of output; related to existing task/workload with extra for excess",
      "interpretation_anchor": {
        "doc_id": "sha256:0960cea3dd53",
        "start_char": 11200,
        "end_char": 14000,
        "text_hash": "cd4f19923c9eb5e5",
        "display_location": "0",
        "secondary_spans": [],
        "surface_text": "existing at the date of the numberification a work- load or task which was the basis of the payments used to be made to the labourers, the basic wages"
      },
      "unlisted_label": "Minimum Time Rate",
      "unlisted_description": "Minimum rate for time work under s.3(2)(a) Minimum Wages Act",
      "confidence": "high",
      "provenance": {
        "extraction_method": "llm",
        "model_id": "grok-4-1-fast-reasoning",
        "prompt_id": null,
        "run_id": null,
        "temperature": 0.1,
        "timestamp": "2026-02-04T20:53:59.797382"
      }
    },
    {
      "id": "c9",
      "type": "concept",
      "concept_id": "UNLISTED_MINIMUM_PIECE_RATE",
      "anchor": {
        "doc_id": "sha256:0960cea3dd53",
        "start_char": 11350,
        "end_char": 11500,
        "text_hash": "7318353339874f78",
        "display_location": "0",
        "secondary_spans": [],
        "surface_text": "a minimum rate of wages for piece work  called a minimum piece rate"
      },
      "relevance": "supporting",
      "kind": "definition",
      "interpretation": null,
      "interpretation_anchor": null,
      "unlisted_label": "Minimum Piece Rate",
      "unlisted_description": "Minimum rate for piece work under s.3(2)(b) Minimum Wages Act",
      "confidence": "high",
      "provenance": {
        "extraction_method": "llm",
        "model_id": "grok-4-1-fast-reasoning",
        "prompt_id": null,
        "run_id": null,
        "temperature": 0.1,
        "timestamp": "2026-02-04T20:53:59.797382"
      }
    },
    {
      "id": "c10",
      "type": "concept",
      "concept_id": "UNLISTED_GUARANTEED_TIME_RATE",
      "anchor": {
        "doc_id": "sha256:0960cea3dd53",
        "start_char": 11600,
        "end_char": 11850,
        "text_hash": "1ee431c39dcabe0d",
        "display_location": "0",
        "secondary_spans": [],
        "surface_text": "a minimum rate to be applied in the case of employees employed on piece work for the purpose of securing to such, employees a minimum rate of wages on a time work basis  called a guaranteed time rate-"
      },
      "relevance": "supporting",
      "kind": "definition",
      "interpretation": null,
      "interpretation_anchor": null,
      "unlisted_label": "Guaranteed Time Rate",
      "unlisted_description": "Guaranteed minimum on time basis for piece workers under s.3(2)(c) Minimum Wages Act",
      "confidence": "high",
      "provenance": {
        "extraction_method": "llm",
        "model_id": "grok-4-1-fast-reasoning",
        "prompt_id": null,
        "run_id": null,
        "temperature": 0.1,
        "timestamp": "2026-02-04T20:53:59.797382"
      }
    },
    {
      "id": "c11",
      "type": "concept",
      "concept_id": "UNLISTED_WRIT_CERTIORARI",
      "anchor": {
        "doc_id": "sha256:0960cea3dd53",
        "start_char": 18200,
        "end_char": 18450,
        "text_hash": "512656687b802608",
        "display_location": "0",
        "secondary_spans": [],
        "surface_text": "The matters do not come to us by way of appeal directly from the orders of the Deputy Commissioner, Sibsagar. They were the subject, in the first instance, of proceedings under Art. 226 of the Constitution in the High Court of Assam. Proceedings by way of certiorari are not of course .  Vide Halsburys Laws of England,"
      },
      "relevance": "supporting",
      "kind": "doctrine",
      "interpretation": "Supervisory jurisdiction, not appellate; High Court could refuse if no failure of justice",
      "interpretation_anchor": {
        "doc_id": "sha256:0960cea3dd53",
        "start_char": 18200,
        "end_char": 18700,
        "text_hash": "0b9edb77a2a95241",
        "display_location": "0",
        "secondary_spans": [],
        "surface_text": "tive parties. The appellants companytend that they have all throughout been paying to the laborers, after the date of the numberification in question,"
      },
      "unlisted_label": "Writ of Certiorari",
      "unlisted_description": "Supervisory writ under Art.226",
      "confidence": "high",
      "provenance": {
        "extraction_method": "llm",
        "model_id": "grok-4-1-fast-reasoning",
        "prompt_id": null,
        "run_id": null,
        "temperature": 0.1,
        "timestamp": "2026-02-04T20:53:59.797382"
      }
    },
    {
      "id": "c12",
      "type": "concept",
      "concept_id": "CONST_ART133",
      "anchor": {
        "doc_id": "sha256:0960cea3dd53",
        "start_char": 1950,
        "end_char": 2000,
        "text_hash": "e5e71b6e39adb871",
        "display_location": "0:29",
        "secondary_spans": [],
        "surface_text": "The High Court dismissed these applications and granted the certificates under Art. 133 1  c  and that is how these appeals come before us."
      },
      "relevance": "mentioned",
      "kind": "statute_article",
      "interpretation": null,
      "interpretation_anchor": null,
      "unlisted_label": "Article 133(1)(c) Constitution",
      "unlisted_description": "Certificate in civil appeals",
      "confidence": "high",
      "provenance": {
        "extraction_method": "llm",
        "model_id": "grok-4-1-fast-reasoning",
        "prompt_id": null,
        "run_id": null,
        "temperature": 0.1,
        "timestamp": "2026-02-04T20:53:59.797382"
      }
    }
  ],
  "issues": [
    {
      "id": "i1",
      "type": "issue",
      "text": "Whether the applications were maintainable under s. 20 of the Minimum Wages Act",
      "anchor": {
        "doc_id": "sha256:0960cea3dd53",
        "start_char": 7485,
        "end_char": 7605,
        "text_hash": "292ee6fad9631728",
        "display_location": "0",
        "secondary_spans": [],
        "surface_text": "The managers of the estates contested these applications mainly on two grounds viz.,  1  that the applications were not maintainable under s. 20 of the Act,"
      },
      "issue_number": 1,
      "framed_by": "petitioner",
      "primary_concepts": [
        "c3"
      ],
      "answer": "not_decided",
      "confidence": "high",
      "provenance": {
        "extraction_method": "llm",
        "model_id": "grok-4-1-fast-reasoning",
        "prompt_id": null,
        "run_id": null,
        "temperature": 0.1,
        "timestamp": "2026-02-04T20:54:48.686438"
      }
    },
    {
      "id": "i2",
      "type": "issue",
      "text": "Whether there was a fixed workload or task in respect of plucking for earning daily basic wages before the introduction of the minimum wages",
      "anchor": {
        "doc_id": "sha256:0960cea3dd53",
        "start_char": 7606,
        "end_char": 7850,
        "text_hash": "8808152252a9da19",
        "display_location": "0",
        "secondary_spans": [],
        "surface_text": "and  2  that there was nofixed workload or task in respect of plucking for earning daily basic wages before the introduction of the minimum wages. The Deputy Commissioner, Sibsagar, who was the authority appointed under the Act to hear the claims arising out of the payment of less than the minimum rates of wages to these labourers,"
      },
      "issue_number": 2,
      "framed_by": "petitioner",
      "primary_concepts": [
        "c4",
        "c8"
      ],
      "answer": "yes",
      "confidence": "high",
      "provenance": {
        "extraction_method": "llm",
        "model_id": "grok-4-1-fast-reasoning",
        "prompt_id": null,
        "run_id": null,
        "temperature": 0.1,
        "timestamp": "2026-02-04T20:54:48.686438"
      }
    },
    {
      "id": "i3",
      "type": "issue",
      "text": "Whether the notification dated March 11, 1952, fixed only a minimum time rate and nothing more",
      "anchor": null,
      "issue_number": null,
      "framed_by": "petitioner",
      "primary_concepts": [
        "c4",
        "c8",
        "c9",
        "c10"
      ],
      "answer": "no",
      "confidence": "inferred",
      "provenance": {
        "extraction_method": "llm",
        "model_id": "grok-4-1-fast-reasoning",
        "prompt_id": null,
        "run_id": null,
        "temperature": 0.1,
        "timestamp": "2026-02-04T20:54:48.686438"
      }
    },
    {
      "id": "i4",
      "type": "issue",
      "text": "Whether the claims of the labourers arise out of payment of less than the minimum rates of wages and fall within s. 20 of the Act",
      "anchor": null,
      "issue_number": null,
      "framed_by": "petitioner",
      "primary_concepts": [
        "c3",
        "c8"
      ],
      "answer": "not_decided",
      "confidence": "inferred",
      "provenance": {
        "extraction_method": "llm",
        "model_id": "grok-4-1-fast-reasoning",
        "prompt_id": null,
        "run_id": null,
        "temperature": 0.1,
        "timestamp": "2026-02-04T20:54:48.686438"
      }
    },
    {
      "id": "i5",
      "type": "issue",
      "text": "Whether the Supreme Court should interfere with the High Court's dismissal of the writ petitions under Art. 226 seeking certiorari against the Deputy Commissioner's orders",
      "anchor": {
        "doc_id": "sha256:0960cea3dd53",
        "start_char": 18200,
        "end_char": 18750,
        "text_hash": "32454f728c44aa27",
        "display_location": "0",
        "secondary_spans": [],
        "surface_text": "The matters do not come to us by way of appeal directly from the orders of the Deputy Commissioner, Sibsagar. They were the subject, in the first instance, of proceedings under Art. 226 of the Constitution in the High Court of Assam. Proceedings by way of certiorari are not of course .  Vide Halsburys Laws of England,"
      },
      "issue_number": null,
      "framed_by": "court",
      "primary_concepts": [
        "c2",
        "c11",
        "c1"
      ],
      "answer": "no",
      "confidence": "medium",
      "provenance": {
        "extraction_method": "llm",
        "model_id": "grok-4-1-fast-reasoning",
        "prompt_id": null,
        "run_id": null,
        "temperature": 0.1,
        "timestamp": "2026-02-04T20:54:48.686438"
      }
    }
  ],
  "arguments": [
    {
      "id": "a1",
      "type": "argument",
      "claim": "The applications were not maintainable under s. 20 of the Minimum Wages Act",
      "anchor": {
        "doc_id": "sha256:0960cea3dd53",
        "start_char": 7485,
        "end_char": 7605,
        "text_hash": "292ee6fad9631728",
        "display_location": "0",
        "secondary_spans": [],
        "surface_text": "The managers of the estates contested these applications mainly on two grounds viz.,  1  that the applications were not maintainable under s. 20 of the Act,"
      },
      "actor": "petitioner",
      "schemes": [
        "jurisdiction"
      ],
      "qualifiers": "mainly on two grounds",
      "court_response": "partly_accepted",
      "court_response_anchor": null,
      "court_reasoning": "Court does not decide jurisdiction directly but declines to interfere due to concurrent findings and procedural reasons",
      "confidence": "high",
      "provenance": {
        "extraction_method": "llm",
        "model_id": "grok-4-1-fast-reasoning",
        "prompt_id": null,
        "run_id": null,
        "temperature": 0.1,
        "timestamp": "2026-02-04T20:55:34.018169"
      }
    },
    {
      "id": "a2",
      "type": "argument",
      "claim": "There was no fixed workload or task in respect of plucking for earning daily basic wages before the introduction of the minimum wages",
      "anchor": {
        "doc_id": "sha256:0960cea3dd53",
        "start_char": 7606,
        "end_char": 7850,
        "text_hash": "8808152252a9da19",
        "display_location": "0",
        "secondary_spans": [],
        "surface_text": "and  2  that there was nofixed workload or task in respect of plucking for earning daily basic wages before the introduction of the minimum wages."
      },
      "actor": "petitioner",
      "schemes": [
        "evidence_sufficiency",
        "rule_application"
      ],
      "qualifiers": null,
      "court_response": "rejected",
      "court_response_anchor": null,
      "court_reasoning": "Evidence showed existing task of 16/12 seers; notification recognized existing tasks",
      "confidence": "high",
      "provenance": {
        "extraction_method": "llm",
        "model_id": "grok-4-1-fast-reasoning",
        "prompt_id": null,
        "run_id": null,
        "temperature": 0.1,
        "timestamp": "2026-02-04T20:55:34.018169"
      }
    },
    {
      "id": "a3",
      "type": "argument",
      "claim": "The notification dated March 11, 1952, fixed only a minimum time rate and nothing more",
      "anchor": null,
      "actor": "petitioner",
      "schemes": [
        "textual",
        "rule_application"
      ],
      "qualifiers": "urged in the first instance",
      "court_response": "rejected",
      "court_response_anchor": null,
      "court_reasoning": "Minimum wages related to existing workload/task; notification directed continuance of existing tasks",
      "confidence": "inferred",
      "provenance": {
        "extraction_method": "llm",
        "model_id": "grok-4-1-fast-reasoning",
        "prompt_id": null,
        "run_id": null,
        "temperature": 0.1,
        "timestamp": "2026-02-04T20:55:34.018169"
      }
    },
    {
      "id": "a4",
      "type": "argument",
      "claim": "The continuance of existing workload or task was only to prevent employers from increasing it, not related to basic wages",
      "anchor": null,
      "actor": "petitioner",
      "schemes": [
        "purposive"
      ],
      "qualifiers": "It is argued",
      "court_response": "rejected",
      "court_response_anchor": null,
      "court_reasoning": "Basic wages calculated on existing task basis at 6 ps per seer; increase intended while maintaining task",
      "confidence": "inferred",
      "provenance": {
        "extraction_method": "llm",
        "model_id": "grok-4-1-fast-reasoning",
        "prompt_id": null,
        "run_id": null,
        "temperature": 0.1,
        "timestamp": "2026-02-04T20:55:34.018169"
      }
    },
    {
      "id": "a5",
      "type": "argument",
      "claim": "This is not a case of payment of less than the minimum rates of wages; claims are for extra wages over basic, not within s.20",
      "anchor": null,
      "actor": "petitioner",
      "schemes": [
        "jurisdiction",
        "rule_application"
      ],
      "qualifiers": "however contend",
      "court_response": "not_addressed",
      "court_response_anchor": null,
      "court_reasoning": "Court expressly does not decide jurisdiction question",
      "confidence": "inferred",
      "provenance": {
        "extraction_method": "llm",
        "model_id": "grok-4-1-fast-reasoning",
        "prompt_id": null,
        "run_id": null,
        "temperature": 0.1,
        "timestamp": "2026-02-04T20:55:34.018169"
      }
    },
    {
      "id": "a6",
      "type": "argument",
      "claim": "Authority under s.20 has no jurisdiction for complicated questions of law/fact requiring evidence and construction of notification",
      "anchor": null,
      "actor": "petitioner",
      "schemes": [
        "jurisdiction",
        "procedural"
      ],
      "qualifiers": "It is argued",
      "court_response": "not_addressed",
      "court_response_anchor": null,
      "court_reasoning": "Court avoids deciding due to concurrent findings",
      "confidence": "inferred",
      "provenance": {
        "extraction_method": "llm",
        "model_id": "grok-4-1-fast-reasoning",
        "prompt_id": null,
        "run_id": null,
        "temperature": 0.1,
        "timestamp": "2026-02-04T20:55:34.018169"
      }
    },
    {
      "id": "a7",
      "type": "argument",
      "claim": "Existing workload/task of 16 seers for males and 12 for females entitled basic wages + extra at 6 ps per seer excess",
      "anchor": {
        "doc_id": "sha256:0960cea3dd53",
        "start_char": 5000,
        "end_char": 6000,
        "text_hash": "6d536a13f211ffcf",
        "display_location": "0",
        "secondary_spans": [],
        "surface_text": "Prior to the fixation of the minimum wages ... the labourers engaged in plucking tea leave, in these tea estates used to be paid basic wages for male labourers at as. 8/- per day"
      },
      "actor": "respondent",
      "schemes": [
        "evidence_credibility",
        "rule_application"
      ],
      "qualifiers": null,
      "court_response": "accepted",
      "court_response_anchor": null,
      "court_reasoning": "Concurrent findings by Dep Comm and High Court; evidence from Hazira Moharers; notification implies",
      "confidence": "high",
      "provenance": {
        "extraction_method": "llm",
        "model_id": "grok-4-1-fast-reasoning",
        "prompt_id": null,
        "run_id": null,
        "temperature": 0.1,
        "timestamp": "2026-02-04T20:55:34.018169"
      }
    },
    {
      "id": "a8",
      "type": "argument",
      "claim": "Applications maintainable under s.20 as case of payment less than minimum wages",
      "anchor": {
        "doc_id": "sha256:0960cea3dd53",
        "start_char": 8000,
        "end_char": 8500,
        "text_hash": "083d21ed6d4b0a4d",
        "display_location": "0",
        "secondary_spans": [],
        "surface_text": "As regards the first objection, he held that, if the applicants version was true there was a clear case of payment of less than the minimum wages fixed by the Government"
      },
      "actor": "lower_court",
      "schemes": [
        "rule_application"
      ],
      "qualifiers": "if the applicants version was true",
      "court_response": "partly_accepted",
      "court_response_anchor": null,
      "court_reasoning": "SC does not decide but endorses merits",
      "confidence": "medium",
      "provenance": {
        "extraction_method": "llm",
        "model_id": "grok-4-1-fast-reasoning",
        "prompt_id": null,
        "run_id": null,
        "temperature": 0.1,
        "timestamp": "2026-02-04T20:55:34.018169"
      }
    },
    {
      "id": "a9",
      "type": "argument",
      "claim": "There was workload/task of 16/12 seers for basic wages pre-notification; basic min wages related to that + extra",
      "anchor": {
        "doc_id": "sha256:0960cea3dd53",
        "start_char": 8500,
        "end_char": 9500,
        "text_hash": "705c5d475cf6bb58",
        "display_location": "0",
        "secondary_spans": [],
        "surface_text": "As regards the second objection, he came to the conclusion on the evidence recorded before him that there was a work-load or task of 16 seers for male labourers and 12 seers"
      },
      "actor": "lower_court",
      "schemes": [
        "evidence_sufficiency",
        "rule_application"
      ],
      "qualifiers": null,
      "court_response": "accepted",
      "court_response_anchor": null,
      "court_reasoning": "SC concurs with findings",
      "confidence": "high",
      "provenance": {
        "extraction_method": "llm",
        "model_id": "grok-4-1-fast-reasoning",
        "prompt_id": null,
        "run_id": null,
        "temperature": 0.1,
        "timestamp": "2026-02-04T20:55:34.018169"
      }
    },
    {
      "id": "a10",
      "type": "argument",
      "claim": "Notification fixed minimum wages related to existing task, not pure time rate; extra for excess",
      "anchor": null,
      "actor": "court",
      "schemes": [
        "rule_application",
        "textual",
        "purposive"
      ],
      "qualifiers": null,
      "court_response": null,
      "court_response_anchor": null,
      "court_reasoning": null,
      "confidence": "inferred",
      "provenance": {
        "extraction_method": "llm",
        "model_id": "grok-4-1-fast-reasoning",
        "prompt_id": null,
        "run_id": null,
        "temperature": 0.1,
        "timestamp": "2026-02-04T20:55:34.018169"
      }
    },
    {
      "id": "a11",
      "type": "argument",
      "claim": "Labourers entitled to basic min wages for existing task of 16/12 seers + extra at 6 ps/seer",
      "anchor": null,
      "actor": "court",
      "schemes": [
        "rule_application",
        "harmonious"
      ],
      "qualifiers": null,
      "court_response": null,
      "court_response_anchor": null,
      "court_reasoning": null,
      "confidence": "inferred",
      "provenance": {
        "extraction_method": "llm",
        "model_id": "grok-4-1-fast-reasoning",
        "prompt_id": null,
        "run_id": null,
        "temperature": 0.1,
        "timestamp": "2026-02-04T20:55:34.018169"
      }
    },
    {
      "id": "a12",
      "type": "argument",
      "claim": "No need to decide jurisdiction under s.20 as concurrent findings on merits; matters pending long",
      "anchor": null,
      "actor": "court",
      "schemes": [
        "policy_consequence",
        "procedural"
      ],
      "qualifiers": "do not propose",
      "court_response": null,
      "court_response_anchor": null,
      "court_reasoning": null,
      "confidence": "inferred",
      "provenance": {
        "extraction_method": "llm",
        "model_id": "grok-4-1-fast-reasoning",
        "prompt_id": null,
        "run_id": null,
        "temperature": 0.1,
        "timestamp": "2026-02-04T20:55:34.018169"
      }
    },
    {
      "id": "a13",
      "type": "argument",
      "claim": "No interference via certiorari as supervisory jurisdiction; no failure of justice; concurrent merits findings",
      "anchor": null,
      "actor": "court",
      "schemes": [
        "precedent_following",
        "procedural",
        "natural_justice"
      ],
      "qualifiers": null,
      "court_response": null,
      "court_response_anchor": null,
      "court_reasoning": null,
      "confidence": "inferred",
      "provenance": {
        "extraction_method": "llm",
        "model_id": "grok-4-1-fast-reasoning",
        "prompt_id": null,
        "run_id": null,
        "temperature": 0.1,
        "timestamp": "2026-02-04T20:55:34.018169"
      }
    }
  ],
  "holdings": [
    {
      "id": "h1",
      "type": "holding",
      "text": "We are, therefore, of opinion that what was fixed by the notification was not merely a minimum time rate irrespective of the existing work-load or task which used to be performed by the labourers- but was a minimum wage which, though fixed for time work, was necessarily related to the work-load or task then being performed by these labourers so that whatever extra work was done by the labourers in excess of the existing work-load or task of plucking 16 seers of tea leaves in the case of male labourers and 12 seers of tea leaves in the case of female labourers had to be paid for in accordance with the practice then prevailing, whether it was based on agreement or ticca or custom, at the rate of 6 ps. per seer.",
      "anchor": null,
      "resolves_issue": "i3",
      "is_ratio": true,
      "novel": false,
      "reasoning_summary": "Notification directed continuance of existing tasks; basic wages increased from prior rate of 6 ps per seer for 16/12 seers task while maintaining same task and extra payment practice; rejecting pure time rate interpretation.",
      "schemes": [
        "rule_application",
        "textual",
        "purposive"
      ],
      "confidence": "inferred",
      "provenance": {
        "extraction_method": "llm",
        "model_id": "grok-4-1-fast-reasoning",
        "prompt_id": null,
        "run_id": null,
        "temperature": 0.1,
        "timestamp": "2026-02-04T20:56:04.734735"
      }
    },
    {
      "id": "h2",
      "type": "holding",
      "text": "The conclusions reached in this behalf both by the Deputy Commissioner, Sibsagar, and the High Court are, therefore, correct and cannot be challenged.",
      "anchor": null,
      "resolves_issue": "i2",
      "is_ratio": true,
      "novel": false,
      "reasoning_summary": "Concurrent factual findings on existence of pre-notification task of 16/12 seers supported by evidence of Hazira Moharers and implied in notification.",
      "schemes": [
        "evidence_sufficiency",
        "precedent_following"
      ],
      "confidence": "inferred",
      "provenance": {
        "extraction_method": "llm",
        "model_id": "grok-4-1-fast-reasoning",
        "prompt_id": null,
        "run_id": null,
        "temperature": 0.1,
        "timestamp": "2026-02-04T20:56:04.734735"
      }
    },
    {
      "id": "h3",
      "type": "holding",
      "text": "We do not propose to decide this question of jurisdiction as in the instant cases we have, in addition to the determination of the Deputy Commissioner, Sibsagar, the adjudication of the main disputes between the parties by the High Court itself.",
      "anchor": null,
      "resolves_issue": "i1",
      "is_ratio": false,
      "novel": false,
      "reasoning_summary": "Concurrent merits adjudication by lower authorities; long pendency since 1952; no useful purpose served by interference despite possible jurisdictional issues.",
      "schemes": [
        "policy_consequence",
        "procedural"
      ],
      "confidence": "inferred",
      "provenance": {
        "extraction_method": "llm",
        "model_id": "grok-4-1-fast-reasoning",
        "prompt_id": null,
        "run_id": null,
        "temperature": 0.1,
        "timestamp": "2026-02-04T20:56:04.734735"
      }
    },
    {
      "id": "h4",
      "type": "holding",
      "text": "the labourers are entitled to be paid the basic wages of as. 12/-per day,for male labourers and as. 11/- per day for female labourers for the work.load or task of plucking 16 seers and 12 seers of green leaves respectively and-- they are -entitled to extra wages for every seer of green leaves plucked by. them I over and above these quantities of 16 seers and 12 ,seers respectively, at the. computation of 6 Ps. per seer.",
      "anchor": null,
      "resolves_issue": "i4",
      "is_ratio": true,
      "novel": false,
      "reasoning_summary": "Endorsement of concurrent findings applying notification to facts; basic wages for specified task plus extra as per prevailing practice.",
      "schemes": [
        "rule_application",
        "harmonious"
      ],
      "confidence": "inferred",
      "provenance": {
        "extraction_method": "llm",
        "model_id": "grok-4-1-fast-reasoning",
        "prompt_id": null,
        "run_id": null,
        "temperature": 0.1,
        "timestamp": "2026-02-04T20:56:04.734735"
      }
    },
    {
      "id": "h5",
      "type": "holding",
      "text": "We are of opinion that, having regard to the merits which have been concurrently found in favour of the respondents both by the Deputy Commissioner, Sibsagar, and the High Court, we should decline to interfere. This being the point of substance which has been decided in favour of the respondents, we are of the opinion that the appeals are liable to be dismissed.",
      "anchor": null,
      "resolves_issue": "i5",
      "is_ratio": true,
      "novel": false,
      "reasoning_summary": "Certiorari is supervisory not appellate; no failure of justice shown; concurrent findings on merits; cites Halsbury on discretionary nature.",
      "schemes": [
        "precedent_following",
        "procedural",
        "natural_justice"
      ],
      "confidence": "inferred",
      "provenance": {
        "extraction_method": "llm",
        "model_id": "grok-4-1-fast-reasoning",
        "prompt_id": null,
        "run_id": null,
        "temperature": 0.1,
        "timestamp": "2026-02-04T20:56:04.734735"
      }
    }
  ],
  "precedents": [],
  "justification_sets": [
    {
      "id": "js1",
      "type": "justification_set",
      "target_id": "h1",
      "logic": "and",
      "label": "Pith and Substance support",
      "is_primary": true,
      "confidence": "high",
      "provenance": null
    },
    {
      "id": "js2",
      "type": "justification_set",
      "target_id": "h2",
      "logic": "and",
      "label": "Pith and Substance support",
      "is_primary": true,
      "confidence": "high",
      "provenance": null
    },
    {
      "id": "js3",
      "type": "justification_set",
      "target_id": "h4",
      "logic": "and",
      "label": "Basic Structure support",
      "is_primary": true,
      "confidence": "high",
      "provenance": null
    },
    {
      "id": "js4",
      "type": "justification_set",
      "target_id": "h5",
      "logic": "and",
      "label": "Basic Structure support",
      "is_primary": true,
      "confidence": "high",
      "provenance": null
    }
  ],
  "outcome": {
    "id": "outcome",
    "type": "outcome",
    "disposition": "dismissed",
    "anchor": {
      "doc_id": "sha256:0960cea3dd53",
      "start_char": 22051,
      "end_char": 22204,
      "text_hash": "8a0b5fa2318e503b",
      "display_location": "0:164",
      "secondary_spans": [],
      "surface_text": "This being the point of substance which has been decided in favour of the respondents, we are of the opinion that the appeals are liable to be dismissed."
    },
    "binary": "rejected",
    "relief_summary": "Appeals dismissed; court declines to interfere with orders of Deputy Commissioner and High Court directing payment of basic minimum wages for specified task quantities and extra wages at 6 ps. per seer in excess",
    "costs": null,
    "directions": [],
    "provenance": {
      "extraction_method": "llm",
      "model_id": "grok-4-1-fast-reasoning",
      "prompt_id": null,
      "run_id": null,
      "temperature": 0.1,
      "timestamp": "2026-02-04T20:56:49.731203"
    }
  },
  "edges": [
    {
      "id": "e_ccbea3ba_2",
      "source": "a1",
      "target": "c2",
      "relation": "undercuts",
      "anchor": {
        "doc_id": "sha256:0960cea3dd53",
        "start_char": 7485,
        "end_char": 7605,
        "text_hash": "292ee6fad9631728",
        "display_location": "0",
        "secondary_spans": [],
        "surface_text": "s and 12 seers respectively at the rate of 6 ps. per seer. He accordingly ordered that the managers must pay the laboure"
      },
      "explanation": "Argument claims applications not maintainable under s. 20 Minimum Wages Act, undercutting High Court writ jurisdiction under Art. 226 due to alternative statutory remedy",
      "confidence": "medium",
      "strength": "moderate",
      "support_group_ids": [],
      "is_critical": true,
      "provenance": {
        "extraction_method": "llm",
        "model_id": "grok-4-1-fast-reasoning",
        "prompt_id": null,
        "run_id": null,
        "temperature": 0.1,
        "timestamp": "2026-02-04T20:59:15.953951"
      }
    },
    {
      "id": "e_ccbea3ba_3",
      "source": "a1",
      "target": "h5",
      "relation": "grounds",
      "anchor": {
        "doc_id": "sha256:0960cea3dd53",
        "start_char": 7485,
        "end_char": 7605,
        "text_hash": "292ee6fad9631728",
        "display_location": "0",
        "secondary_spans": [],
        "surface_text": "s and 12 seers respectively at the rate of 6 ps. per seer. He accordingly ordered that the managers must pay the laboure"
      },
      "explanation": "Argument describes court declining to interfere due to concurrent findings, grounding the holding's opinion on concurrent merits findings in favor of respondents",
      "confidence": "high",
      "strength": "strong",
      "support_group_ids": [
        "js4"
      ],
      "is_critical": true,
      "provenance": {
        "extraction_method": "llm",
        "model_id": "grok-4-1-fast-reasoning",
        "prompt_id": null,
        "run_id": null,
        "temperature": 0.1,
        "timestamp": "2026-02-04T20:59:15.953951"
      }
    },
    {
      "id": "e_ccbea3ba_4",
      "source": "a1",
      "target": "i5",
      "relation": "addresses",
      "anchor": {
        "doc_id": "sha256:0960cea3dd53",
        "start_char": 7485,
        "end_char": 7605,
        "text_hash": "292ee6fad9631728",
        "display_location": "0",
        "secondary_spans": [],
        "surface_text": "s and 12 seers respectively at the rate of 6 ps. per seer. He accordingly ordered that the managers must pay the laboure"
      },
      "explanation": "Argument on maintainability under s. 20 and declination to interfere due to concurrent findings addresses the issue of Supreme Court interference with High Court dismissal",
      "confidence": "high",
      "strength": "strong",
      "support_group_ids": [],
      "is_critical": false,
      "provenance": {
        "extraction_method": "llm",
        "model_id": "grok-4-1-fast-reasoning",
        "prompt_id": null,
        "run_id": null,
        "temperature": 0.1,
        "timestamp": "2026-02-04T20:59:15.953951"
      }
    },
    {
      "id": "e_0d08318d_13",
      "source": "a10",
      "target": "c4",
      "relation": "supports",
      "anchor": null,
      "explanation": "Argument a10 supports the description in c4 that notification fixed minimum wages related to existing task, not pure time rate",
      "confidence": "inferred",
      "strength": "moderate",
      "support_group_ids": [],
      "is_critical": false,
      "provenance": {
        "extraction_method": "llm",
        "model_id": "grok-4-1-fast-reasoning",
        "prompt_id": null,
        "run_id": null,
        "temperature": 0.1,
        "timestamp": "2026-02-04T20:59:57.748426"
      }
    },
    {
      "id": "e_0d08318d_11",
      "source": "a10",
      "target": "h1",
      "relation": "supports",
      "anchor": null,
      "explanation": "Argument a10 claims notification not pure time rate but related to task with extra, supporting h1's opinion",
      "confidence": "inferred",
      "strength": "strong",
      "support_group_ids": [
        "js1"
      ],
      "is_critical": true,
      "provenance": {
        "extraction_method": "llm",
        "model_id": "grok-4-1-fast-reasoning",
        "prompt_id": null,
        "run_id": null,
        "temperature": 0.1,
        "timestamp": "2026-02-04T20:59:57.748426"
      }
    },
    {
      "id": "e_0d08318d_5",
      "source": "a10",
      "target": "i3",
      "relation": "addresses",
      "anchor": null,
      "explanation": "Argument a10 claims notification fixed minimum wages related to existing task, not pure time rate, addressing i3",
      "confidence": "inferred",
      "strength": "strong",
      "support_group_ids": [],
      "is_critical": true,
      "provenance": {
        "extraction_method": "llm",
        "model_id": "grok-4-1-fast-reasoning",
        "prompt_id": null,
        "run_id": null,
        "temperature": 0.1,
        "timestamp": "2026-02-04T20:59:57.748426"
      }
    },
    {
      "id": "e_0d08318d_17",
      "source": "a2",
      "target": "h2",
      "relation": "rebuts",
      "anchor": null,
      "explanation": "Argument a2 claims no fixed workload for basic wages, rebutting h2's affirmation of lower courts' conclusions on existing workload",
      "confidence": "inferred",
      "strength": "weak",
      "support_group_ids": [],
      "is_critical": false,
      "provenance": {
        "extraction_method": "llm",
        "model_id": "grok-4-1-fast-reasoning",
        "prompt_id": null,
        "run_id": null,
        "temperature": 0.1,
        "timestamp": "2026-02-04T20:59:57.748426"
      }
    },
    {
      "id": "e_0d08318d_1",
      "source": "a2",
      "target": "i2",
      "relation": "addresses",
      "anchor": {
        "doc_id": "sha256:0960cea3dd53",
        "start_char": 7606,
        "end_char": 7850,
        "text_hash": "8808152252a9da19",
        "display_location": "0",
        "secondary_spans": [],
        "surface_text": "s engaged in plucking tea leaves the minimum basic wages at the rate of as. 12/- per day to the male labourers for 16 seers of green leaves and as. 11"
      },
      "explanation": "Argument a2 shares exact span with issue i2 and directly pertains to whether there was a fixed workload or task",
      "confidence": "high",
      "strength": "strong",
      "support_group_ids": [],
      "is_critical": true,
      "provenance": {
        "extraction_method": "llm",
        "model_id": "grok-4-1-fast-reasoning",
        "prompt_id": null,
        "run_id": null,
        "temperature": 0.1,
        "timestamp": "2026-02-04T20:59:57.748426"
      }
    },
    {
      "id": "e_0d08318d_14",
      "source": "a3",
      "target": "c4",
      "relation": "rebuts",
      "anchor": null,
      "explanation": "Argument a3 claims notification fixed only minimum time rate and nothing more, rebutting c4's indication that rate was related to existing workload/task",
      "confidence": "inferred",
      "strength": "moderate",
      "support_group_ids": [],
      "is_critical": false,
      "provenance": {
        "extraction_method": "llm",
        "model_id": "grok-4-1-fast-reasoning",
        "prompt_id": null,
        "run_id": null,
        "temperature": 0.1,
        "timestamp": "2026-02-04T20:59:57.748426"
      }
    },
    {
      "id": "e_0d08318d_16",
      "source": "a3",
      "target": "h1",
      "relation": "rebuts",
      "anchor": null,
      "explanation": "Argument a3 claims notification fixed only minimum time rate, rebutting h1 that it was not merely time rate",
      "confidence": "inferred",
      "strength": "moderate",
      "support_group_ids": [],
      "is_critical": false,
      "provenance": {
        "extraction_method": "llm",
        "model_id": "grok-4-1-fast-reasoning",
        "prompt_id": null,
        "run_id": null,
        "temperature": 0.1,
        "timestamp": "2026-02-04T20:59:57.748426"
      }
    },
    {
      "id": "e_0d08318d_2",
      "source": "a3",
      "target": "i3",
      "relation": "addresses",
      "anchor": null,
      "explanation": "Argument a3 directly matches the content of issue i3 regarding whether the notification fixed only a minimum time rate",
      "confidence": "inferred",
      "strength": "strong",
      "support_group_ids": [],
      "is_critical": true,
      "provenance": {
        "extraction_method": "llm",
        "model_id": "grok-4-1-fast-reasoning",
        "prompt_id": null,
        "run_id": null,
        "temperature": 0.1,
        "timestamp": "2026-02-04T20:59:57.748426"
      }
    },
    {
      "id": "e_ef8755ab_11",
      "source": "a5",
      "target": "i4",
      "relation": "addresses",
      "anchor": null,
      "explanation": "a5 directly states claims are for extra wages over basic, not payment less than minimum rates, thus not within s.20, addressing i4",
      "confidence": "inferred",
      "strength": "strong",
      "support_group_ids": [],
      "is_critical": true,
      "provenance": {
        "extraction_method": "llm",
        "model_id": "grok-4-1-fast-reasoning",
        "prompt_id": null,
        "run_id": null,
        "temperature": 0.1,
        "timestamp": "2026-02-04T20:58:11.870022"
      }
    },
    {
      "id": "e_ef8755ab_12",
      "source": "a6",
      "target": "i4",
      "relation": "addresses",
      "anchor": null,
      "explanation": "a6 argues s.20 authority lacks jurisdiction for construction of notification etc., addressing whether claims fall within s.20",
      "confidence": "inferred",
      "strength": "moderate",
      "support_group_ids": [],
      "is_critical": false,
      "provenance": {
        "extraction_method": "llm",
        "model_id": "grok-4-1-fast-reasoning",
        "prompt_id": null,
        "run_id": null,
        "temperature": 0.1,
        "timestamp": "2026-02-04T20:58:11.870022"
      }
    },
    {
      "id": "e_0d08318d_9",
      "source": "a7",
      "target": "h2",
      "relation": "supports",
      "anchor": {
        "doc_id": "sha256:0960cea3dd53",
        "start_char": 5000,
        "end_char": 6000,
        "text_hash": "6d536a13f211ffcf",
        "display_location": "0",
        "secondary_spans": [],
        "surface_text": "-the 16 seers and 12 seers respectively. There was a difference thus in payment, of as. 4/- per day in the case of male labourers and as. 51- per day "
      },
      "explanation": "Argument a7 cites concurrent findings by Dep Comm and High Court on workload, which h2 affirms as correct",
      "confidence": "high",
      "strength": "strong",
      "support_group_ids": [
        "js2"
      ],
      "is_critical": true,
      "provenance": {
        "extraction_method": "llm",
        "model_id": "grok-4-1-fast-reasoning",
        "prompt_id": null,
        "run_id": null,
        "temperature": 0.1,
        "timestamp": "2026-02-04T20:59:57.748426"
      }
    },
    {
      "id": "e_0d08318d_3",
      "source": "a7",
      "target": "i2",
      "relation": "addresses",
      "anchor": {
        "doc_id": "sha256:0960cea3dd53",
        "start_char": 5000,
        "end_char": 6000,
        "text_hash": "6d536a13f211ffcf",
        "display_location": "0",
        "secondary_spans": [],
        "surface_text": "-the 16 seers and 12 seers respectively. There was a difference thus in payment, of as. 4/- per day in the case of male labourers and as. 51- per day "
      },
      "explanation": "Argument a7 discusses existing workload/task of 16/12 seers, directly addressing issue i2",
      "confidence": "high",
      "strength": "strong",
      "support_group_ids": [],
      "is_critical": true,
      "provenance": {
        "extraction_method": "llm",
        "model_id": "grok-4-1-fast-reasoning",
        "prompt_id": null,
        "run_id": null,
        "temperature": 0.1,
        "timestamp": "2026-02-04T20:59:57.748426"
      }
    },
    {
      "id": "e_0d08318d_10",
      "source": "a9",
      "target": "h2",
      "relation": "supports",
      "anchor": {
        "doc_id": "sha256:0960cea3dd53",
        "start_char": 8500,
        "end_char": 9500,
        "text_hash": "705c5d475cf6bb58",
        "display_location": "0",
        "secondary_spans": [],
        "surface_text": "x  a  a minimum rate of wages for time work  called a minimum time rate ,  b  a minimum rate of wages for piece work  called a minimum piece rate   or"
      },
      "explanation": "Argument a9 states SC concurs with findings on workload, supporting h2's affirmation of lower court conclusions",
      "confidence": "high",
      "strength": "strong",
      "support_group_ids": [
        "js2"
      ],
      "is_critical": true,
      "provenance": {
        "extraction_method": "llm",
        "model_id": "grok-4-1-fast-reasoning",
        "prompt_id": null,
        "run_id": null,
        "temperature": 0.1,
        "timestamp": "2026-02-04T20:59:57.748426"
      }
    },
    {
      "id": "e_0d08318d_4",
      "source": "a9",
      "target": "i2",
      "relation": "addresses",
      "anchor": {
        "doc_id": "sha256:0960cea3dd53",
        "start_char": 8500,
        "end_char": 9500,
        "text_hash": "705c5d475cf6bb58",
        "display_location": "0",
        "secondary_spans": [],
        "surface_text": "x  a  a minimum rate of wages for time work  called a minimum time rate ,  b  a minimum rate of wages for piece work  called a minimum piece rate   or"
      },
      "explanation": "Argument a9 states there was workload/task of 16/12 seers pre-notification, addressing i2",
      "confidence": "high",
      "strength": "strong",
      "support_group_ids": [],
      "is_critical": true,
      "provenance": {
        "extraction_method": "llm",
        "model_id": "grok-4-1-fast-reasoning",
        "prompt_id": null,
        "run_id": null,
        "temperature": 0.1,
        "timestamp": "2026-02-04T20:59:57.748426"
      }
    },
    {
      "id": "e_ccbea3ba_6",
      "source": "c2",
      "target": "i5",
      "relation": "addresses",
      "anchor": {
        "doc_id": "sha256:0960cea3dd53",
        "start_char": 1325,
        "end_char": 1402,
        "text_hash": "a3fca3b654cefa7f",
        "display_location": "0:28",
        "secondary_spans": [],
        "surface_text": " Minimum Wages Act, 1948  XI of 1948 , as amended, the Governor of Assam, hav"
      },
      "explanation": "CONST_ART226 High Court writ jurisdiction concept addresses the issue of Supreme Court interference with dismissal of such writ petitions",
      "confidence": "high",
      "strength": "moderate",
      "support_group_ids": [],
      "is_critical": false,
      "provenance": {
        "extraction_method": "llm",
        "model_id": "grok-4-1-fast-reasoning",
        "prompt_id": null,
        "run_id": null,
        "temperature": 0.1,
        "timestamp": "2026-02-04T20:59:15.953951"
      }
    },
    {
      "id": "e_0d08318d_12",
      "source": "c4",
      "target": "h1",
      "relation": "grounds",
      "anchor": {
        "doc_id": "sha256:0960cea3dd53",
        "start_char": 1580,
        "end_char": 1650,
        "text_hash": "761f235fb6bc7600",
        "display_location": "0:28",
        "secondary_spans": [],
        "surface_text": "e into force with effect from the 30th March, 1952, companysisting of "
      },
      "explanation": "Section 3 describes power to fix wages as time rate, piece rate, or guaranteed time rate with notification related to existing task, grounds h1's interpretation of notification",
      "confidence": "medium",
      "strength": "strong",
      "support_group_ids": [
        "js1"
      ],
      "is_critical": true,
      "provenance": {
        "extraction_method": "llm",
        "model_id": "grok-4-1-fast-reasoning",
        "prompt_id": null,
        "run_id": null,
        "temperature": 0.1,
        "timestamp": "2026-02-04T20:59:57.748426"
      }
    },
    {
      "id": "e_0d08318d_18",
      "source": "c4",
      "target": "i3",
      "relation": "addresses",
      "anchor": {
        "doc_id": "sha256:0960cea3dd53",
        "start_char": 1580,
        "end_char": 1650,
        "text_hash": "761f235fb6bc7600",
        "display_location": "0:28",
        "secondary_spans": [],
        "surface_text": "e into force with effect from the 30th March, 1952, companysisting of "
      },
      "explanation": "Concept c4 describes notification fixing rate related to existing task under S3, addressing whether it was only time rate",
      "confidence": "medium",
      "strength": "moderate",
      "support_group_ids": [],
      "is_critical": false,
      "provenance": {
        "extraction_method": "llm",
        "model_id": "grok-4-1-fast-reasoning",
        "prompt_id": null,
        "run_id": null,
        "temperature": 0.1,
        "timestamp": "2026-02-04T20:59:57.748426"
      }
    },
    {
      "id": "e_ef8755ab_10",
      "source": "c8",
      "target": "a5",
      "relation": "grounds",
      "anchor": {
        "doc_id": "sha256:0960cea3dd53",
        "start_char": 11200,
        "end_char": 11800,
        "text_hash": "297522b44af8a794",
        "display_location": "0",
        "secondary_spans": [],
        "surface_text": "existing at the date of the numberification a work- load or task which was the basis of the payments used to be made to the labourers, the basic wages"
      },
      "explanation": "c8 grounds a5 by establishing notification provides for basic on task/workload and extra for excess, so claims for extra over basic are not for less than minimum rates",
      "confidence": "high",
      "strength": "strong",
      "support_group_ids": [],
      "is_critical": true,
      "provenance": {
        "extraction_method": "llm",
        "model_id": "grok-4-1-fast-reasoning",
        "prompt_id": null,
        "run_id": null,
        "temperature": 0.1,
        "timestamp": "2026-02-04T20:58:11.870022"
      }
    },
    {
      "id": "e_ef8755ab_7",
      "source": "c8",
      "target": "h4",
      "relation": "supports",
      "anchor": {
        "doc_id": "sha256:0960cea3dd53",
        "start_char": 11200,
        "end_char": 11800,
        "text_hash": "297522b44af8a794",
        "display_location": "0",
        "secondary_spans": [],
        "surface_text": "existing at the date of the numberification a work- load or task which was the basis of the payments used to be made to the labourers, the basic wages"
      },
      "explanation": "c8's characterization as related to workload/task with basic wages for task supports h4's holding on entitlement to basic wages for specific workload/task of plucking 16 seers",
      "confidence": "medium",
      "strength": "moderate",
      "support_group_ids": [
        "js3"
      ],
      "is_critical": false,
      "provenance": {
        "extraction_method": "llm",
        "model_id": "grok-4-1-fast-reasoning",
        "prompt_id": null,
        "run_id": null,
        "temperature": 0.1,
        "timestamp": "2026-02-04T20:58:11.870022"
      }
    },
    {
      "id": "e_ef8755ab_5",
      "source": "c8",
      "target": "i2",
      "relation": "addresses",
      "anchor": {
        "doc_id": "sha256:0960cea3dd53",
        "start_char": 11200,
        "end_char": 11800,
        "text_hash": "297522b44af8a794",
        "display_location": "0",
        "secondary_spans": [],
        "surface_text": "existing at the date of the numberification a work- load or task which was the basis of the payments used to be made to the labourers, the basic wages"
      },
      "explanation": "c8 explicitly relates to existing task/workload, addressing whether there was fixed workload before minimum wages",
      "confidence": "high",
      "strength": "moderate",
      "support_group_ids": [],
      "is_critical": false,
      "provenance": {
        "extraction_method": "llm",
        "model_id": "grok-4-1-fast-reasoning",
        "prompt_id": null,
        "run_id": null,
        "temperature": 0.1,
        "timestamp": "2026-02-04T20:58:11.870022"
      }
    },
    {
      "id": "e_ef8755ab_4",
      "source": "c8",
      "target": "i3",
      "relation": "addresses",
      "anchor": {
        "doc_id": "sha256:0960cea3dd53",
        "start_char": 11200,
        "end_char": 11800,
        "text_hash": "297522b44af8a794",
        "display_location": "0",
        "secondary_spans": [],
        "surface_text": "existing at the date of the numberification a work- load or task which was the basis of the payments used to be made to the labourers, the basic wages"
      },
      "explanation": "The concept c8 that it is not a pure minimum time rate irrespective of output but related to task/workload directly addresses and negates i3",
      "confidence": "high",
      "strength": "strong",
      "support_group_ids": [],
      "is_critical": true,
      "provenance": {
        "extraction_method": "llm",
        "model_id": "grok-4-1-fast-reasoning",
        "prompt_id": null,
        "run_id": null,
        "temperature": 0.1,
        "timestamp": "2026-02-04T20:58:11.870022"
      }
    },
    {
      "id": "e_ef8755ab_9",
      "source": "c8",
      "target": "i4",
      "relation": "addresses",
      "anchor": {
        "doc_id": "sha256:0960cea3dd53",
        "start_char": 11200,
        "end_char": 11800,
        "text_hash": "297522b44af8a794",
        "display_location": "0",
        "secondary_spans": [],
        "surface_text": "existing at the date of the numberification a work- load or task which was the basis of the payments used to be made to the labourers, the basic wages"
      },
      "explanation": "c8's pith that notification relates to task with extra for excess addresses whether claims arise from payment less than minimum rates under s.20",
      "confidence": "medium",
      "strength": "moderate",
      "support_group_ids": [],
      "is_critical": false,
      "provenance": {
        "extraction_method": "llm",
        "model_id": "grok-4-1-fast-reasoning",
        "prompt_id": null,
        "run_id": null,
        "temperature": 0.1,
        "timestamp": "2026-02-04T20:58:11.870022"
      }
    },
    {
      "id": "e_504df1a3_2",
      "source": "h1",
      "target": "c10",
      "relation": "supports",
      "anchor": null,
      "explanation": "The holding's conclusion that the notification fixed more than merely a minimum time rate irrespective of workload supports the concept of a guaranteed time rate, which accounts for existing workload or task.",
      "confidence": "inferred",
      "strength": "moderate",
      "support_group_ids": [],
      "is_critical": true,
      "provenance": {
        "extraction_method": "llm",
        "model_id": "grok-4-1-fast-reasoning",
        "prompt_id": null,
        "run_id": null,
        "temperature": 0.1,
        "timestamp": "2026-02-04T21:01:22.171696"
      }
    },
    {
      "id": "e_0d08318d_15",
      "source": "h1",
      "target": "c4",
      "relation": "supports",
      "anchor": null,
      "explanation": "Holding h1's interpretation that notification was not mere time rate irrespective of task supports c4's description of S3 power applied to notification",
      "confidence": "inferred",
      "strength": "moderate",
      "support_group_ids": [],
      "is_critical": false,
      "provenance": {
        "extraction_method": "llm",
        "model_id": "grok-4-1-fast-reasoning",
        "prompt_id": null,
        "run_id": null,
        "temperature": 0.1,
        "timestamp": "2026-02-04T20:59:57.748426"
      }
    },
    {
      "id": "e_ef8755ab_3",
      "source": "h1",
      "target": "c8",
      "relation": "supports",
      "anchor": null,
      "explanation": "h1 states the notification fixed not merely a minimum time rate irrespective of existing work-load or task, directly supporting the concept c8 of not a pure minimum time rate but related to task/workload with extra for excess",
      "confidence": "inferred",
      "strength": "strong",
      "support_group_ids": [],
      "is_critical": true,
      "provenance": {
        "extraction_method": "llm",
        "model_id": "grok-4-1-fast-reasoning",
        "prompt_id": null,
        "run_id": null,
        "temperature": 0.1,
        "timestamp": "2026-02-04T20:58:11.870022"
      }
    },
    {
      "id": "e_7f218a1d_2",
      "source": "h1",
      "target": "c9",
      "relation": "supports",
      "anchor": null,
      "explanation": "The holding that the notification fixed more than merely a minimum time rate, by considering existing work-load or task, supports the minimum piece rate concept.",
      "confidence": "inferred",
      "strength": "moderate",
      "support_group_ids": [],
      "is_critical": true,
      "provenance": {
        "extraction_method": "llm",
        "model_id": "grok-4-1-fast-reasoning",
        "prompt_id": null,
        "run_id": null,
        "temperature": 0.1,
        "timestamp": "2026-02-04T21:00:52.499116"
      }
    },
    {
      "id": "e_ef8755ab_6",
      "source": "h1",
      "target": "h2",
      "relation": "supports",
      "anchor": null,
      "explanation": "h1's opinion on the true nature of the notification supports h2's holding that the lower courts' conclusions on this point are correct",
      "confidence": "inferred",
      "strength": "strong",
      "support_group_ids": [
        "js2"
      ],
      "is_critical": true,
      "provenance": {
        "extraction_method": "llm",
        "model_id": "grok-4-1-fast-reasoning",
        "prompt_id": null,
        "run_id": null,
        "temperature": 0.1,
        "timestamp": "2026-02-04T20:58:11.870022"
      }
    },
    {
      "id": "e_ef8755ab_2",
      "source": "h1",
      "target": "i2",
      "relation": "addresses",
      "anchor": null,
      "explanation": "h1 refers to the existing work-load or task which used to be performed before the notification, addressing whether there was a fixed workload or task before introduction of minimum wages",
      "confidence": "inferred",
      "strength": "strong",
      "support_group_ids": [],
      "is_critical": true,
      "provenance": {
        "extraction_method": "llm",
        "model_id": "grok-4-1-fast-reasoning",
        "prompt_id": null,
        "run_id": null,
        "temperature": 0.1,
        "timestamp": "2026-02-04T20:58:11.870022"
      }
    },
    {
      "id": "e_ef8755ab_1",
      "source": "h1",
      "target": "i3",
      "relation": "addresses",
      "anchor": null,
      "explanation": "h1 holds that what was fixed was not merely a minimum time rate irrespective of existing work-load or task, directly addressing and negating whether the notification fixed only a minimum time rate",
      "confidence": "inferred",
      "strength": "strong",
      "support_group_ids": [],
      "is_critical": true,
      "provenance": {
        "extraction_method": "llm",
        "model_id": "grok-4-1-fast-reasoning",
        "prompt_id": null,
        "run_id": null,
        "temperature": 0.1,
        "timestamp": "2026-02-04T20:58:11.870022"
      }
    },
    {
      "id": "e_h1_resolves_i3",
      "source": "h1",
      "target": "i3",
      "relation": "resolves",
      "anchor": null,
      "explanation": "Inferred from holding.resolves_issue field",
      "confidence": "inferred",
      "strength": "strong",
      "support_group_ids": [],
      "is_critical": false,
      "provenance": null
    },
    {
      "id": "e_h1_determines_outcome",
      "source": "h1",
      "target": "outcome",
      "relation": "determines",
      "anchor": {
        "doc_id": "sha256:0960cea3dd53",
        "start_char": 22051,
        "end_char": 22204,
        "text_hash": "8a0b5fa2318e503b",
        "display_location": "0:164",
        "secondary_spans": [],
        "surface_text": "This being the point of substance which has been decided in favour of the respondents, we are of the opinion that the appeals are liable to be dismissed."
      },
      "explanation": null,
      "confidence": "high",
      "strength": "strong",
      "support_group_ids": [],
      "is_critical": true,
      "provenance": null
    },
    {
      "id": "e_0d08318d_8",
      "source": "h2",
      "target": "i2",
      "relation": "addresses",
      "anchor": null,
      "explanation": "Holding h2 affirms conclusions of lower courts on workload/task, addressing i2",
      "confidence": "inferred",
      "strength": "strong",
      "support_group_ids": [],
      "is_critical": true,
      "provenance": {
        "extraction_method": "llm",
        "model_id": "grok-4-1-fast-reasoning",
        "prompt_id": null,
        "run_id": null,
        "temperature": 0.1,
        "timestamp": "2026-02-04T20:59:57.748426"
      }
    },
    {
      "id": "e_h2_resolves_i2",
      "source": "h2",
      "target": "i2",
      "relation": "resolves",
      "anchor": null,
      "explanation": "Inferred from holding.resolves_issue field",
      "confidence": "inferred",
      "strength": "strong",
      "support_group_ids": [],
      "is_critical": false,
      "provenance": null
    },
    {
      "id": "e_h2_determines_outcome",
      "source": "h2",
      "target": "outcome",
      "relation": "determines",
      "anchor": {
        "doc_id": "sha256:0960cea3dd53",
        "start_char": 22051,
        "end_char": 22204,
        "text_hash": "8a0b5fa2318e503b",
        "display_location": "0:164",
        "secondary_spans": [],
        "surface_text": "This being the point of substance which has been decided in favour of the respondents, we are of the opinion that the appeals are liable to be dismissed."
      },
      "explanation": null,
      "confidence": "high",
      "strength": "strong",
      "support_group_ids": [],
      "is_critical": true,
      "provenance": null
    },
    {
      "id": "e_h3_resolves_i1",
      "source": "h3",
      "target": "i1",
      "relation": "resolves",
      "anchor": null,
      "explanation": "Inferred from holding.resolves_issue field",
      "confidence": "inferred",
      "strength": "strong",
      "support_group_ids": [],
      "is_critical": false,
      "provenance": null
    },
    {
      "id": "e_ef8755ab_8",
      "source": "h4",
      "target": "i2",
      "relation": "addresses",
      "anchor": null,
      "explanation": "h4 specifies entitlement for the workload or task of plucking 16 seers, addressing existence of fixed workload",
      "confidence": "inferred",
      "strength": "moderate",
      "support_group_ids": [],
      "is_critical": false,
      "provenance": {
        "extraction_method": "llm",
        "model_id": "grok-4-1-fast-reasoning",
        "prompt_id": null,
        "run_id": null,
        "temperature": 0.1,
        "timestamp": "2026-02-04T20:58:11.870022"
      }
    },
    {
      "id": "e_h4_resolves_i4",
      "source": "h4",
      "target": "i4",
      "relation": "resolves",
      "anchor": null,
      "explanation": "Inferred from holding.resolves_issue field",
      "confidence": "inferred",
      "strength": "strong",
      "support_group_ids": [],
      "is_critical": false,
      "provenance": null
    },
    {
      "id": "e_h4_determines_outcome",
      "source": "h4",
      "target": "outcome",
      "relation": "determines",
      "anchor": {
        "doc_id": "sha256:0960cea3dd53",
        "start_char": 22051,
        "end_char": 22204,
        "text_hash": "8a0b5fa2318e503b",
        "display_location": "0:164",
        "secondary_spans": [],
        "surface_text": "This being the point of substance which has been decided in favour of the respondents, we are of the opinion that the appeals are liable to be dismissed."
      },
      "explanation": null,
      "confidence": "high",
      "strength": "strong",
      "support_group_ids": [],
      "is_critical": true,
      "provenance": null
    },
    {
      "id": "e_ccbea3ba_5",
      "source": "h5",
      "target": "i5",
      "relation": "addresses",
      "anchor": null,
      "explanation": "Holding states opinion not to interfere having regard to concurrent merits findings, directly addressing whether Supreme Court should interfere with High Court dismissal",
      "confidence": "inferred",
      "strength": "strong",
      "support_group_ids": [],
      "is_critical": true,
      "provenance": {
        "extraction_method": "llm",
        "model_id": "grok-4-1-fast-reasoning",
        "prompt_id": null,
        "run_id": null,
        "temperature": 0.1,
        "timestamp": "2026-02-04T20:59:15.953951"
      }
    },
    {
      "id": "e_h5_resolves_i5",
      "source": "h5",
      "target": "i5",
      "relation": "resolves",
      "anchor": null,
      "explanation": "Inferred from holding.resolves_issue field",
      "confidence": "inferred",
      "strength": "strong",
      "support_group_ids": [],
      "is_critical": false,
      "provenance": null
    },
    {
      "id": "e_h5_determines_outcome",
      "source": "h5",
      "target": "outcome",
      "relation": "determines",
      "anchor": {
        "doc_id": "sha256:0960cea3dd53",
        "start_char": 22051,
        "end_char": 22204,
        "text_hash": "8a0b5fa2318e503b",
        "display_location": "0:164",
        "secondary_spans": [],
        "surface_text": "This being the point of substance which has been decided in favour of the respondents, we are of the opinion that the appeals are liable to be dismissed."
      },
      "explanation": null,
      "confidence": "high",
      "strength": "strong",
      "support_group_ids": [],
      "is_critical": true,
      "provenance": null
    },
    {
      "id": "e_ef8755ab_14",
      "source": "i2",
      "target": "c8",
      "relation": "requires",
      "anchor": {
        "doc_id": "sha256:0960cea3dd53",
        "start_char": 7606,
        "end_char": 7850,
        "text_hash": "8808152252a9da19",
        "display_location": "0",
        "secondary_spans": [],
        "surface_text": "s engaged in plucking tea leaves the minimum basic wages at the rate of as. 12/- per day to the male labourers for 16 seers of green leaves and as. 11"
      },
      "explanation": "i2 on existence of fixed workload requires the pith characterization in c8 relating to existing task/workload",
      "confidence": "medium",
      "strength": "moderate",
      "support_group_ids": [],
      "is_critical": false,
      "provenance": {
        "extraction_method": "llm",
        "model_id": "grok-4-1-fast-reasoning",
        "prompt_id": null,
        "run_id": null,
        "temperature": 0.1,
        "timestamp": "2026-02-04T20:58:11.870022"
      }
    },
    {
      "id": "e_504df1a3_3",
      "source": "i3",
      "target": "c10",
      "relation": "addresses",
      "anchor": null,
      "explanation": "The issue questions whether the notification fixed only a minimum time rate and nothing more, directly addressing the nature and scope of the guaranteed time rate concept.",
      "confidence": "inferred",
      "strength": "strong",
      "support_group_ids": [],
      "is_critical": false,
      "provenance": {
        "extraction_method": "llm",
        "model_id": "grok-4-1-fast-reasoning",
        "prompt_id": null,
        "run_id": null,
        "temperature": 0.1,
        "timestamp": "2026-02-04T21:01:22.171696"
      }
    },
    {
      "id": "e_ef8755ab_13",
      "source": "i3",
      "target": "c8",
      "relation": "requires",
      "anchor": null,
      "explanation": "Resolving i3 on whether notification fixed only minimum time rate requires determining its pith and substance as in c8",
      "confidence": "inferred",
      "strength": "moderate",
      "support_group_ids": [],
      "is_critical": true,
      "provenance": {
        "extraction_method": "llm",
        "model_id": "grok-4-1-fast-reasoning",
        "prompt_id": null,
        "run_id": null,
        "temperature": 0.1,
        "timestamp": "2026-02-04T20:58:11.870022"
      }
    },
    {
      "id": "e_ccbea3ba_1",
      "source": "i5",
      "target": "c2",
      "relation": "addresses",
      "anchor": {
        "doc_id": "sha256:0960cea3dd53",
        "start_char": 18200,
        "end_char": 18750,
        "text_hash": "32454f728c44aa27",
        "display_location": "0",
        "secondary_spans": [],
        "surface_text": "tive parties. The appellants companytend that they have all throughout been paying to the laborers, after the date of the numberification in question,"
      },
      "explanation": "Issue explicitly concerns writ petitions under Art. 226 seeking certiorari against Deputy Commissioner's orders, directly addressing the CONST_ART226 concept",
      "confidence": "high",
      "strength": "strong",
      "support_group_ids": [],
      "is_critical": true,
      "provenance": {
        "extraction_method": "llm",
        "model_id": "grok-4-1-fast-reasoning",
        "prompt_id": null,
        "run_id": null,
        "temperature": 0.1,
        "timestamp": "2026-02-04T20:59:15.953951"
      }
    }
  ],
  "reasoning_chains": [
    {
      "id": "rc_i1_h3",
      "issue_id": "i1",
      "fact_ids": [],
      "concept_ids": [],
      "argument_ids": [],
      "holding_id": "h3",
      "edge_ids": [],
      "justification_set_id": null,
      "critical_nodes": [],
      "narrative": "Issue i1 resolved by holding h3."
    },
    {
      "id": "rc_i2_h2",
      "issue_id": "i2",
      "fact_ids": [],
      "concept_ids": [
        "c4"
      ],
      "argument_ids": [
        "a2",
        "a7",
        "a9",
        "a10",
        "a3"
      ],
      "holding_id": "h2",
      "edge_ids": [
        "e_0d08318d_17",
        "e_0d08318d_9",
        "e_0d08318d_10",
        "e_ef8755ab_6",
        "e_0d08318d_11",
        "e_0d08318d_16",
        "e_0d08318d_12",
        "e_0d08318d_13",
        "e_0d08318d_14",
        "e_0d08318d_15"
      ],
      "justification_set_id": "js2",
      "critical_nodes": [
        "a7",
        "a9",
        "h1",
        "a10",
        "c4"
      ],
      "narrative": "Issue i2 resolved by holding h2. Concepts: c4. Arguments: a2, a7, a9, a10, a3."
    },
    {
      "id": "rc_i3_h1",
      "issue_id": "i3",
      "fact_ids": [],
      "concept_ids": [
        "c4"
      ],
      "argument_ids": [
        "a10",
        "a3"
      ],
      "holding_id": "h1",
      "edge_ids": [
        "e_0d08318d_11",
        "e_0d08318d_16",
        "e_0d08318d_12",
        "e_0d08318d_13",
        "e_0d08318d_14",
        "e_0d08318d_15"
      ],
      "justification_set_id": "js1",
      "critical_nodes": [
        "a10",
        "c4"
      ],
      "narrative": "Issue i3 resolved by holding h1. Concepts: c4. Arguments: a10, a3."
    },
    {
      "id": "rc_i4_h4",
      "issue_id": "i4",
      "fact_ids": [],
      "concept_ids": [
        "c8",
        "c4"
      ],
      "argument_ids": [
        "a10",
        "a3",
        "a2",
        "a7",
        "a9"
      ],
      "holding_id": "h4",
      "edge_ids": [
        "e_ef8755ab_7",
        "e_ef8755ab_3",
        "e_ef8755ab_14",
        "e_ef8755ab_13",
        "e_0d08318d_11",
        "e_0d08318d_16",
        "e_0d08318d_12",
        "e_0d08318d_1",
        "e_0d08318d_3",
        "e_0d08318d_4",
        "e_ef8755ab_5",
        "e_ef8755ab_2",
        "e_0d08318d_8",
        "e_ef8755ab_8",
        "e_0d08318d_5",
        "e_0d08318d_2",
        "e_0d08318d_18",
        "e_ef8755ab_4",
        "e_ef8755ab_1",
        "e_0d08318d_13",
        "e_0d08318d_14",
        "e_0d08318d_15",
        "e_0d08318d_17",
        "e_0d08318d_9",
        "e_0d08318d_10",
        "e_ef8755ab_6"
      ],
      "justification_set_id": "js3",
      "critical_nodes": [
        "h1",
        "i3",
        "a10",
        "c4",
        "a2",
        "a7",
        "a9",
        "h2",
        "a3",
        "c8"
      ],
      "narrative": "Issue i4 resolved by holding h4. Concepts: c8, c4. Arguments: a10, a3, a2, a7, a9."
    },
    {
      "id": "rc_i5_h5",
      "issue_id": "i5",
      "fact_ids": [],
      "concept_ids": [],
      "argument_ids": [
        "a1"
      ],
      "holding_id": "h5",
      "edge_ids": [
        "e_ccbea3ba_3"
      ],
      "justification_set_id": "js4",
      "critical_nodes": [
        "a1"
      ],
      "narrative": "Issue i5 resolved by holding h5. Arguments: a1."
    }
  ],
  "_meta": {
    "schema_version": "2.1.2",
    "quality_tier": "silver",
    "extraction_model": "grok-4-1-fast-reasoning",
    "extraction_timestamp": "2026-02-04T20:51:54.542132",
    "retry_attempts": 0,
    "validation_warnings": [
      "JSON parse error: Unterminated string starting at: line 1 column 15512 (char 15511)"
    ],
    "cluster_membership": {
      "c1": [
        "DOCTRINE_BASIC_STRUCTURE"
      ],
      "c2": [
        "CONST_ART226"
      ],
      "c3": [
        "DOCTRINE_BASIC_STRUCTURE"
      ],
      "c4": [
        "UNLISTED_MINWAGES_S3"
      ],
      "c5": [
        "UNLISTED_MINWAGES_S5"
      ],
      "c6": [
        "UNLISTED_MINWAGES_S4"
      ],
      "c7": [
        "UNLISTED_MINWAGES_RULE24"
      ],
      "c8": [
        "DOCTRINE_PITH_AND_SUBSTANCE"
      ],
      "c9": [
        "UNLISTED_MINIMUM_PIECE_RATE"
      ],
      "c10": [
        "UNLISTED_GUARANTEED_TIME_RATE"
      ],
      "c11": [
        "DOCTRINE_BASIC_STRUCTURE"
      ],
      "c12": [
        "CONST_ART133"
      ],
      "i1": [
        "DOCTRINE_BASIC_STRUCTURE"
      ],
      "i2": [
        "UNLISTED_MINWAGES_S3",
        "DOCTRINE_PITH_AND_SUBSTANCE"
      ],
      "i3": [
        "UNLISTED_MINWAGES_S3",
        "DOCTRINE_PITH_AND_SUBSTANCE",
        "UNLISTED_MINIMUM_PIECE_RATE",
        "UNLISTED_GUARANTEED_TIME_RATE"
      ],
      "i4": [
        "DOCTRINE_BASIC_STRUCTURE",
        "DOCTRINE_PITH_AND_SUBSTANCE"
      ],
      "i5": [
        "CONST_ART226",
        "DOCTRINE_BASIC_STRUCTURE",
        "DOCTRINE_BASIC_STRUCTURE"
      ],
      "h1": [
        "UNLISTED_MINWAGES_S3",
        "DOCTRINE_PITH_AND_SUBSTANCE",
        "UNLISTED_MINIMUM_PIECE_RATE",
        "UNLISTED_GUARANTEED_TIME_RATE"
      ],
      "h2": [
        "UNLISTED_MINWAGES_S3",
        "DOCTRINE_PITH_AND_SUBSTANCE"
      ],
      "h3": [
        "DOCTRINE_BASIC_STRUCTURE"
      ],
      "h4": [
        "DOCTRINE_BASIC_STRUCTURE",
        "DOCTRINE_PITH_AND_SUBSTANCE"
      ],
      "h5": [
        "CONST_ART226",
        "DOCTRINE_BASIC_STRUCTURE",
        "DOCTRINE_BASIC_STRUCTURE"
      ],
      "a1": [
        "CONST_ART226"
      ],
      "a2": [
        "UNLISTED_MINWAGES_S3"
      ],
      "a3": [
        "UNLISTED_MINWAGES_S3"
      ],
      "a4": [
        "UNLISTED_MINWAGES_S3"
      ],
      "a5": [
        "DOCTRINE_PITH_AND_SUBSTANCE"
      ],
      "a6": [
        "DOCTRINE_PITH_AND_SUBSTANCE"
      ],
      "a7": [
        "UNLISTED_MINWAGES_S3"
      ],
      "a8": [
        "DOCTRINE_BASIC_STRUCTURE"
      ],
      "a9": [
        "UNLISTED_MINWAGES_S3"
      ],
      "a10": [
        "UNLISTED_MINWAGES_S3"
      ],
      "a11": [
        "DOCTRINE_BASIC_STRUCTURE"
      ],
      "a12": [
        "DOCTRINE_BASIC_STRUCTURE"
      ]
    },
    "cluster_summary": {
      "DOCTRINE_BASIC_STRUCTURE": {
        "label": "Basic Structure",
        "logic": "and",
        "facts": [],
        "concepts": [
          "c1",
          "c3",
          "c11"
        ],
        "issues": [
          "i1",
          "i4",
          "i5",
          "i5"
        ],
        "arguments": [
          "a8",
          "a11",
          "a12"
        ],
        "holdings": [
          "h3",
          "h4",
          "h5",
          "h5"
        ],
        "precedents": []
      },
      "DOCTRINE_PITH_AND_SUBSTANCE": {
        "label": "Pith and Substance",
        "logic": "and",
        "facts": [],
        "concepts": [
          "c8"
        ],
        "issues": [
          "i2",
          "i3",
          "i4"
        ],
        "arguments": [
          "a5",
          "a6"
        ],
        "holdings": [
          "h1",
          "h2",
          "h4"
        ],
        "precedents": []
      },
      "CONST_ART226": {
        "label": "CONST_ART226",
        "logic": "and",
        "facts": [],
        "concepts": [
          "c2"
        ],
        "issues": [
          "i5"
        ],
        "arguments": [
          "a1"
        ],
        "holdings": [
          "h5"
        ],
        "precedents": []
      },
      "UNLISTED_MINWAGES_S3": {
        "label": "Section 3 Minimum Wages Act 1948",
        "logic": "and",
        "facts": [],
        "concepts": [
          "c4"
        ],
        "issues": [
          "i2",
          "i3"
        ],
        "arguments": [
          "a2",
          "a3",
          "a4",
          "a7",
          "a9",
          "a10"
        ],
        "holdings": [
          "h1",
          "h2"
        ],
        "precedents": []
      },
      "UNLISTED_MINWAGES_S5": {
        "label": "Section 5 Minimum Wages Act 1948",
        "logic": "and",
        "facts": [],
        "concepts": [
          "c5"
        ],
        "issues": [],
        "arguments": [],
        "holdings": [],
        "precedents": []
      },
      "UNLISTED_MINWAGES_S4": {
        "label": "Section 4 Minimum Wages Act 1948",
        "logic": "and",
        "facts": [],
        "concepts": [
          "c6"
        ],
        "issues": [],
        "arguments": [],
        "holdings": [],
        "precedents": []
      },
      "UNLISTED_MINWAGES_RULE24": {
        "label": "Rule 24 Minimum Wages Rules",
        "logic": "and",
        "facts": [],
        "concepts": [
          "c7"
        ],
        "issues": [],
        "arguments": [],
        "holdings": [],
        "precedents": []
      },
      "UNLISTED_MINIMUM_PIECE_RATE": {
        "label": "Minimum Piece Rate",
        "logic": "and",
        "facts": [],
        "concepts": [
          "c9"
        ],
        "issues": [
          "i3"
        ],
        "arguments": [],
        "holdings": [
          "h1"
        ],
        "precedents": []
      },
      "UNLISTED_GUARANTEED_TIME_RATE": {
        "label": "Guaranteed Time Rate",
        "logic": "and",
        "facts": [],
        "concepts": [
          "c10"
        ],
        "issues": [
          "i3"
        ],
        "arguments": [],
        "holdings": [
          "h1"
        ],
        "precedents": []
      },
      "CONST_ART133": {
        "label": "Article 133(1)(c) Constitution",
        "logic": "and",
        "facts": [],
        "concepts": [
          "c12"
        ],
        "issues": [],
        "arguments": [],
        "holdings": [],
        "precedents": []
      }
    }
  }
}