{
  "case_id": "1957_18",
  "case_name": null,
  "case_year": null,
  "court": null,
  "judges": [],
  "facts": [],
  "concepts": [
    {
      "id": "c1",
      "type": "concept",
      "concept_id": "UNLISTED_IT_ACT_S66A2",
      "anchor": {
        "doc_id": "sha256:ae8cde259882",
        "start_char": 52,
        "end_char": 118,
        "text_hash": "23013f0b42323018",
        "display_location": "0:1",
        "secondary_spans": [],
        "surface_text": "appeals with certificates of fitness under section 66A 2  of the Indian Income-tax Act  XI of 1922  are directed against a companymon judgment and order passed by the Full"
      },
      "relevance": "mentioned",
      "kind": "statute_section",
      "interpretation": null,
      "interpretation_anchor": null,
      "unlisted_label": "Section 66A(2) Indian Income-tax Act, 1922",
      "unlisted_description": "Certificate of fitness for appeal to Supreme Court",
      "confidence": "high",
      "provenance": {
        "extraction_method": "llm",
        "model_id": "grok-4-1-fast-reasoning",
        "prompt_id": null,
        "run_id": null,
        "temperature": 0.1,
        "timestamp": "2026-02-05T07:42:21.652353"
      }
    },
    {
      "id": "c2",
      "type": "concept",
      "concept_id": "UNLISTED_IT_ACT_S66_1",
      "anchor": {
        "doc_id": "sha256:ae8cde259882",
        "start_char": 285,
        "end_char": 331,
        "text_hash": "2d70abb77ce94638",
        "display_location": "0:1",
        "secondary_spans": [],
        "surface_text": "Appellate Tribunal under section 66 1  of the Act whereby Sarjoo Prasad, C.J., and Ram Labhaya, J., answered the referred question in the affirmative and Deka, J., answered it in the negative. The referred question wa"
      },
      "relevance": "supporting",
      "kind": "statute_section",
      "interpretation": null,
      "interpretation_anchor": null,
      "unlisted_label": "Section 66(1) Indian Income-tax Act, 1922",
      "unlisted_description": "Reference to High Court by Income-tax Appellate Tribunal",
      "confidence": "high",
      "provenance": {
        "extraction_method": "llm",
        "model_id": "grok-4-1-fast-reasoning",
        "prompt_id": null,
        "run_id": null,
        "temperature": 0.1,
        "timestamp": "2026-02-05T07:42:21.652353"
      }
    },
    {
      "id": "c3",
      "type": "concept",
      "concept_id": "UNLISTED_IT_ACT_S2_1",
      "anchor": {
        "doc_id": "sha256:ae8cde259882",
        "start_char": 752,
        "end_char": 870,
        "text_hash": "8dbe9743c9b28a5a",
        "display_location": "0",
        "secondary_spans": [],
        "surface_text": "the referred question in the affirmative and Deka, J., answered it in the negative. The referred question wa Whether on the facts and in the circumstances of this case the receipts from the sale of sal trees can be said to be agricultural income under section 2 1  and exempt"
      },
      "relevance": "central",
      "kind": "definition",
      "interpretation": "Income from sale of spontaneously grown sal trees not agricultural income as no basic operations like tilling or sowing; only subsequent forestry operations insufficient.",
      "interpretation_anchor": {
        "doc_id": "sha256:ae8cde259882",
        "start_char": 12450,
        "end_char": 15200,
        "text_hash": "b1035be5bf18dcfd",
        "display_location": "0",
        "secondary_spans": [],
        "surface_text": "icultural purpose and the companyditions under which the forestry operations performed by the assessee on forests of spontaneous growth can be assimil"
      },
      "unlisted_label": "Section 2(1) Indian Income-tax Act, 1922",
      "unlisted_description": "Definition of agricultural income",
      "confidence": "high",
      "provenance": {
        "extraction_method": "llm",
        "model_id": "grok-4-1-fast-reasoning",
        "prompt_id": null,
        "run_id": null,
        "temperature": 0.1,
        "timestamp": "2026-02-05T07:42:21.652353"
      }
    },
    {
      "id": "c4",
      "type": "concept",
      "concept_id": "UNLISTED_IT_ACT_S4_3_VIII",
      "anchor": {
        "doc_id": "sha256:ae8cde259882",
        "start_char": 875,
        "end_char": 950,
        "text_hash": "04217d61f823eafe",
        "display_location": "0:4",
        "secondary_spans": [],
        "surface_text": "under section 2 1  and exempt from taxation under section 4 3  viii  of the Income-tax Ac ? These appeals were companysolidated and the High Court ordered that a companysolidated amount of security of Rs. 4,000 together with one set of printing companyts be deposited by the"
      },
      "relevance": "central",
      "kind": "statute_section",
      "interpretation": "Not exempt as not agricultural income per Section 2(1).",
      "interpretation_anchor": {
        "doc_id": "sha256:ae8cde259882",
        "start_char": 12450,
        "end_char": 15200,
        "text_hash": "b1035be5bf18dcfd",
        "display_location": "0",
        "secondary_spans": [],
        "surface_text": "icultural purpose and the companyditions under which the forestry operations performed by the assessee on forests of spontaneous growth can be assimil"
      },
      "unlisted_label": "Section 4(3)(viii) Indian Income-tax Act, 1922",
      "unlisted_description": "Exemption for agricultural income from tax",
      "confidence": "high",
      "provenance": {
        "extraction_method": "llm",
        "model_id": "grok-4-1-fast-reasoning",
        "prompt_id": null,
        "run_id": null,
        "temperature": 0.1,
        "timestamp": "2026-02-05T07:42:21.652353"
      }
    },
    {
      "id": "c5",
      "type": "concept",
      "concept_id": "UNLISTED_IT_ACT_S66_1",
      "anchor": {
        "doc_id": "sha256:ae8cde259882",
        "start_char": 1050,
        "end_char": 1100,
        "text_hash": "4a3cfc0fa64b87a5",
        "display_location": "0:5",
        "secondary_spans": [],
        "surface_text": "Income-tax Appellate Tribunal, Calcutta. He thereupon asked for a reference by the Income-tax Appellate Tribunal of certain questions of law arising out of its order under section 66 1  of the Indian Income-tax Act."
      },
      "relevance": "mentioned",
      "kind": "statute_section",
      "interpretation": null,
      "interpretation_anchor": null,
      "unlisted_label": "Section 66(1) Indian Income-tax Act, 1922",
      "unlisted_description": "Reference to High Court by Income-tax Appellate Tribunal",
      "confidence": "high",
      "provenance": {
        "extraction_method": "llm",
        "model_id": "grok-4-1-fast-reasoning",
        "prompt_id": null,
        "run_id": null,
        "temperature": 0.1,
        "timestamp": "2026-02-05T07:42:21.652353"
      }
    },
    {
      "id": "c6",
      "type": "concept",
      "concept_id": "UNLISTED_IT_ACT_S66_1",
      "anchor": {
        "doc_id": "sha256:ae8cde259882",
        "start_char": 1650,
        "end_char": 1700,
        "text_hash": "e437b81170521c89",
        "display_location": "0",
        "secondary_spans": [],
        "surface_text": "Commissioner of Income-tax, Calcutta B Range, and the Income-tax Appellate Tribunal were also dismissed. The latter however referred the same question to the High Court under section 66 1  of the Indian Income-tax Act, at his instance."
      },
      "relevance": "mentioned",
      "kind": "statute_section",
      "interpretation": null,
      "interpretation_anchor": null,
      "unlisted_label": "Section 66(1) Indian Income-tax Act, 1922",
      "unlisted_description": "Reference to High Court by Income-tax Appellate Tribunal",
      "confidence": "high",
      "provenance": {
        "extraction_method": "llm",
        "model_id": "grok-4-1-fast-reasoning",
        "prompt_id": null,
        "run_id": null,
        "temperature": 0.1,
        "timestamp": "2026-02-05T07:42:21.652353"
      }
    },
    {
      "id": "c7",
      "type": "concept",
      "concept_id": "UNLISTED_AGRICULTURAL_OPERATIONS_TEST",
      "anchor": {
        "doc_id": "sha256:ae8cde259882",
        "start_char": 13200,
        "end_char": 14000,
        "text_hash": "dd04d1b9fa228022",
        "display_location": "0",
        "secondary_spans": [],
        "surface_text": "the connotation of the terms agriculture and agricultural purpose and the companyditions under which the forestry operations performed by the assessee on forests of spontaneous growth can be assimilated to agricultural operations so as to companystitute the income derived from the sale of the forest trees agricultural income within the meaning of its definition in section 2 1  of the Indian Income-tax Act have been laid down by us in the judgment just delivered in Commissioner of Income-tax, West Bengal v. Raja Benoy Kumar Sahas Roy."
      },
      "relevance": "central",
      "kind": "test",
      "interpretation": "Requires basic operations (tilling, sowing, planting) on the land itself; subsequent operations (preservation, nursing) after spontaneous sprouting insufficient to qualify as agriculture if no basic operations performed.",
      "interpretation_anchor": {
        "doc_id": "sha256:ae8cde259882",
        "start_char": 14001,
        "end_char": 16000,
        "text_hash": "471e0507afc4f41f",
        "display_location": "0",
        "secondary_spans": [],
        "surface_text": "f the forests, the forests numbere the less remained forests of spontaneous growth. No human skill and labour was spent by the assessees on the cultiv"
      },
      "unlisted_label": "Agricultural Operations Test (Basic and Subsequent Operations)",
      "unlisted_description": "Judge-made test from CIT v. Raja Benoy Kumar Sahas Roy for determining if forestry yields agricultural income under IT Act",
      "confidence": "high",
      "provenance": {
        "extraction_method": "llm",
        "model_id": "grok-4-1-fast-reasoning",
        "prompt_id": null,
        "run_id": null,
        "temperature": 0.1,
        "timestamp": "2026-02-05T07:42:21.652353"
      }
    },
    {
      "id": "c8",
      "type": "concept",
      "concept_id": "UNLISTED_IT_ACT_S66A2",
      "anchor": {
        "doc_id": "sha256:ae8cde259882",
        "start_char": 14150,
        "end_char": 14250,
        "text_hash": "4035f69d3b148799",
        "display_location": "0",
        "secondary_spans": [],
        "surface_text": "The appellant applied for and obtained certificated of fitness under section 66A 2  of the Act and that is how these appeals have companye up for hearing and final disposal before us."
      },
      "relevance": "mentioned",
      "kind": "statute_section",
      "interpretation": null,
      "interpretation_anchor": null,
      "unlisted_label": "Section 66A(2) Indian Income-tax Act, 1922",
      "unlisted_description": "Certificate of fitness for appeal to Supreme Court",
      "confidence": "high",
      "provenance": {
        "extraction_method": "llm",
        "model_id": "grok-4-1-fast-reasoning",
        "prompt_id": null,
        "run_id": null,
        "temperature": 0.1,
        "timestamp": "2026-02-05T07:42:21.652353"
      }
    },
    {
      "id": "c9",
      "type": "concept",
      "concept_id": "UNLISTED_IT_ACT_S2_1",
      "anchor": {
        "doc_id": "sha256:ae8cde259882",
        "start_char": 13250,
        "end_char": 13350,
        "text_hash": "aa20b2614d55c4ac",
        "display_location": "0",
        "secondary_spans": [],
        "surface_text": "agricultural income within the meaning of its definition in section 2 1  of the Indian Income-tax Act have been laid down by us in the judgment just delivered in Commissioner of Income-tax, West Bengal v. Raja Benoy Kumar Sahas Roy. Applying the principles"
      },
      "relevance": "central",
      "kind": "definition",
      "interpretation": "Income from forests of spontaneous growth with only subsequent operations not within definition.",
      "interpretation_anchor": {
        "doc_id": "sha256:ae8cde259882",
        "start_char": 14001,
        "end_char": 16000,
        "text_hash": "471e0507afc4f41f",
        "display_location": "0",
        "secondary_spans": [],
        "surface_text": "f the forests, the forests numbere the less remained forests of spontaneous growth. No human skill and labour was spent by the assessees on the cultiv"
      },
      "unlisted_label": "Section 2(1) Indian Income-tax Act, 1922",
      "unlisted_description": "Definition of agricultural income",
      "confidence": "high",
      "provenance": {
        "extraction_method": "llm",
        "model_id": "grok-4-1-fast-reasoning",
        "prompt_id": null,
        "run_id": null,
        "temperature": 0.1,
        "timestamp": "2026-02-05T07:42:21.652353"
      }
    },
    {
      "id": "c10",
      "type": "concept",
      "concept_id": "UNLISTED_IT_ACT_S66_1",
      "anchor": {
        "doc_id": "sha256:ae8cde259882",
        "start_char": 1800,
        "end_char": 1850,
        "text_hash": "0c6cd63e1d1617e7",
        "display_location": "0",
        "secondary_spans": [],
        "surface_text": "(similar repeated mentions throughout for other respondents)"
      },
      "relevance": "mentioned",
      "kind": "statute_section",
      "interpretation": null,
      "interpretation_anchor": null,
      "unlisted_label": "Section 66(1) Indian Income-tax Act, 1922",
      "unlisted_description": "Reference to High Court by Income-tax Appellate Tribunal",
      "confidence": "high",
      "provenance": {
        "extraction_method": "llm",
        "model_id": "grok-4-1-fast-reasoning",
        "prompt_id": null,
        "run_id": null,
        "temperature": 0.1,
        "timestamp": "2026-02-05T07:42:21.652353"
      }
    }
  ],
  "issues": [
    {
      "id": "i1",
      "type": "issue",
      "text": "Whether on the facts and in the circumstances of this case the receipts from the sale of sal trees can be said to be agricultural income under section 2 1 and exempt from taxation under section 4 3 viii of the Income-tax Ac ?",
      "anchor": {
        "doc_id": "sha256:ae8cde259882",
        "start_char": 792,
        "end_char": 950,
        "text_hash": "5d431f3b7d6c5f48",
        "display_location": "0",
        "secondary_spans": [],
        "surface_text": "Whether on the facts and in the circumstances of this case the receipts from the sale of sal trees can be said to be agricultural income under section 2 1  and exempt from taxation under section 4 3  viii  of the Income-tax Ac ?"
      },
      "issue_number": null,
      "framed_by": "court",
      "primary_concepts": [
        "c2",
        "c3",
        "c4"
      ],
      "answer": "no",
      "confidence": "high",
      "provenance": {
        "extraction_method": "llm",
        "model_id": "grok-4-1-fast-reasoning",
        "prompt_id": null,
        "run_id": null,
        "temperature": 0.1,
        "timestamp": "2026-02-05T07:43:05.251261"
      }
    },
    {
      "id": "i2",
      "type": "issue",
      "text": "whether the operations which the assessees claim to have performed in these forests were agricultural operations such as to bring the income derived from these forests within the definition of agricultural income",
      "anchor": {
        "doc_id": "sha256:ae8cde259882",
        "start_char": 10520,
        "end_char": 10780,
        "text_hash": "36ab35620b38f495",
        "display_location": "0:56",
        "secondary_spans": [],
        "surface_text": "We shall however proceed on the basis that these facts were proved by the assessees and determine whether the operations which the assessees claim to have performed in these forests were agricultural operations such as to bring the income derived"
      },
      "issue_number": null,
      "framed_by": "court",
      "primary_concepts": [
        "c3",
        "c7",
        "c9"
      ],
      "answer": "no",
      "confidence": "high",
      "provenance": {
        "extraction_method": "llm",
        "model_id": "grok-4-1-fast-reasoning",
        "prompt_id": null,
        "run_id": null,
        "temperature": 0.1,
        "timestamp": "2026-02-05T07:43:05.251261"
      }
    }
  ],
  "arguments": [
    {
      "id": "a1",
      "type": "argument",
      "claim": "Receipts from the sale of sal trees from forests of spontaneous growth are agricultural income exempt under sections 2(1) and 4(3)(viii) because human skill and labour were employed in maintenance, preservation, nursing, improving and rearing of the forests through various forestry operations.",
      "anchor": {
        "doc_id": "sha256:ae8cde259882",
        "start_char": 10520,
        "end_char": 13200,
        "text_hash": "0f4914ae7bd881ac",
        "display_location": "0",
        "secondary_spans": [],
        "surface_text": "We shall however proceed on the basis that these facts were proved by the assessees and determine whether the operations which the assessees claim to have performed in these forests were agricultural operations such as to bring the income derived from these forests within the definition of agricultural income."
      },
      "actor": "respondent",
      "schemes": [
        "rule_application",
        "evidence_sufficiency"
      ],
      "qualifiers": null,
      "court_response": "rejected",
      "court_response_anchor": {
        "doc_id": "sha256:ae8cde259882",
        "start_char": 13200,
        "end_char": 15200,
        "text_hash": "d432da55f6e2f8e4",
        "display_location": "0",
        "secondary_spans": [],
        "surface_text": "ed untouched and in the production of the income the assessees had made numbercontribution by way of cultivation. There were numberbasic operations ei"
      },
      "court_reasoning": "No basic operations like tilling or sowing; only subsequent forestry operations insufficient per principles in CIT v. Raja Benoy Kumar Sahas Roy.",
      "confidence": "high",
      "provenance": {
        "extraction_method": "llm",
        "model_id": "grok-4-1-fast-reasoning",
        "prompt_id": null,
        "run_id": null,
        "temperature": 0.1,
        "timestamp": "2026-02-05T07:43:44.425867"
      }
    },
    {
      "id": "a2",
      "type": "argument",
      "claim": "Receipts from forests were agricultural income as held by Assistant Commissioner in 1923 order, and Income-tax authorities accepted and ceased assessment for years.",
      "anchor": {
        "doc_id": "sha256:ae8cde259882",
        "start_char": 1650,
        "end_char": 2100,
        "text_hash": "b59a87cc1acb4dcc",
        "display_location": "0",
        "secondary_spans": [],
        "surface_text": "The Assistant Commissioner of Income-tax on appeal held by his order dated April 28, 1923, that receipts from forests were agricultural income and the Income-tax authorities accepted the said decision and ceased to assess such receipts for a good number of years."
      },
      "actor": "respondent",
      "schemes": [
        "precedent_following"
      ],
      "qualifiers": null,
      "court_response": "not_addressed",
      "court_response_anchor": null,
      "court_reasoning": null,
      "confidence": "high",
      "provenance": {
        "extraction_method": "llm",
        "model_id": "grok-4-1-fast-reasoning",
        "prompt_id": null,
        "run_id": null,
        "temperature": 0.1,
        "timestamp": "2026-02-05T07:43:44.425867"
      }
    },
    {
      "id": "a3",
      "type": "argument",
      "claim": "Even without tilling or planting, forestry operations are conducive to growth, involve human skill on land, making them agricultural operations and land used for agricultural purposes.",
      "anchor": {
        "doc_id": "sha256:ae8cde259882",
        "start_char": 12400,
        "end_char": 13200,
        "text_hash": "2e3434ceb297d47e",
        "display_location": "0",
        "secondary_spans": [],
        "surface_text": "On these facts the majority of the Judges held that even though there was no tilling of the land or planting of seeds or saplings and the trees were of spontaneous germination, the operations carried on by the assessees were conducive to the growth and development of the trees and in essence involved the expenditure of human skill and labour on the land itself."
      },
      "actor": "lower_court",
      "schemes": [
        "rule_application",
        "purposive"
      ],
      "qualifiers": null,
      "court_response": "rejected",
      "court_response_anchor": {
        "doc_id": "sha256:ae8cde259882",
        "start_char": 13200,
        "end_char": 15200,
        "text_hash": "d432da55f6e2f8e4",
        "display_location": "0",
        "secondary_spans": [],
        "surface_text": "ed untouched and in the production of the income the assessees had made numbercontribution by way of cultivation. There were numberbasic operations ei"
      },
      "court_reasoning": "Erroneous ratio; requires basic operations on land; forestry operations are only subsequent.",
      "confidence": "high",
      "provenance": {
        "extraction_method": "llm",
        "model_id": "grok-4-1-fast-reasoning",
        "prompt_id": null,
        "run_id": null,
        "temperature": 0.1,
        "timestamp": "2026-02-05T07:43:44.425867"
      }
    },
    {
      "id": "a4",
      "type": "argument",
      "claim": "No evidence to support claims of operations; affidavit statements unreliable without means to test.",
      "anchor": {
        "doc_id": "sha256:ae8cde259882",
        "start_char": 12000,
        "end_char": 12400,
        "text_hash": "2a5fe785ac455473",
        "display_location": "0",
        "secondary_spans": [],
        "surface_text": "Even though Sarjoo Prasad, C.J., and Ram Labhaya, J., proceeded on the basis that these facts were proved, Deka, J., struck a dissenting note and observed that there was no evidence as to the claim made by the respondents and that the statements made on affidavit could not be accepted as there was no means to test them."
      },
      "actor": "lower_court",
      "schemes": [
        "evidence_credibility"
      ],
      "qualifiers": null,
      "court_response": "partly_accepted",
      "court_response_anchor": {
        "doc_id": "sha256:ae8cde259882",
        "start_char": 10520,
        "end_char": 10780,
        "text_hash": "36ab35620b38f495",
        "display_location": "0:56",
        "secondary_spans": [],
        "surface_text": "hat these facts were proved by the assessees and determine whether the operations which the assessees claim to have performed in these forests were ag"
      },
      "court_reasoning": "SC proceeds assuming facts proved but rejects substantive claim.",
      "confidence": "high",
      "provenance": {
        "extraction_method": "llm",
        "model_id": "grok-4-1-fast-reasoning",
        "prompt_id": null,
        "run_id": null,
        "temperature": 0.1,
        "timestamp": "2026-02-05T07:43:44.425867"
      }
    },
    {
      "id": "a5",
      "type": "argument",
      "claim": "Expenses on forest operations insignificant compared to gross receipts (e.g., 8% Mechpara, 4% Parbatjoar), indicating not substantial human contribution akin to agriculture.",
      "anchor": {
        "doc_id": "sha256:ae8cde259882",
        "start_char": 11500,
        "end_char": 12400,
        "text_hash": "12531239bed9cb5b",
        "display_location": "0",
        "secondary_spans": [],
        "surface_text": "It may be noted that on the question of the employment of human skill and labour, the appellants representative stated before the Tribunal that with regard to the Mechpara Estate, the expenses on forests establishment including temporary hands were estimated at Rs. 15,000 a year, the gross receipts being about Rs. 1,70,000."
      },
      "actor": "petitioner",
      "schemes": [
        "evidence_sufficiency",
        "balancing"
      ],
      "qualifiers": null,
      "court_response": "accepted",
      "court_response_anchor": {
        "doc_id": "sha256:ae8cde259882",
        "start_char": 15200,
        "end_char": 16000,
        "text_hash": "1fbb2716e45ffc61",
        "display_location": "0",
        "secondary_spans": [],
        "surface_text": "yvert the whole of them into agricultural operations. We are of opinion that the ratio adopted by the majority of the judges of the High Court was err"
      },
      "court_reasoning": "Fortifies conclusion that operations insignificant and not basic agriculture.",
      "confidence": "medium",
      "provenance": {
        "extraction_method": "llm",
        "model_id": "grok-4-1-fast-reasoning",
        "prompt_id": null,
        "run_id": null,
        "temperature": 0.1,
        "timestamp": "2026-02-05T07:43:44.425867"
      }
    },
    {
      "id": "a6",
      "type": "argument",
      "claim": "Income from sale of spontaneously grown trees not agricultural under section 2(1) as no basic operations (tilling, sowing, planting); only subsequent operations (preservation etc.) insufficient.",
      "anchor": {
        "doc_id": "sha256:ae8cde259882",
        "start_char": 13200,
        "end_char": 15200,
        "text_hash": "d432da55f6e2f8e4",
        "display_location": "0",
        "secondary_spans": [],
        "surface_text": "The connotation of the terms agriculture and agricultural purpose and the conditions under which the forestry operations performed by the assessee on forests of spontaneous growth can be assimilated to agricultural operations so as to constitute the income derived from the sale of the forest trees agricultural income within the meaning of its definition in section 2 1  of the Indian Income-tax Act have been laid down by us in the judgment just delivered in Commissioner of Income-tax, West Bengal v. Raja Benoy Kumar Sahas Roy."
      },
      "actor": "court",
      "schemes": [
        "precedent_following",
        "rule_application"
      ],
      "qualifiers": null,
      "court_response": null,
      "court_response_anchor": null,
      "court_reasoning": null,
      "confidence": "high",
      "provenance": {
        "extraction_method": "llm",
        "model_id": "grok-4-1-fast-reasoning",
        "prompt_id": null,
        "run_id": null,
        "temperature": 0.1,
        "timestamp": "2026-02-05T07:43:44.425867"
      }
    },
    {
      "id": "a7",
      "type": "argument",
      "claim": "Forestry operations listed (reservation, marking, creeper cutting etc.) do not constitute basic agricultural operations; cannot be tacked to convert into agriculture without basics.",
      "anchor": {
        "doc_id": "sha256:ae8cde259882",
        "start_char": 15200,
        "end_char": 16000,
        "text_hash": "1fbb2716e45ffc61",
        "display_location": "0",
        "secondary_spans": [],
        "surface_text": "Applying the principles which we have enunciated in that judgment to the facts of the instant cases, it appears that there was no planting or sowing of the seeds no was any human agency employed for the purpose of tilling the soil."
      },
      "actor": "court",
      "schemes": [
        "precedent_analogy",
        "rule_application"
      ],
      "qualifiers": null,
      "court_response": null,
      "court_response_anchor": null,
      "court_reasoning": null,
      "confidence": "high",
      "provenance": {
        "extraction_method": "llm",
        "model_id": "grok-4-1-fast-reasoning",
        "prompt_id": null,
        "run_id": null,
        "temperature": 0.1,
        "timestamp": "2026-02-05T07:43:44.425867"
      }
    }
  ],
  "holdings": [
    {
      "id": "h1",
      "type": "holding",
      "text": "Applying the principles which we have enunciated in that judgment to the facts of the instant cases, it appears that there was no planting or sowing of the seeds nor was any human agency employed for the purpose of tilling the soil. The soil had remained untouched and in the production of the income the assessees had made no contribution by way of cultivation. There were no basic operations either which were performed by the assessees on the forest lands.",
      "anchor": {
        "doc_id": "sha256:ae8cde259882",
        "start_char": 14001,
        "end_char": 15200,
        "text_hash": "ac9909a6a5b579ab",
        "display_location": "0",
        "secondary_spans": [],
        "surface_text": "Applying the principles which we have enunciated in that judgment to the facts of the instant cases, it appears that there was no planting or sowing of the seeds nor was any human agency employed for the purpose of tilling the soil. The soil had remained untouched and in the production of the income the assessees had made no contribution by way of cultivation. There were no basic operations either which were performed by the assessees on the forest lands."
      },
      "resolves_issue": "i2",
      "is_ratio": true,
      "novel": false,
      "reasoning_summary": "Directly applies principles from companion judgment CIT v. Raja Benoy Kumar Sahas Roy defining agricultural operations as requiring basic operations on land; finds none here, only subsequent operations after sprouting.",
      "schemes": [
        "precedent_following",
        "rule_application"
      ],
      "confidence": "high",
      "provenance": {
        "extraction_method": "llm",
        "model_id": "grok-4-1-fast-reasoning",
        "prompt_id": null,
        "run_id": null,
        "temperature": 0.1,
        "timestamp": "2026-02-05T07:44:10.130440"
      }
    },
    {
      "id": "h2",
      "type": "holding",
      "text": "What was done by them was the performance of forestry operations which were in the nature of subsequent operations, operations which were performed after the produce had sprouted form the soil. [...] Even though these subsequent operations had the effect of increasing the produce of the forests, the forests nevertheless remained forests of spontaneous growth.",
      "anchor": {
        "doc_id": "sha256:ae8cde259882",
        "start_char": 15200,
        "end_char": 15500,
        "text_hash": "383d8d96499e17e0",
        "display_location": "0",
        "secondary_spans": [],
        "surface_text": "What was done by them was the performance of forestry operations which were in the nature of subsequent operations, operations which were performed after the produce had sprouted form the soil. The forests continued to be forests of spontaneous growth and the only result of the performance of these operations on the produce of the forests which was the outcome of spontaneous growth unaided by human skill and labour was the maintenance, preservation, nursing, improving and rearing of the forests."
      },
      "resolves_issue": "i2",
      "is_ratio": true,
      "novel": false,
      "reasoning_summary": "Classifies listed forestry operations (marking, thinning, fire protection etc.) as subsequent operations only; spontaneous growth persists despite them.",
      "schemes": [
        "rule_application",
        "precedent_analogy"
      ],
      "confidence": "high",
      "provenance": {
        "extraction_method": "llm",
        "model_id": "grok-4-1-fast-reasoning",
        "prompt_id": null,
        "run_id": null,
        "temperature": 0.1,
        "timestamp": "2026-02-05T07:44:10.130440"
      }
    },
    {
      "id": "h3",
      "type": "holding",
      "text": "None of the operations was assimilated to basic operations in agriculture and unless and until there was even one basic operation on the land itself the rest of the operations could not be tacked on to them so as to convert the whole of them into agricultural operations.",
      "anchor": {
        "doc_id": "sha256:ae8cde259882",
        "start_char": 15500,
        "end_char": 15800,
        "text_hash": "bd2367e3d652f946",
        "display_location": "0",
        "secondary_spans": [],
        "surface_text": "The various operations which were described in the statements of case were no doubt for fostering the growth of the forests and obtain the greatest advantage from the forest trees, but they nevertheless were of spontaneous growth. Nothing was done by the assessees to grow the trees from the soil itself. They had grown there by the process of nature. The obstacles which would retard the growth of these trees which had grown spontaneously from the soil were certainly removed but these operations would not convert these subsequent operations into basic operations which would be the only pre-requisites for the cultivation of the forest land. Out of the categories a to j set out in the statement of facts, none of the operations was assimilated to basic operations in agriculture and unless and until there was even one basic operation on the land itself the rest of the operations could not be tacked on to them so as to convert the whole of them into agricultural operations."
      },
      "resolves_issue": "i2",
      "is_ratio": true,
      "novel": false,
      "reasoning_summary": "Requires at least one basic operation for any tacking of subsequent operations to qualify as agriculture; none of assessees' operations qualify as basic.",
      "schemes": [
        "rule_application"
      ],
      "confidence": "high",
      "provenance": {
        "extraction_method": "llm",
        "model_id": "grok-4-1-fast-reasoning",
        "prompt_id": null,
        "run_id": null,
        "temperature": 0.1,
        "timestamp": "2026-02-05T07:44:10.130440"
      }
    },
    {
      "id": "h4",
      "type": "holding",
      "text": "We are of opinion that the ratio adopted by the majority of the judges of the High Court was erroneous and the referred question ought to have been answered in the negative.",
      "anchor": {
        "doc_id": "sha256:ae8cde259882",
        "start_char": 15800,
        "end_char": 15950,
        "text_hash": "b27e007819a79f57",
        "display_location": "0",
        "secondary_spans": [],
        "surface_text": "We are of opinion that the ratio adopted by the majority of the judges of the High Court was erroneous and the referred question ought to have been answered in the negative. We are fortified in this conclusion if regard be had to the fact that he forestry operations which were performed by the assessees were of insignificant value as compared with the gross receipts derived by them from the sale of the forest trees."
      },
      "resolves_issue": "i1",
      "is_ratio": true,
      "novel": false,
      "reasoning_summary": "Rejects High Court majority's view that human skill in forestry ops suffices without basic ops; answers referred question negatively based on Benoy Kumar principles and low expenditure ratio.",
      "schemes": [
        "precedent_following",
        "balancing"
      ],
      "confidence": "high",
      "provenance": {
        "extraction_method": "llm",
        "model_id": "grok-4-1-fast-reasoning",
        "prompt_id": null,
        "run_id": null,
        "temperature": 0.1,
        "timestamp": "2026-02-05T07:44:10.130440"
      }
    },
    {
      "id": "h5",
      "type": "holding",
      "text": "The appeals will, therefore, be allowed and the referred question will be answered in the negative.",
      "anchor": {
        "doc_id": "sha256:ae8cde259882",
        "start_char": 16200,
        "end_char": 16380,
        "text_hash": "88eed135327e5a78",
        "display_location": "0",
        "secondary_spans": [],
        "surface_text": "We are therefore of opinion that the decision reached by the majority of the Judges of the high Court was not correct and it ought to be set aside. The appeals will, therefore, be allowed and the referred question will be answered in the negative. The appellant will get from the respondents one set of costs in all the appeals in this Court and Rs."
      },
      "resolves_issue": "i1",
      "is_ratio": true,
      "novel": false,
      "reasoning_summary": "Dispositive order reversing High Court and answering question no, with costs to appellant.",
      "schemes": [
        "rule_application"
      ],
      "confidence": "high",
      "provenance": {
        "extraction_method": "llm",
        "model_id": "grok-4-1-fast-reasoning",
        "prompt_id": null,
        "run_id": null,
        "temperature": 0.1,
        "timestamp": "2026-02-05T07:44:10.130440"
      }
    }
  ],
  "precedents": [
    {
      "id": "p1",
      "type": "precedent",
      "citation": "Commissioner of Income-tax, West Bengal v. Raja Benoy Kumar Sahas Roy",
      "anchor": {
        "doc_id": "sha256:ae8cde259882",
        "start_char": 9492,
        "end_char": 9559,
        "text_hash": "c296f8f0ccc9a4ed",
        "display_location": "0:52",
        "secondary_spans": [],
        "surface_text": "Commissioner of Income-tax, West Bengal v. Raja Benoy Kumar Sahas Roy"
      },
      "case_name": "Commissioner of Income-tax, West Bengal v. Raja Benoy Kumar Sahas Roy",
      "case_year": null,
      "cited_case_id": null,
      "cited_proposition": "The connotation of the terms agriculture and agricultural purpose and the conditions under which the forestry operations performed by the assessee on forests of spontaneous growth can be assimilated to agricultural operations so as to constitute the income derived from the sale of the forest trees agricultural income within the meaning of its definition in section 2 1  of the Indian Income-tax Act",
      "cited_holding": null,
      "treatment": "applied",
      "relevance": "central",
      "confidence": "high",
      "provenance": {
        "extraction_method": "llm",
        "model_id": "grok-4-1-fast-reasoning",
        "prompt_id": null,
        "run_id": null,
        "temperature": 0.1,
        "timestamp": "2026-02-05T07:44:43.991842"
      }
    }
  ],
  "justification_sets": [
    {
      "id": "js1",
      "type": "justification_set",
      "target_id": "h1",
      "logic": "and",
      "label": "Basic Structure support",
      "is_primary": true,
      "confidence": "high",
      "provenance": null
    },
    {
      "id": "js2",
      "type": "justification_set",
      "target_id": "h2",
      "logic": "and",
      "label": "Basic Structure support",
      "is_primary": true,
      "confidence": "high",
      "provenance": null
    },
    {
      "id": "js3",
      "type": "justification_set",
      "target_id": "h3",
      "logic": "and",
      "label": "Basic Structure support",
      "is_primary": true,
      "confidence": "high",
      "provenance": null
    },
    {
      "id": "js4",
      "type": "justification_set",
      "target_id": "h4",
      "logic": "and",
      "label": "Basic Structure support",
      "is_primary": true,
      "confidence": "high",
      "provenance": null
    },
    {
      "id": "js5",
      "type": "justification_set",
      "target_id": "h5",
      "logic": "and",
      "label": "Basic Structure support",
      "is_primary": true,
      "confidence": "high",
      "provenance": null
    }
  ],
  "outcome": {
    "id": "outcome",
    "type": "outcome",
    "disposition": "allowed",
    "anchor": {
      "doc_id": "sha256:ae8cde259882",
      "start_char": 12417,
      "end_char": 12856,
      "text_hash": "24574fbd38ccd4e0",
      "display_location": "0:69",
      "secondary_spans": [],
      "surface_text": "We are therefore of opinion that the decision reached by the majority of the Judges of the high Court was number companyrect and it ought to be set aside. The appeals will, therefore, be allowed and the referred question will be answered in the negative. The appellant"
    },
    "binary": "accepted",
    "relief_summary": "High Court decision set aside; appeals allowed; referred question answered in the negative",
    "costs": "petitioner",
    "directions": [
      "referred question answered in the negative"
    ],
    "provenance": {
      "extraction_method": "llm",
      "model_id": "grok-4-1-fast-reasoning",
      "prompt_id": null,
      "run_id": null,
      "temperature": 0.1,
      "timestamp": "2026-02-05T07:46:01.710771"
    }
  },
  "edges": [
    {
      "id": "e_f4fe0c3f_4",
      "source": "a1",
      "target": "i1",
      "relation": "addresses",
      "anchor": null,
      "explanation": "a1 argues receipts are agricultural income due to human skill, directly addressing i1",
      "confidence": "inferred",
      "strength": "moderate",
      "support_group_ids": [],
      "is_critical": false,
      "provenance": {
        "extraction_method": "llm",
        "model_id": "grok-4-1-fast-reasoning",
        "prompt_id": null,
        "run_id": null,
        "temperature": 0.1,
        "timestamp": "2026-02-05T07:46:45.693280"
      }
    },
    {
      "id": "e_f4fe0c3f_5",
      "source": "a3",
      "target": "i2",
      "relation": "addresses",
      "anchor": null,
      "explanation": "a3 claims forestry operations are agricultural even without tilling, addressing i2 on whether operations were agricultural",
      "confidence": "inferred",
      "strength": "moderate",
      "support_group_ids": [],
      "is_critical": false,
      "provenance": {
        "extraction_method": "llm",
        "model_id": "grok-4-1-fast-reasoning",
        "prompt_id": null,
        "run_id": null,
        "temperature": 0.1,
        "timestamp": "2026-02-05T07:46:45.693280"
      }
    },
    {
      "id": "e_f4fe0c3f_8",
      "source": "a5",
      "target": "i2",
      "relation": "addresses",
      "anchor": null,
      "explanation": "a5 argues insignificant expenses indicate lack of substantial human contribution for agriculture, addressing i2",
      "confidence": "inferred",
      "strength": "moderate",
      "support_group_ids": [],
      "is_critical": false,
      "provenance": {
        "extraction_method": "llm",
        "model_id": "grok-4-1-fast-reasoning",
        "prompt_id": null,
        "run_id": null,
        "temperature": 0.1,
        "timestamp": "2026-02-05T07:46:45.693280"
      }
    },
    {
      "id": "e_f4fe0c3f_21",
      "source": "a6",
      "target": "a3",
      "relation": "attacks",
      "anchor": null,
      "explanation": "a6 denies agricultural status without basic ops, attacking a3's claim that forestry ops suffice without tilling/planting",
      "confidence": "inferred",
      "strength": "strong",
      "support_group_ids": [],
      "is_critical": true,
      "provenance": {
        "extraction_method": "llm",
        "model_id": "grok-4-1-fast-reasoning",
        "prompt_id": null,
        "run_id": null,
        "temperature": 0.1,
        "timestamp": "2026-02-05T07:46:45.693280"
      }
    },
    {
      "id": "e_f4fe0c3f_12",
      "source": "a6",
      "target": "c3",
      "relation": "supports",
      "anchor": null,
      "explanation": "a6 concludes not agricultural under s2(1) due to no basic ops, supporting c3",
      "confidence": "inferred",
      "strength": "strong",
      "support_group_ids": [],
      "is_critical": true,
      "provenance": {
        "extraction_method": "llm",
        "model_id": "grok-4-1-fast-reasoning",
        "prompt_id": null,
        "run_id": null,
        "temperature": 0.1,
        "timestamp": "2026-02-05T07:46:45.693280"
      }
    },
    {
      "id": "e_f4fe0c3f_11",
      "source": "a6",
      "target": "c7",
      "relation": "supports",
      "anchor": {
        "doc_id": "sha256:ae8cde259882",
        "start_char": 13200,
        "end_char": 14000,
        "text_hash": "dd04d1b9fa228022",
        "display_location": "0",
        "secondary_spans": [],
        "surface_text": "ed untouched and in the production of the income the assessees had made numbercontribution by way of cultivation. There were numberbasic operations ei"
      },
      "explanation": "a6 explicitly invokes the test of no basic operations (tilling, sowing) and only subsequent, supporting c7",
      "confidence": "high",
      "strength": "strong",
      "support_group_ids": [],
      "is_critical": true,
      "provenance": {
        "extraction_method": "llm",
        "model_id": "grok-4-1-fast-reasoning",
        "prompt_id": null,
        "run_id": null,
        "temperature": 0.1,
        "timestamp": "2026-02-05T07:46:45.693280"
      }
    },
    {
      "id": "e_f4fe0c3f_23",
      "source": "a6",
      "target": "h1",
      "relation": "grounds",
      "anchor": null,
      "explanation": "a6's argument on no basic ops grounds h1's holding applying the same to facts",
      "confidence": "inferred",
      "strength": "moderate",
      "support_group_ids": [
        "js1"
      ],
      "is_critical": false,
      "provenance": {
        "extraction_method": "llm",
        "model_id": "grok-4-1-fast-reasoning",
        "prompt_id": null,
        "run_id": null,
        "temperature": 0.1,
        "timestamp": "2026-02-05T07:46:45.693280"
      }
    },
    {
      "id": "e_f4fe0c3f_6",
      "source": "a6",
      "target": "i2",
      "relation": "addresses",
      "anchor": {
        "doc_id": "sha256:ae8cde259882",
        "start_char": 13200,
        "end_char": 15200,
        "text_hash": "d432da55f6e2f8e4",
        "display_location": "0",
        "secondary_spans": [],
        "surface_text": "ed untouched and in the production of the income the assessees had made numbercontribution by way of cultivation. There were numberbasic operations ei"
      },
      "explanation": "a6 argues no basic operations hence not agricultural, directly addressing i2",
      "confidence": "high",
      "strength": "strong",
      "support_group_ids": [],
      "is_critical": true,
      "provenance": {
        "extraction_method": "llm",
        "model_id": "grok-4-1-fast-reasoning",
        "prompt_id": null,
        "run_id": null,
        "temperature": 0.1,
        "timestamp": "2026-02-05T07:46:45.693280"
      }
    },
    {
      "id": "e_f4fe0c3f_22",
      "source": "a7",
      "target": "a3",
      "relation": "attacks",
      "anchor": null,
      "explanation": "a7 specifies operations not basic and cannot tack without basics, attacking a3",
      "confidence": "inferred",
      "strength": "strong",
      "support_group_ids": [],
      "is_critical": true,
      "provenance": {
        "extraction_method": "llm",
        "model_id": "grok-4-1-fast-reasoning",
        "prompt_id": null,
        "run_id": null,
        "temperature": 0.1,
        "timestamp": "2026-02-05T07:46:45.693280"
      }
    },
    {
      "id": "e_f4fe0c3f_13",
      "source": "a7",
      "target": "c7",
      "relation": "supports",
      "anchor": null,
      "explanation": "a7 argues operations do not constitute basic operations per the test in c7",
      "confidence": "inferred",
      "strength": "strong",
      "support_group_ids": [],
      "is_critical": true,
      "provenance": {
        "extraction_method": "llm",
        "model_id": "grok-4-1-fast-reasoning",
        "prompt_id": null,
        "run_id": null,
        "temperature": 0.1,
        "timestamp": "2026-02-05T07:46:45.693280"
      }
    },
    {
      "id": "e_f4fe0c3f_7",
      "source": "a7",
      "target": "i2",
      "relation": "addresses",
      "anchor": null,
      "explanation": "a7 states listed forestry operations do not constitute basic operations, addressing i2",
      "confidence": "inferred",
      "strength": "strong",
      "support_group_ids": [],
      "is_critical": true,
      "provenance": {
        "extraction_method": "llm",
        "model_id": "grok-4-1-fast-reasoning",
        "prompt_id": null,
        "run_id": null,
        "temperature": 0.1,
        "timestamp": "2026-02-05T07:46:45.693280"
      }
    },
    {
      "id": "e_f4fe0c3f_10",
      "source": "c7",
      "target": "a1",
      "relation": "rebuts",
      "anchor": null,
      "explanation": "c7's requirement of basic operations rebuts a1's claim based only on human skill without basics",
      "confidence": "inferred",
      "strength": "moderate",
      "support_group_ids": [],
      "is_critical": false,
      "provenance": {
        "extraction_method": "llm",
        "model_id": "grok-4-1-fast-reasoning",
        "prompt_id": null,
        "run_id": null,
        "temperature": 0.1,
        "timestamp": "2026-02-05T07:46:45.693280"
      }
    },
    {
      "id": "e_f4fe0c3f_9",
      "source": "c7",
      "target": "a3",
      "relation": "rebuts",
      "anchor": null,
      "explanation": "c7 requires basic operations like tilling which a3 concedes absent but still claims agricultural",
      "confidence": "inferred",
      "strength": "strong",
      "support_group_ids": [],
      "is_critical": true,
      "provenance": {
        "extraction_method": "llm",
        "model_id": "grok-4-1-fast-reasoning",
        "prompt_id": null,
        "run_id": null,
        "temperature": 0.1,
        "timestamp": "2026-02-05T07:46:45.693280"
      }
    },
    {
      "id": "e_f4fe0c3f_14",
      "source": "c7",
      "target": "h1",
      "relation": "grounds",
      "anchor": {
        "doc_id": "sha256:ae8cde259882",
        "start_char": 14001,
        "end_char": 15200,
        "text_hash": "ac9909a6a5b579ab",
        "display_location": "0",
        "secondary_spans": [],
        "surface_text": "f the forests, the forests numbere the less remained forests of spontaneous growth. No human skill and labour was spent by the assessees on the cultiv"
      },
      "explanation": "h1 applies 'the principles' (c7 test) to facts, finding no planting/sowing/basic ops",
      "confidence": "high",
      "strength": "strong",
      "support_group_ids": [
        "js1"
      ],
      "is_critical": true,
      "provenance": {
        "extraction_method": "llm",
        "model_id": "grok-4-1-fast-reasoning",
        "prompt_id": null,
        "run_id": null,
        "temperature": 0.1,
        "timestamp": "2026-02-05T07:46:45.693280"
      }
    },
    {
      "id": "e_f4fe0c3f_15",
      "source": "c7",
      "target": "h2",
      "relation": "grounds",
      "anchor": {
        "doc_id": "sha256:ae8cde259882",
        "start_char": 15200,
        "end_char": 15500,
        "text_hash": "383d8d96499e17e0",
        "display_location": "0",
        "secondary_spans": [],
        "surface_text": "yvert the whole of them into agricultural operations. We are of opinion that the ratio adopted by the majority of the judges of the High Court was err"
      },
      "explanation": "h2 classifies forestry operations as subsequent operations per c7 test",
      "confidence": "high",
      "strength": "strong",
      "support_group_ids": [
        "js2"
      ],
      "is_critical": true,
      "provenance": {
        "extraction_method": "llm",
        "model_id": "grok-4-1-fast-reasoning",
        "prompt_id": null,
        "run_id": null,
        "temperature": 0.1,
        "timestamp": "2026-02-05T07:46:45.693280"
      }
    },
    {
      "id": "e_f4fe0c3f_16",
      "source": "c7",
      "target": "h3",
      "relation": "grounds",
      "anchor": {
        "doc_id": "sha256:ae8cde259882",
        "start_char": 15500,
        "end_char": 15800,
        "text_hash": "bd2367e3d652f946",
        "display_location": "0",
        "secondary_spans": [],
        "surface_text": "t he forestry operations which were performed by the assessees were of insignificant value as companypared with the gross receipts derived by them fro"
      },
      "explanation": "h3 states operations not basic and need basic op on land per c7",
      "confidence": "high",
      "strength": "strong",
      "support_group_ids": [
        "js3"
      ],
      "is_critical": true,
      "provenance": {
        "extraction_method": "llm",
        "model_id": "grok-4-1-fast-reasoning",
        "prompt_id": null,
        "run_id": null,
        "temperature": 0.1,
        "timestamp": "2026-02-05T07:46:45.693280"
      }
    },
    {
      "id": "e_f4fe0c3f_17",
      "source": "h1",
      "target": "c3",
      "relation": "supports",
      "anchor": null,
      "explanation": "h1's finding of no basic human operations supports c3's conclusion that spontaneous sal trees income not agricultural",
      "confidence": "inferred",
      "strength": "strong",
      "support_group_ids": [],
      "is_critical": true,
      "provenance": {
        "extraction_method": "llm",
        "model_id": "grok-4-1-fast-reasoning",
        "prompt_id": null,
        "run_id": null,
        "temperature": 0.1,
        "timestamp": "2026-02-05T07:46:45.693280"
      }
    },
    {
      "id": "e_f4fe0c3f_20",
      "source": "h1",
      "target": "h4",
      "relation": "supports",
      "anchor": null,
      "explanation": "h1's application of test supports h4's reversal of High Court and negative answer",
      "confidence": "inferred",
      "strength": "moderate",
      "support_group_ids": [
        "js4"
      ],
      "is_critical": false,
      "provenance": {
        "extraction_method": "llm",
        "model_id": "grok-4-1-fast-reasoning",
        "prompt_id": null,
        "run_id": null,
        "temperature": 0.1,
        "timestamp": "2026-02-05T07:46:45.693280"
      }
    },
    {
      "id": "e_h1_resolves_i2",
      "source": "h1",
      "target": "i2",
      "relation": "resolves",
      "anchor": {
        "doc_id": "sha256:ae8cde259882",
        "start_char": 14001,
        "end_char": 15200,
        "text_hash": "ac9909a6a5b579ab",
        "display_location": "0",
        "secondary_spans": [],
        "surface_text": "Applying the principles which we have enunciated in that judgment to the facts of the instant cases, it appears that there was no planting or sowing of the seeds nor was any human agency employed for the purpose of tilling the soil. The soil had remained untouched and in the production of the income the assessees had made no contribution by way of cultivation. There were no basic operations either which were performed by the assessees on the forest lands."
      },
      "explanation": null,
      "confidence": "high",
      "strength": "strong",
      "support_group_ids": [],
      "is_critical": false,
      "provenance": null
    },
    {
      "id": "e_h1_contributes_to_outcome",
      "source": "h1",
      "target": "outcome",
      "relation": "contributes_to",
      "anchor": {
        "doc_id": "sha256:ae8cde259882",
        "start_char": 12417,
        "end_char": 12856,
        "text_hash": "24574fbd38ccd4e0",
        "display_location": "0:69",
        "secondary_spans": [],
        "surface_text": "We are therefore of opinion that the decision reached by the majority of the Judges of the high Court was number companyrect and it ought to be set aside. The appeals will, therefore, be allowed and the referred question will be answered in the negative. The appellant"
      },
      "explanation": null,
      "confidence": "high",
      "strength": "moderate",
      "support_group_ids": [],
      "is_critical": false,
      "provenance": null
    },
    {
      "id": "e_h2_resolves_i2",
      "source": "h2",
      "target": "i2",
      "relation": "resolves",
      "anchor": {
        "doc_id": "sha256:ae8cde259882",
        "start_char": 15200,
        "end_char": 15500,
        "text_hash": "383d8d96499e17e0",
        "display_location": "0",
        "secondary_spans": [],
        "surface_text": "What was done by them was the performance of forestry operations which were in the nature of subsequent operations, operations which were performed after the produce had sprouted form the soil. The forests continued to be forests of spontaneous growth and the only result of the performance of these operations on the produce of the forests which was the outcome of spontaneous growth unaided by human skill and labour was the maintenance, preservation, nursing, improving and rearing of the forests."
      },
      "explanation": null,
      "confidence": "high",
      "strength": "strong",
      "support_group_ids": [],
      "is_critical": false,
      "provenance": null
    },
    {
      "id": "e_h2_contributes_to_outcome",
      "source": "h2",
      "target": "outcome",
      "relation": "contributes_to",
      "anchor": {
        "doc_id": "sha256:ae8cde259882",
        "start_char": 12417,
        "end_char": 12856,
        "text_hash": "24574fbd38ccd4e0",
        "display_location": "0:69",
        "secondary_spans": [],
        "surface_text": "We are therefore of opinion that the decision reached by the majority of the Judges of the high Court was number companyrect and it ought to be set aside. The appeals will, therefore, be allowed and the referred question will be answered in the negative. The appellant"
      },
      "explanation": null,
      "confidence": "high",
      "strength": "moderate",
      "support_group_ids": [],
      "is_critical": false,
      "provenance": null
    },
    {
      "id": "e_h3_resolves_i2",
      "source": "h3",
      "target": "i2",
      "relation": "resolves",
      "anchor": {
        "doc_id": "sha256:ae8cde259882",
        "start_char": 15500,
        "end_char": 15800,
        "text_hash": "bd2367e3d652f946",
        "display_location": "0",
        "secondary_spans": [],
        "surface_text": "The various operations which were described in the statements of case were no doubt for fostering the growth of the forests and obtain the greatest advantage from the forest trees, but they nevertheless were of spontaneous growth. Nothing was done by the assessees to grow the trees from the soil itself. They had grown there by the process of nature. The obstacles which would retard the growth of these trees which had grown spontaneously from the soil were certainly removed but these operations would not convert these subsequent operations into basic operations which would be the only pre-requisites for the cultivation of the forest land. Out of the categories a to j set out in the statement of facts, none of the operations was assimilated to basic operations in agriculture and unless and until there was even one basic operation on the land itself the rest of the operations could not be tacked on to them so as to convert the whole of them into agricultural operations."
      },
      "explanation": null,
      "confidence": "high",
      "strength": "strong",
      "support_group_ids": [],
      "is_critical": false,
      "provenance": null
    },
    {
      "id": "e_h3_contributes_to_outcome",
      "source": "h3",
      "target": "outcome",
      "relation": "contributes_to",
      "anchor": {
        "doc_id": "sha256:ae8cde259882",
        "start_char": 12417,
        "end_char": 12856,
        "text_hash": "24574fbd38ccd4e0",
        "display_location": "0:69",
        "secondary_spans": [],
        "surface_text": "We are therefore of opinion that the decision reached by the majority of the Judges of the high Court was number companyrect and it ought to be set aside. The appeals will, therefore, be allowed and the referred question will be answered in the negative. The appellant"
      },
      "explanation": null,
      "confidence": "high",
      "strength": "moderate",
      "support_group_ids": [],
      "is_critical": false,
      "provenance": null
    },
    {
      "id": "e_54f2adc0_4",
      "source": "h4",
      "target": "c4",
      "relation": "supports",
      "anchor": {
        "doc_id": "sha256:ae8cde259882",
        "start_char": 15800,
        "end_char": 15950,
        "text_hash": "b27e007819a79f57",
        "display_location": "0",
        "secondary_spans": [],
        "surface_text": "se of the Parbatjoar Estate even to 4 per cent. of the gross income. All these operations were mainly operations performed for facilitating the sponta"
      },
      "explanation": "Negative answer to question supports concept that income not exempt under Section 4(3)(viii) as not agricultural income",
      "confidence": "high",
      "strength": "strong",
      "support_group_ids": [],
      "is_critical": true,
      "provenance": {
        "extraction_method": "llm",
        "model_id": "grok-4-1-fast-reasoning",
        "prompt_id": null,
        "run_id": null,
        "temperature": 0.1,
        "timestamp": "2026-02-05T07:48:33.956851"
      }
    },
    {
      "id": "e_8cb270ae_3",
      "source": "h4",
      "target": "h5",
      "relation": "supports",
      "anchor": {
        "doc_id": "sha256:ae8cde259882",
        "start_char": 15800,
        "end_char": 16380,
        "text_hash": "cadd3c78e391fc83",
        "display_location": "0",
        "secondary_spans": [],
        "surface_text": "se of the Parbatjoar Estate even to 4 per cent. of the gross income. All these operations were mainly operations performed for facilitating the sponta"
      },
      "explanation": "Holding h4 provides the reasoning that the High Court's ratio was erroneous and the question ought to be answered negatively, which supports the conclusive holding h5 allowing appeals and answering the question negatively ('therefore').",
      "confidence": "high",
      "strength": "strong",
      "support_group_ids": [
        "js5"
      ],
      "is_critical": true,
      "provenance": {
        "extraction_method": "llm",
        "model_id": "grok-4-1-fast-reasoning",
        "prompt_id": null,
        "run_id": null,
        "temperature": 0.1,
        "timestamp": "2026-02-05T07:47:55.113655"
      }
    },
    {
      "id": "e_f4fe0c3f_18",
      "source": "h4",
      "target": "i1",
      "relation": "addresses",
      "anchor": {
        "doc_id": "sha256:ae8cde259882",
        "start_char": 15800,
        "end_char": 15950,
        "text_hash": "b27e007819a79f57",
        "display_location": "0",
        "secondary_spans": [],
        "surface_text": "se of the Parbatjoar Estate even to 4 per cent. of the gross income. All these operations were mainly operations performed for facilitating the sponta"
      },
      "explanation": "h4 states the referred question (i1) ought to be answered negatively",
      "confidence": "high",
      "strength": "strong",
      "support_group_ids": [],
      "is_critical": true,
      "provenance": {
        "extraction_method": "llm",
        "model_id": "grok-4-1-fast-reasoning",
        "prompt_id": null,
        "run_id": null,
        "temperature": 0.1,
        "timestamp": "2026-02-05T07:46:45.693280"
      }
    },
    {
      "id": "e_h4_resolves_i1",
      "source": "h4",
      "target": "i1",
      "relation": "resolves",
      "anchor": {
        "doc_id": "sha256:ae8cde259882",
        "start_char": 15800,
        "end_char": 15950,
        "text_hash": "b27e007819a79f57",
        "display_location": "0",
        "secondary_spans": [],
        "surface_text": "We are of opinion that the ratio adopted by the majority of the judges of the High Court was erroneous and the referred question ought to have been answered in the negative. We are fortified in this conclusion if regard be had to the fact that he forestry operations which were performed by the assessees were of insignificant value as compared with the gross receipts derived by them from the sale of the forest trees."
      },
      "explanation": null,
      "confidence": "high",
      "strength": "strong",
      "support_group_ids": [],
      "is_critical": false,
      "provenance": null
    },
    {
      "id": "e_h4_determines_outcome",
      "source": "h4",
      "target": "outcome",
      "relation": "determines",
      "anchor": {
        "doc_id": "sha256:ae8cde259882",
        "start_char": 12417,
        "end_char": 12856,
        "text_hash": "24574fbd38ccd4e0",
        "display_location": "0:69",
        "secondary_spans": [],
        "surface_text": "We are therefore of opinion that the decision reached by the majority of the Judges of the high Court was number companyrect and it ought to be set aside. The appeals will, therefore, be allowed and the referred question will be answered in the negative. The appellant"
      },
      "explanation": null,
      "confidence": "high",
      "strength": "strong",
      "support_group_ids": [],
      "is_critical": true,
      "provenance": null
    },
    {
      "id": "e_54f2adc0_5",
      "source": "h5",
      "target": "c4",
      "relation": "supports",
      "anchor": {
        "doc_id": "sha256:ae8cde259882",
        "start_char": 16200,
        "end_char": 16380,
        "text_hash": "88eed135327e5a78",
        "display_location": "0",
        "secondary_spans": [],
        "surface_text": "umber companyrect and it ought to be set aside. The appeals will, therefore, be allowed and the referred question will be answered in the negative. Th"
      },
      "explanation": "Negative answer to question supports concept that income not exempt under Section 4(3)(viii)",
      "confidence": "high",
      "strength": "strong",
      "support_group_ids": [],
      "is_critical": true,
      "provenance": {
        "extraction_method": "llm",
        "model_id": "grok-4-1-fast-reasoning",
        "prompt_id": null,
        "run_id": null,
        "temperature": 0.1,
        "timestamp": "2026-02-05T07:48:33.956851"
      }
    },
    {
      "id": "e_f4fe0c3f_19",
      "source": "h5",
      "target": "i1",
      "relation": "addresses",
      "anchor": {
        "doc_id": "sha256:ae8cde259882",
        "start_char": 16200,
        "end_char": 16380,
        "text_hash": "88eed135327e5a78",
        "display_location": "0",
        "secondary_spans": [],
        "surface_text": "umber companyrect and it ought to be set aside. The appeals will, therefore, be allowed and the referred question will be answered in the negative. Th"
      },
      "explanation": "h5 answers the referred question (i1) in the negative",
      "confidence": "high",
      "strength": "strong",
      "support_group_ids": [],
      "is_critical": true,
      "provenance": {
        "extraction_method": "llm",
        "model_id": "grok-4-1-fast-reasoning",
        "prompt_id": null,
        "run_id": null,
        "temperature": 0.1,
        "timestamp": "2026-02-05T07:46:45.693280"
      }
    },
    {
      "id": "e_h5_resolves_i1",
      "source": "h5",
      "target": "i1",
      "relation": "resolves",
      "anchor": {
        "doc_id": "sha256:ae8cde259882",
        "start_char": 16200,
        "end_char": 16380,
        "text_hash": "88eed135327e5a78",
        "display_location": "0",
        "secondary_spans": [],
        "surface_text": "We are therefore of opinion that the decision reached by the majority of the Judges of the high Court was not correct and it ought to be set aside. The appeals will, therefore, be allowed and the referred question will be answered in the negative. The appellant will get from the respondents one set of costs in all the appeals in this Court and Rs."
      },
      "explanation": null,
      "confidence": "high",
      "strength": "strong",
      "support_group_ids": [],
      "is_critical": false,
      "provenance": null
    },
    {
      "id": "e_h5_determines_outcome",
      "source": "h5",
      "target": "outcome",
      "relation": "determines",
      "anchor": {
        "doc_id": "sha256:ae8cde259882",
        "start_char": 12417,
        "end_char": 12856,
        "text_hash": "24574fbd38ccd4e0",
        "display_location": "0:69",
        "secondary_spans": [],
        "surface_text": "We are therefore of opinion that the decision reached by the majority of the Judges of the high Court was number companyrect and it ought to be set aside. The appeals will, therefore, be allowed and the referred question will be answered in the negative. The appellant"
      },
      "explanation": null,
      "confidence": "high",
      "strength": "strong",
      "support_group_ids": [],
      "is_critical": true,
      "provenance": null
    },
    {
      "id": "e_f4fe0c3f_1",
      "source": "i1",
      "target": "c3",
      "relation": "addresses",
      "anchor": null,
      "explanation": "i1 questions whether receipts are agricultural income under section 2(1), directly addressing the concept c3 which interprets section 2(1) as excluding spontaneous growth without basic operations",
      "confidence": "inferred",
      "strength": "strong",
      "support_group_ids": [],
      "is_critical": true,
      "provenance": {
        "extraction_method": "llm",
        "model_id": "grok-4-1-fast-reasoning",
        "prompt_id": null,
        "run_id": null,
        "temperature": 0.1,
        "timestamp": "2026-02-05T07:46:45.693280"
      }
    },
    {
      "id": "e_54f2adc0_1",
      "source": "i1",
      "target": "c4",
      "relation": "addresses",
      "anchor": {
        "doc_id": "sha256:ae8cde259882",
        "start_char": 875,
        "end_char": 950,
        "text_hash": "04217d61f823eafe",
        "display_location": "0:4",
        "secondary_spans": [],
        "surface_text": "er with one set of printing companyts be deposited by the appellant, the Co"
      },
      "explanation": "Issue directly concerns whether income exempt under Section 4(3)(viii) as agricultural income per Section 2(1), as stated in concept",
      "confidence": "high",
      "strength": "strong",
      "support_group_ids": [],
      "is_critical": true,
      "provenance": {
        "extraction_method": "llm",
        "model_id": "grok-4-1-fast-reasoning",
        "prompt_id": null,
        "run_id": null,
        "temperature": 0.1,
        "timestamp": "2026-02-05T07:48:33.956851"
      }
    },
    {
      "id": "e_f4fe0c3f_2",
      "source": "i1",
      "target": "c7",
      "relation": "requires",
      "anchor": null,
      "explanation": "Resolving i1 whether income is agricultural requires applying the agricultural operations test in c7 involving basic operations",
      "confidence": "inferred",
      "strength": "strong",
      "support_group_ids": [],
      "is_critical": true,
      "provenance": {
        "extraction_method": "llm",
        "model_id": "grok-4-1-fast-reasoning",
        "prompt_id": null,
        "run_id": null,
        "temperature": 0.1,
        "timestamp": "2026-02-05T07:46:45.693280"
      }
    },
    {
      "id": "e_f4fe0c3f_3",
      "source": "i2",
      "target": "c7",
      "relation": "requires",
      "anchor": null,
      "explanation": "i2 asks whether operations were agricultural operations, which requires the test in c7 distinguishing basic and subsequent operations",
      "confidence": "inferred",
      "strength": "strong",
      "support_group_ids": [],
      "is_critical": true,
      "provenance": {
        "extraction_method": "llm",
        "model_id": "grok-4-1-fast-reasoning",
        "prompt_id": null,
        "run_id": null,
        "temperature": 0.1,
        "timestamp": "2026-02-05T07:46:45.693280"
      }
    },
    {
      "id": "e_54f2adc0_8",
      "source": "p1",
      "target": "c4",
      "relation": "supports",
      "anchor": null,
      "explanation": "Precedent defining agriculture supports concept conclusion that income not agricultural and not exempt under Section 4(3)(viii)",
      "confidence": "inferred",
      "strength": "moderate",
      "support_group_ids": [],
      "is_critical": true,
      "provenance": {
        "extraction_method": "llm",
        "model_id": "grok-4-1-fast-reasoning",
        "prompt_id": null,
        "run_id": null,
        "temperature": 0.1,
        "timestamp": "2026-02-05T07:48:33.956851"
      }
    },
    {
      "id": "e_54f2adc0_9",
      "source": "p1",
      "target": "h4",
      "relation": "supports",
      "anchor": null,
      "explanation": "Precedent on agriculture provides basis for holding that High Court ratio erroneous and question negative",
      "confidence": "inferred",
      "strength": "weak",
      "support_group_ids": [
        "js4"
      ],
      "is_critical": false,
      "provenance": {
        "extraction_method": "llm",
        "model_id": "grok-4-1-fast-reasoning",
        "prompt_id": null,
        "run_id": null,
        "temperature": 0.1,
        "timestamp": "2026-02-05T07:48:33.956851"
      }
    },
    {
      "id": "e_54f2adc0_7",
      "source": "p1",
      "target": "i1",
      "relation": "supports",
      "anchor": null,
      "explanation": "Precedent on connotation of agriculture supports negative resolution of issue on whether receipts are agricultural income",
      "confidence": "inferred",
      "strength": "moderate",
      "support_group_ids": [],
      "is_critical": true,
      "provenance": {
        "extraction_method": "llm",
        "model_id": "grok-4-1-fast-reasoning",
        "prompt_id": null,
        "run_id": null,
        "temperature": 0.1,
        "timestamp": "2026-02-05T07:48:33.956851"
      }
    }
  ],
  "reasoning_chains": [
    {
      "id": "rc_i1_h4",
      "issue_id": "i1",
      "fact_ids": [],
      "concept_ids": [
        "c7"
      ],
      "argument_ids": [
        "a6",
        "a7",
        "a1",
        "a3",
        "a5"
      ],
      "holding_id": "h4",
      "edge_ids": [
        "e_f4fe0c3f_20",
        "e_54f2adc0_9",
        "e_f4fe0c3f_23",
        "e_f4fe0c3f_14",
        "e_f4fe0c3f_11",
        "e_f4fe0c3f_13",
        "e_f4fe0c3f_2",
        "e_f4fe0c3f_3",
        "e_f4fe0c3f_4",
        "e_f4fe0c3f_18",
        "e_f4fe0c3f_19",
        "e_54f2adc0_7",
        "e_f4fe0c3f_5",
        "e_f4fe0c3f_8",
        "e_f4fe0c3f_6",
        "e_f4fe0c3f_7",
        "e_f4fe0c3f_10",
        "e_8cb270ae_3",
        "e_f4fe0c3f_21",
        "e_f4fe0c3f_22",
        "e_f4fe0c3f_9"
      ],
      "justification_set_id": "js4",
      "critical_nodes": [
        "c7",
        "a6",
        "a7",
        "i1",
        "i2",
        "h4",
        "h5",
        "p1"
      ],
      "narrative": "Issue i1 resolved by holding h4. Concepts: c7. Arguments: a6, a7, a1, a3, a5."
    },
    {
      "id": "rc_i1_h5",
      "issue_id": "i1",
      "fact_ids": [],
      "concept_ids": [
        "c7"
      ],
      "argument_ids": [
        "a6",
        "a7",
        "a1",
        "a3",
        "a5"
      ],
      "holding_id": "h5",
      "edge_ids": [
        "e_8cb270ae_3",
        "e_f4fe0c3f_20",
        "e_54f2adc0_9",
        "e_f4fe0c3f_23",
        "e_f4fe0c3f_14",
        "e_f4fe0c3f_11",
        "e_f4fe0c3f_13",
        "e_f4fe0c3f_2",
        "e_f4fe0c3f_3",
        "e_f4fe0c3f_4",
        "e_f4fe0c3f_18",
        "e_f4fe0c3f_19",
        "e_54f2adc0_7",
        "e_f4fe0c3f_5",
        "e_f4fe0c3f_8",
        "e_f4fe0c3f_6",
        "e_f4fe0c3f_7",
        "e_f4fe0c3f_10",
        "e_f4fe0c3f_21",
        "e_f4fe0c3f_22",
        "e_f4fe0c3f_9"
      ],
      "justification_set_id": "js5",
      "critical_nodes": [
        "h4",
        "c7",
        "a6",
        "a7",
        "i1",
        "i2",
        "h5",
        "p1"
      ],
      "narrative": "Issue i1 resolved by holding h5. Concepts: c7. Arguments: a6, a7, a1, a3, a5."
    },
    {
      "id": "rc_i2_h1",
      "issue_id": "i2",
      "fact_ids": [],
      "concept_ids": [
        "c7"
      ],
      "argument_ids": [
        "a6",
        "a7",
        "a1",
        "a3",
        "a5"
      ],
      "holding_id": "h1",
      "edge_ids": [
        "e_f4fe0c3f_23",
        "e_f4fe0c3f_14",
        "e_f4fe0c3f_11",
        "e_f4fe0c3f_13",
        "e_f4fe0c3f_2",
        "e_f4fe0c3f_3",
        "e_f4fe0c3f_4",
        "e_f4fe0c3f_18",
        "e_f4fe0c3f_19",
        "e_54f2adc0_7",
        "e_f4fe0c3f_5",
        "e_f4fe0c3f_8",
        "e_f4fe0c3f_6",
        "e_f4fe0c3f_7",
        "e_f4fe0c3f_10",
        "e_f4fe0c3f_20",
        "e_54f2adc0_9",
        "e_8cb270ae_3",
        "e_f4fe0c3f_21",
        "e_f4fe0c3f_22",
        "e_f4fe0c3f_9"
      ],
      "justification_set_id": "js1",
      "critical_nodes": [
        "c7",
        "a6",
        "a7",
        "i1",
        "i2",
        "h4",
        "h5",
        "p1"
      ],
      "narrative": "Issue i2 resolved by holding h1. Concepts: c7. Arguments: a6, a7, a1, a3, a5."
    },
    {
      "id": "rc_i2_h2",
      "issue_id": "i2",
      "fact_ids": [],
      "concept_ids": [
        "c7"
      ],
      "argument_ids": [
        "a6",
        "a7",
        "a1",
        "a3",
        "a5"
      ],
      "holding_id": "h2",
      "edge_ids": [
        "e_f4fe0c3f_15",
        "e_f4fe0c3f_11",
        "e_f4fe0c3f_13",
        "e_f4fe0c3f_2",
        "e_f4fe0c3f_3",
        "e_f4fe0c3f_4",
        "e_f4fe0c3f_18",
        "e_f4fe0c3f_19",
        "e_54f2adc0_7",
        "e_f4fe0c3f_5",
        "e_f4fe0c3f_8",
        "e_f4fe0c3f_6",
        "e_f4fe0c3f_7",
        "e_f4fe0c3f_10",
        "e_f4fe0c3f_20",
        "e_54f2adc0_9",
        "e_8cb270ae_3",
        "e_f4fe0c3f_21",
        "e_f4fe0c3f_22",
        "e_f4fe0c3f_9",
        "e_f4fe0c3f_23",
        "e_f4fe0c3f_14"
      ],
      "justification_set_id": "js2",
      "critical_nodes": [
        "c7",
        "a6",
        "a7",
        "i1",
        "i2",
        "h4",
        "h5",
        "p1"
      ],
      "narrative": "Issue i2 resolved by holding h2. Concepts: c7. Arguments: a6, a7, a1, a3, a5."
    },
    {
      "id": "rc_i2_h3",
      "issue_id": "i2",
      "fact_ids": [],
      "concept_ids": [
        "c7"
      ],
      "argument_ids": [
        "a6",
        "a7",
        "a1",
        "a3",
        "a5"
      ],
      "holding_id": "h3",
      "edge_ids": [
        "e_f4fe0c3f_16",
        "e_f4fe0c3f_11",
        "e_f4fe0c3f_13",
        "e_f4fe0c3f_2",
        "e_f4fe0c3f_3",
        "e_f4fe0c3f_4",
        "e_f4fe0c3f_18",
        "e_f4fe0c3f_19",
        "e_54f2adc0_7",
        "e_f4fe0c3f_5",
        "e_f4fe0c3f_8",
        "e_f4fe0c3f_6",
        "e_f4fe0c3f_7",
        "e_f4fe0c3f_10",
        "e_f4fe0c3f_20",
        "e_54f2adc0_9",
        "e_8cb270ae_3",
        "e_f4fe0c3f_21",
        "e_f4fe0c3f_22",
        "e_f4fe0c3f_9",
        "e_f4fe0c3f_23",
        "e_f4fe0c3f_14"
      ],
      "justification_set_id": "js3",
      "critical_nodes": [
        "c7",
        "a6",
        "a7",
        "i1",
        "i2",
        "h4",
        "h5",
        "p1"
      ],
      "narrative": "Issue i2 resolved by holding h3. Concepts: c7. Arguments: a6, a7, a1, a3, a5."
    }
  ],
  "_meta": {
    "schema_version": "2.1.2",
    "quality_tier": "silver",
    "extraction_model": "grok-4-1-fast-reasoning",
    "extraction_timestamp": "2026-02-05T07:40:32.842318",
    "retry_attempts": 0,
    "validation_warnings": [
      "JSON parse error: Unterminated string starting at: line 1 column 17356 (char 17355)"
    ],
    "cluster_membership": {
      "c1": [
        "UNLISTED_IT_ACT_S66A2"
      ],
      "c2": [
        "UNLISTED_IT_ACT_S66_1"
      ],
      "c3": [
        "DOCTRINE_BASIC_STRUCTURE"
      ],
      "c4": [
        "UNLISTED_IT_ACT_S4_3_VIII"
      ],
      "c5": [
        "UNLISTED_IT_ACT_S66_1"
      ],
      "c6": [
        "UNLISTED_IT_ACT_S66_1"
      ],
      "c7": [
        "DOCTRINE_BASIC_STRUCTURE"
      ],
      "c8": [
        "DOCTRINE_NATURAL_JUSTICE_AUDI_ALTERAM_PARTEM"
      ],
      "c9": [
        "DOCTRINE_MANEKA_GANDHI_FRAMEWORK_DUE_PROCESS"
      ],
      "c10": [
        "UNLISTED_IT_ACT_S66_1"
      ],
      "i1": [
        "UNLISTED_IT_ACT_S66_1",
        "DOCTRINE_BASIC_STRUCTURE",
        "UNLISTED_IT_ACT_S4_3_VIII"
      ],
      "i2": [
        "DOCTRINE_BASIC_STRUCTURE",
        "DOCTRINE_BASIC_STRUCTURE",
        "DOCTRINE_MANEKA_GANDHI_FRAMEWORK_DUE_PROCESS"
      ],
      "h1": [
        "DOCTRINE_BASIC_STRUCTURE",
        "DOCTRINE_BASIC_STRUCTURE",
        "DOCTRINE_MANEKA_GANDHI_FRAMEWORK_DUE_PROCESS"
      ],
      "h2": [
        "DOCTRINE_BASIC_STRUCTURE",
        "DOCTRINE_BASIC_STRUCTURE",
        "DOCTRINE_MANEKA_GANDHI_FRAMEWORK_DUE_PROCESS"
      ],
      "h3": [
        "DOCTRINE_BASIC_STRUCTURE",
        "DOCTRINE_BASIC_STRUCTURE",
        "DOCTRINE_MANEKA_GANDHI_FRAMEWORK_DUE_PROCESS"
      ],
      "h4": [
        "UNLISTED_IT_ACT_S66_1",
        "DOCTRINE_BASIC_STRUCTURE",
        "UNLISTED_IT_ACT_S4_3_VIII"
      ],
      "h5": [
        "UNLISTED_IT_ACT_S66_1",
        "DOCTRINE_BASIC_STRUCTURE",
        "UNLISTED_IT_ACT_S4_3_VIII"
      ],
      "a1": [
        "DOCTRINE_BASIC_STRUCTURE"
      ],
      "a2": [
        "DOCTRINE_NATURAL_JUSTICE_AUDI_ALTERAM_PARTEM"
      ],
      "a3": [
        "DOCTRINE_BASIC_STRUCTURE"
      ],
      "a5": [
        "DOCTRINE_BASIC_STRUCTURE"
      ],
      "a6": [
        "DOCTRINE_BASIC_STRUCTURE"
      ],
      "a7": [
        "DOCTRINE_BASIC_STRUCTURE"
      ],
      "p1": [
        "UNLISTED_IT_ACT_S4_3_VIII"
      ]
    },
    "cluster_summary": {
      "DOCTRINE_BASIC_STRUCTURE": {
        "label": "Basic Structure",
        "logic": "and",
        "facts": [],
        "concepts": [
          "c3",
          "c7"
        ],
        "issues": [
          "i1",
          "i2",
          "i2"
        ],
        "arguments": [
          "a1",
          "a3",
          "a5",
          "a6",
          "a7"
        ],
        "holdings": [
          "h1",
          "h1",
          "h2",
          "h2",
          "h3",
          "h3",
          "h4",
          "h5"
        ],
        "precedents": []
      },
      "DOCTRINE_MANEKA_GANDHI_FRAMEWORK_DUE_PROCESS": {
        "label": "Maneka Gandhi Framework (Due Process)",
        "logic": "and",
        "facts": [],
        "concepts": [
          "c9"
        ],
        "issues": [
          "i2"
        ],
        "arguments": [],
        "holdings": [
          "h1",
          "h2",
          "h3"
        ],
        "precedents": []
      },
      "DOCTRINE_NATURAL_JUSTICE_AUDI_ALTERAM_PARTEM": {
        "label": "Natural Justice - Audi Alteram Partem",
        "logic": "and",
        "facts": [],
        "concepts": [
          "c8"
        ],
        "issues": [],
        "arguments": [
          "a2"
        ],
        "holdings": [],
        "precedents": []
      },
      "UNLISTED_IT_ACT_S66A2": {
        "label": "Section 66A(2) Indian Income-tax Act, 1922",
        "logic": "and",
        "facts": [],
        "concepts": [
          "c1"
        ],
        "issues": [],
        "arguments": [],
        "holdings": [],
        "precedents": []
      },
      "UNLISTED_IT_ACT_S66_1": {
        "label": "Section 66(1) Indian Income-tax Act, 1922",
        "logic": "and",
        "facts": [],
        "concepts": [
          "c2",
          "c5",
          "c6",
          "c10"
        ],
        "issues": [
          "i1"
        ],
        "arguments": [],
        "holdings": [
          "h4",
          "h5"
        ],
        "precedents": []
      },
      "UNLISTED_IT_ACT_S4_3_VIII": {
        "label": "Section 4(3)(viii) Indian Income-tax Act, 1922",
        "logic": "and",
        "facts": [],
        "concepts": [
          "c4"
        ],
        "issues": [
          "i1"
        ],
        "arguments": [],
        "holdings": [
          "h4",
          "h5"
        ],
        "precedents": [
          "p1"
        ]
      }
    }
  }
}