{
  "case_id": "2000_1026",
  "case_name": null,
  "case_year": null,
  "court": null,
  "judges": [],
  "facts": [
    {
      "id": "f1",
      "type": "fact",
      "text": "This appeal stands referred to a Bench of three Judges",
      "anchor": {
        "doc_id": "sha256:fe4db58c6159",
        "start_char": 6,
        "end_char": 70,
        "text_hash": "5881b9d085000c5e",
        "display_location": "0:0",
        "secondary_spans": [],
        "surface_text": "This appeal stands referred to a Bench of three Judges because it was foun"
      },
      "fact_type": "procedural",
      "actor_source": "court",
      "date": null,
      "date_approximate": false,
      "disputed_by": null,
      "court_finding": null,
      "confidence": "high",
      "provenance": {
        "extraction_method": "llm",
        "model_id": "grok-4-1-fast-reasoning",
        "prompt_id": null,
        "run_id": null,
        "temperature": 0.1,
        "timestamp": "2026-02-03T00:07:07.539510"
      }
    },
    {
      "id": "f2",
      "type": "fact",
      "text": "A Bench of two learned Judges had taken the view that the conclusion of an earlier Bench of three learned Judges was difficult to accept",
      "anchor": {
        "doc_id": "sha256:fe4db58c6159",
        "start_char": 71,
        "end_char": 195,
        "text_hash": "195aca66b23f9a30",
        "display_location": "0:0",
        "secondary_spans": [],
        "surface_text": " because it was found that a Bench of two learned Judges had taken the view that the conclusion of an earlier Bench of three learned Judges was difficult to accept."
      },
      "fact_type": "procedural",
      "actor_source": "court",
      "date": null,
      "date_approximate": false,
      "disputed_by": null,
      "court_finding": "accepted",
      "confidence": "high",
      "provenance": {
        "extraction_method": "llm",
        "model_id": "grok-4-1-fast-reasoning",
        "prompt_id": null,
        "run_id": null,
        "temperature": 0.1,
        "timestamp": "2026-02-03T00:07:07.539510"
      }
    },
    {
      "id": "f3",
      "type": "fact",
      "text": "The issue relates to whether Explanation 2 to Section 40 b of the Income Tax Act, 1961, introduced with effect from 1st April, 1985, is prospective in operation or only declaratory",
      "anchor": {
        "doc_id": "sha256:fe4db58c6159",
        "start_char": 196,
        "end_char": 380,
        "text_hash": "f3b9070a29b22e5e",
        "display_location": "0",
        "secondary_spans": [],
        "surface_text": "The issue relates to whether Explanation  2  to Section 40 b  of the Income Tax Act, 1961, introduced with effect from 1st April, 1985, is prospective in operation or only declaratory."
      },
      "fact_type": "material",
      "actor_source": "court",
      "date": "1985-04-01",
      "date_approximate": false,
      "disputed_by": null,
      "court_finding": null,
      "confidence": "high",
      "provenance": {
        "extraction_method": "llm",
        "model_id": "grok-4-1-fast-reasoning",
        "prompt_id": null,
        "run_id": null,
        "temperature": 0.1,
        "timestamp": "2026-02-03T00:07:07.539510"
      }
    },
    {
      "id": "f4",
      "type": "fact",
      "text": "In Brij Mohan Das Laxman Das vs. Commissioner of Income Tax 223 I.T.R./825 two learned judges concluded that the said Explanation was declaratory",
      "anchor": {
        "doc_id": "sha256:fe4db58c6159",
        "start_char": 381,
        "end_char": 520,
        "text_hash": "8ef575a2250fb3dc",
        "display_location": "0",
        "secondary_spans": [],
        "surface_text": "In Brij Mohan Das Laxman Das vs. Commissioner of Income Tax  223 I.T.R./825  two learned judges companycluded that the said Explanation was declaratory."
      },
      "fact_type": "procedural",
      "actor_source": "court",
      "date": null,
      "date_approximate": true,
      "disputed_by": null,
      "court_finding": "accepted",
      "confidence": "high",
      "provenance": {
        "extraction_method": "llm",
        "model_id": "grok-4-1-fast-reasoning",
        "prompt_id": null,
        "run_id": null,
        "temperature": 0.1,
        "timestamp": "2026-02-03T00:07:07.539510"
      }
    },
    {
      "id": "f5",
      "type": "fact",
      "text": "This view was accepted by a Bench of three learned judges in Suwalal Anandilal Jain vs. Commissioner of Income Tax 224 I.T.R. 753",
      "anchor": {
        "doc_id": "sha256:fe4db58c6159",
        "start_char": 521,
        "end_char": 635,
        "text_hash": "e1399bbe6fd71c24",
        "display_location": "0",
        "secondary_spans": [],
        "surface_text": "This view was accepted by a Bench of three learned judges in Suwalal Anandilal Jain vs. Commissioner of Income Tax  224 I.T.R. 753 ."
      },
      "fact_type": "procedural",
      "actor_source": "court",
      "date": null,
      "date_approximate": true,
      "disputed_by": null,
      "court_finding": "accepted",
      "confidence": "high",
      "provenance": {
        "extraction_method": "llm",
        "model_id": "grok-4-1-fast-reasoning",
        "prompt_id": null,
        "run_id": null,
        "temperature": 0.1,
        "timestamp": "2026-02-03T00:07:07.539510"
      }
    },
    {
      "id": "f6",
      "type": "fact",
      "text": "In the case of Rashik Lal Co. vs. Commissioner of Income Tax 229 I.T.R.458 this view was doubted",
      "anchor": {
        "doc_id": "sha256:fe4db58c6159",
        "start_char": 636,
        "end_char": 720,
        "text_hash": "bb04a3a5703ab2f6",
        "display_location": "0",
        "secondary_spans": [],
        "surface_text": "In the case of Rashik Lal Co. vs. Commissioner of Income Tax  229 I.T.R.458  this view was doubted."
      },
      "fact_type": "procedural",
      "actor_source": "court",
      "date": null,
      "date_approximate": true,
      "disputed_by": null,
      "court_finding": null,
      "confidence": "high",
      "provenance": {
        "extraction_method": "llm",
        "model_id": "grok-4-1-fast-reasoning",
        "prompt_id": null,
        "run_id": null,
        "temperature": 0.1,
        "timestamp": "2026-02-03T00:07:07.539510"
      }
    },
    {
      "id": "f7",
      "type": "fact",
      "text": "A Bench of two learned Judges observed that it was difficult to accept the proposition that the said Explanation was only clarificatory",
      "anchor": {
        "doc_id": "sha256:fe4db58c6159",
        "start_char": 721,
        "end_char": 850,
        "text_hash": "240a5bfdcf91beb2",
        "display_location": "0",
        "secondary_spans": [],
        "surface_text": "A Bench of two learned Judges observed that it was difficult to accept the proposition that the said Explanation was only clarificatory for the reason that if what was"
      },
      "fact_type": "procedural",
      "actor_source": "court",
      "date": null,
      "date_approximate": true,
      "disputed_by": null,
      "court_finding": null,
      "confidence": "high",
      "provenance": {
        "extraction_method": "llm",
        "model_id": "grok-4-1-fast-reasoning",
        "prompt_id": null,
        "run_id": null,
        "temperature": 0.1,
        "timestamp": "2026-02-03T00:07:07.539510"
      }
    },
    {
      "id": "f8",
      "type": "fact",
      "text": "If what was contained in the said Explanation was already the law in force, then giving effect to the said Explanation from 1st April, 1985 did no make any sense",
      "anchor": {
        "doc_id": "sha256:fe4db58c6159",
        "start_char": 851,
        "end_char": 1020,
        "text_hash": "683386b1a5a98764",
        "display_location": "0:9",
        "secondary_spans": [],
        "surface_text": "contained in the said Explanation was already the law in force, then giving effect to the said Explanation from 1st April, 1985 did number make any sense."
      },
      "fact_type": "material",
      "actor_source": "court",
      "date": "1985-04-01",
      "date_approximate": false,
      "disputed_by": null,
      "court_finding": null,
      "confidence": "high",
      "provenance": {
        "extraction_method": "llm",
        "model_id": "grok-4-1-fast-reasoning",
        "prompt_id": null,
        "run_id": null,
        "temperature": 0.1,
        "timestamp": "2026-02-03T00:07:07.539510"
      }
    },
    {
      "id": "f9",
      "type": "fact",
      "text": "In the case before us [Rashik Lal], no question of payment of any interest is involved",
      "anchor": {
        "doc_id": "sha256:fe4db58c6159",
        "start_char": 1100,
        "end_char": 1170,
        "text_hash": "76b03721066e2c28",
        "display_location": "0",
        "secondary_spans": [],
        "surface_text": "Hkowever, in the case before us, numberquestion of payment of any interest in involved."
      },
      "fact_type": "background",
      "actor_source": "court",
      "date": null,
      "date_approximate": false,
      "disputed_by": null,
      "court_finding": "accepted",
      "confidence": "high",
      "provenance": {
        "extraction_method": "llm",
        "model_id": "grok-4-1-fast-reasoning",
        "prompt_id": null,
        "run_id": null,
        "temperature": 0.1,
        "timestamp": "2026-02-03T00:07:07.539510"
      }
    },
    {
      "id": "f10",
      "type": "fact",
      "text": "The application of Section 40 b and the said Explanation was no really in issue in Rashik Lals case",
      "anchor": {
        "doc_id": "sha256:fe4db58c6159",
        "start_char": 1171,
        "end_char": 1260,
        "text_hash": "d6b66b24587ebd1b",
        "display_location": "0",
        "secondary_spans": [],
        "surface_text": "In other words, the application of Section 40 b  and the said Explanation was number really in issue in Rashik Lals case"
      },
      "fact_type": "material",
      "actor_source": "court",
      "date": null,
      "date_approximate": false,
      "disputed_by": null,
      "court_finding": "accepted",
      "confidence": "high",
      "provenance": {
        "extraction_method": "llm",
        "model_id": "grok-4-1-fast-reasoning",
        "prompt_id": null,
        "run_id": null,
        "temperature": 0.1,
        "timestamp": "2026-02-03T00:07:07.539510"
      }
    },
    {
      "id": "f11",
      "type": "fact",
      "text": "Observations in Rashik Lal case relative to the said Explanation must be treated as obiter dicta",
      "anchor": {
        "doc_id": "sha256:fe4db58c6159",
        "start_char": 1261,
        "end_char": 1350,
        "text_hash": "b2078c72169b1689",
        "display_location": "0:11",
        "secondary_spans": [],
        "surface_text": "relative to the said Explanation must, therefore, betreated as obiter dicta."
      },
      "fact_type": "procedural",
      "actor_source": "court",
      "date": null,
      "date_approximate": false,
      "disputed_by": null,
      "court_finding": "accepted",
      "confidence": "high",
      "provenance": {
        "extraction_method": "llm",
        "model_id": "grok-4-1-fast-reasoning",
        "prompt_id": null,
        "run_id": null,
        "temperature": 0.1,
        "timestamp": "2026-02-03T00:07:07.539510"
      }
    },
    {
      "id": "f12",
      "type": "fact",
      "text": "Explanation 2 to Section 40 b of the Income Tax Act, 1961 introduced with effect from 1st April, 1985",
      "anchor": {
        "doc_id": "sha256:fe4db58c6159",
        "start_char": 250,
        "end_char": 350,
        "text_hash": "99283a14a7822b21",
        "display_location": "0:1",
        "secondary_spans": [],
        "surface_text": "Explanation  2  to Section 40 b  of the Income Tax Act, 1961, introduced with effect from 1st April, 1985,"
      },
      "fact_type": "judicial_notice",
      "actor_source": null,
      "date": "1985-04-01",
      "date_approximate": false,
      "disputed_by": null,
      "court_finding": null,
      "confidence": "high",
      "provenance": {
        "extraction_method": "llm",
        "model_id": "grok-4-1-fast-reasoning",
        "prompt_id": null,
        "run_id": null,
        "temperature": 0.1,
        "timestamp": "2026-02-03T00:07:07.539510"
      }
    },
    {
      "id": "f13",
      "type": "fact",
      "text": "Brij Mohan Das Laxman Das vs. Commissioner of Income Tax reported at 223 I.T.R. 825",
      "anchor": {
        "doc_id": "sha256:fe4db58c6159",
        "start_char": 390,
        "end_char": 460,
        "text_hash": "45b71b329afd865d",
        "display_location": "0",
        "secondary_spans": [],
        "surface_text": "Brij Mohan Das Laxman Das vs. Commissioner of Income Tax  223 I.T.R./825"
      },
      "fact_type": "background",
      "actor_source": null,
      "date": null,
      "date_approximate": true,
      "disputed_by": null,
      "court_finding": null,
      "confidence": "high",
      "provenance": {
        "extraction_method": "llm",
        "model_id": "grok-4-1-fast-reasoning",
        "prompt_id": null,
        "run_id": null,
        "temperature": 0.1,
        "timestamp": "2026-02-03T00:07:07.539510"
      }
    },
    {
      "id": "f14",
      "type": "fact",
      "text": "Suwalal Anandilal Jain vs. Commissioner of Income Tax reported at 224 I.T.R. 753",
      "anchor": {
        "doc_id": "sha256:fe4db58c6159",
        "start_char": 550,
        "end_char": 620,
        "text_hash": "855668c00b69f8e3",
        "display_location": "0",
        "secondary_spans": [],
        "surface_text": "Suwalal Anandilal Jain vs. Commissioner of Income Tax  224 I.T.R. 753"
      },
      "fact_type": "background",
      "actor_source": null,
      "date": null,
      "date_approximate": true,
      "disputed_by": null,
      "court_finding": null,
      "confidence": "high",
      "provenance": {
        "extraction_method": "llm",
        "model_id": "grok-4-1-fast-reasoning",
        "prompt_id": null,
        "run_id": null,
        "temperature": 0.1,
        "timestamp": "2026-02-03T00:07:07.539510"
      }
    },
    {
      "id": "f15",
      "type": "fact",
      "text": "Rashik Lal Co. vs. Commissioner of Income Tax reported at 229 I.T.R.458",
      "anchor": {
        "doc_id": "sha256:fe4db58c6159",
        "start_char": 670,
        "end_char": 730,
        "text_hash": "0e7bcc27f115e80d",
        "display_location": "0",
        "secondary_spans": [],
        "surface_text": "Rashik Lal Co. vs. Commissioner of Income Tax  229 I.T.R.458"
      },
      "fact_type": "background",
      "actor_source": null,
      "date": null,
      "date_approximate": true,
      "disputed_by": null,
      "court_finding": null,
      "confidence": "high",
      "provenance": {
        "extraction_method": "llm",
        "model_id": "grok-4-1-fast-reasoning",
        "prompt_id": null,
        "run_id": null,
        "temperature": 0.1,
        "timestamp": "2026-02-03T00:07:07.539510"
      }
    }
  ],
  "concepts": [
    {
      "id": "c1",
      "type": "concept",
      "concept_id": "UNLISTED_IT_ACT_S40B_EXPLANATION2",
      "anchor": {
        "doc_id": "sha256:fe4db58c6159",
        "start_char": 250,
        "end_char": 350,
        "text_hash": "99283a14a7822b21",
        "display_location": "0:1",
        "secondary_spans": [],
        "surface_text": "Explanation  2  to Section 40 b  of the Income Tax Act, 1961, introduced with effect from 1st April, 1985,"
      },
      "relevance": "central",
      "kind": "statute_section",
      "interpretation": "Issue of whether prospective in operation or only declaratory",
      "interpretation_anchor": {
        "doc_id": "sha256:fe4db58c6159",
        "start_char": 196,
        "end_char": 380,
        "text_hash": "f3b9070a29b22e5e",
        "display_location": "0",
        "secondary_spans": [],
        "surface_text": "d Judges was difficult to accept. The issue relates to whether Explanation  2  to Section 40 b  of the Income Tax Act, 1961, introduced with effect fr"
      },
      "unlisted_label": "Explanation 2 to Section 40(b) Income Tax Act 1961",
      "unlisted_description": null,
      "confidence": "high",
      "provenance": {
        "extraction_method": "llm",
        "model_id": "grok-4-1-fast-reasoning",
        "prompt_id": null,
        "run_id": null,
        "temperature": 0.1,
        "timestamp": "2026-02-03T00:07:34.176747"
      }
    },
    {
      "id": "c2",
      "type": "concept",
      "concept_id": "UNLISTED_IT_ACT_S40B_EXPLANATION2",
      "anchor": {
        "doc_id": "sha256:fe4db58c6159",
        "start_char": 1171,
        "end_char": 1260,
        "text_hash": "d6b66b24587ebd1b",
        "display_location": "0",
        "secondary_spans": [],
        "surface_text": "the application of Section 40 b  and the said Explanation was number really in issue in Rashik Lals case"
      },
      "relevance": "central",
      "kind": "statute_section",
      "interpretation": "Application of Section 40(b) and Explanation not really in issue in Rashik Lal case",
      "interpretation_anchor": {
        "doc_id": "sha256:fe4db58c6159",
        "start_char": 1100,
        "end_char": 1260,
        "text_hash": "89e52d906d430eb0",
        "display_location": "0",
        "secondary_spans": [],
        "surface_text": " did number make any sense. But the Bench immediately numbered, Hkowever, in the case before us, numberquestion of payment of any interest in involved"
      },
      "unlisted_label": "Explanation 2 to Section 40(b) Income Tax Act 1961",
      "unlisted_description": null,
      "confidence": "high",
      "provenance": {
        "extraction_method": "llm",
        "model_id": "grok-4-1-fast-reasoning",
        "prompt_id": null,
        "run_id": null,
        "temperature": 0.1,
        "timestamp": "2026-02-03T00:07:34.176747"
      }
    },
    {
      "id": "c3",
      "type": "concept",
      "concept_id": "UNLISTED_DECLARATORY",
      "anchor": {
        "doc_id": "sha256:fe4db58c6159",
        "start_char": 370,
        "end_char": 520,
        "text_hash": "2db9647a80d246ae",
        "display_location": "0",
        "secondary_spans": [],
        "surface_text": "the said Explanation was declaratory. This view was accepted by a Bench of three learned judges in Suwalal Anandilal Jain vs. Commissioner of Income Tax  224 I.T.R. 753 ."
      },
      "relevance": "central",
      "kind": "doctrine",
      "interpretation": "Explanation held declaratory by two judge bench in Brij Mohan and accepted by three judge bench in Suwalal",
      "interpretation_anchor": {
        "doc_id": "sha256:fe4db58c6159",
        "start_char": 381,
        "end_char": 635,
        "text_hash": "266ceb45ed47ea29",
        "display_location": "0",
        "secondary_spans": [],
        "surface_text": "in operation or only declaratory. In Brij Mohan Das Laxman Das vs. Commissioner of Income Tax  223 I.T.R./825  two learned judges companycluded that t"
      },
      "unlisted_label": "Declaratory nature of statutory provision",
      "unlisted_description": null,
      "confidence": "high",
      "provenance": {
        "extraction_method": "llm",
        "model_id": "grok-4-1-fast-reasoning",
        "prompt_id": null,
        "run_id": null,
        "temperature": 0.1,
        "timestamp": "2026-02-03T00:07:34.176747"
      }
    },
    {
      "id": "c4",
      "type": "concept",
      "concept_id": "UNLISTED_PROSPECTIVE_OPERATION",
      "anchor": {
        "doc_id": "sha256:fe4db58c6159",
        "start_char": 330,
        "end_char": 380,
        "text_hash": "77e2291a77daf088",
        "display_location": "0:1",
        "secondary_spans": [],
        "surface_text": "introduced with effect from 1st April, 1985, is prospective in operation or only declaratory."
      },
      "relevance": "central",
      "kind": "doctrine",
      "interpretation": "Whether Explanation has prospective operation",
      "interpretation_anchor": {
        "doc_id": "sha256:fe4db58c6159",
        "start_char": 196,
        "end_char": 380,
        "text_hash": "f3b9070a29b22e5e",
        "display_location": "0",
        "secondary_spans": [],
        "surface_text": "d Judges was difficult to accept. The issue relates to whether Explanation  2  to Section 40 b  of the Income Tax Act, 1961, introduced with effect fr"
      },
      "unlisted_label": "Prospective operation of statute",
      "unlisted_description": null,
      "confidence": "high",
      "provenance": {
        "extraction_method": "llm",
        "model_id": "grok-4-1-fast-reasoning",
        "prompt_id": null,
        "run_id": null,
        "temperature": 0.1,
        "timestamp": "2026-02-03T00:07:34.176747"
      }
    },
    {
      "id": "c5",
      "type": "concept",
      "concept_id": "UNLISTED_OBITER_DICTA",
      "anchor": {
        "doc_id": "sha256:fe4db58c6159",
        "start_char": 1320,
        "end_char": 1350,
        "text_hash": "3cace237006b385e",
        "display_location": "0:11",
        "secondary_spans": [],
        "surface_text": "relative to the said Explanation must, therefore, betreated as obiter dicta."
      },
      "relevance": "central",
      "kind": "doctrine",
      "interpretation": "Observations in Rashik Lal doubting declaratory nature treated as obiter dicta as provision not in issue",
      "interpretation_anchor": {
        "doc_id": "sha256:fe4db58c6159",
        "start_char": 1261,
        "end_char": 1350,
        "text_hash": "b2078c72169b1689",
        "display_location": "0:11",
        "secondary_spans": [],
        "surface_text": "words, the application of Section 40 b  and the said Explanation was number really in iss"
      },
      "unlisted_label": "Obiter Dicta",
      "unlisted_description": null,
      "confidence": "high",
      "provenance": {
        "extraction_method": "llm",
        "model_id": "grok-4-1-fast-reasoning",
        "prompt_id": null,
        "run_id": null,
        "temperature": 0.1,
        "timestamp": "2026-02-03T00:07:34.176747"
      }
    },
    {
      "id": "c6",
      "type": "concept",
      "concept_id": "UNLISTED_CLARIFICATORY",
      "anchor": {
        "doc_id": "sha256:fe4db58c6159",
        "start_char": 750,
        "end_char": 850,
        "text_hash": "dd037f3a8f7d7c2a",
        "display_location": "0",
        "secondary_spans": [],
        "surface_text": "difficult to accept the proposition that the said Explanation was only clarificatory for the reason that if what was"
      },
      "relevance": "supporting",
      "kind": "doctrine",
      "interpretation": "Doubted by two judge bench in Rashik Lal but held obiter",
      "interpretation_anchor": {
        "doc_id": "sha256:fe4db58c6159",
        "start_char": 721,
        "end_char": 850,
        "text_hash": "240a5bfdcf91beb2",
        "display_location": "0",
        "secondary_spans": [],
        "surface_text": "k Lal Co. vs. Commissioner of Income Tax  229 I.T.R.458  this view was doubted. A Bench of two learned Judges observed that it wa"
      },
      "unlisted_label": "Clarificatory nature of statutory provision",
      "unlisted_description": null,
      "confidence": "high",
      "provenance": {
        "extraction_method": "llm",
        "model_id": "grok-4-1-fast-reasoning",
        "prompt_id": null,
        "run_id": null,
        "temperature": 0.1,
        "timestamp": "2026-02-03T00:07:34.176747"
      }
    },
    {
      "id": "c7",
      "type": "concept",
      "concept_id": "UNLISTED_APPOINTED_DATE_PRINCIPLE",
      "anchor": {
        "doc_id": "sha256:fe4db58c6159",
        "start_char": 851,
        "end_char": 1020,
        "text_hash": "683386b1a5a98764",
        "display_location": "0:9",
        "secondary_spans": [],
        "surface_text": "if what was contained in the said Explanation was already the law in force, then giving effect to the said Explanation from 1st April, 1985 did number make any sense."
      },
      "relevance": "supporting",
      "kind": "test",
      "interpretation": "Appointing commencement date suggests not declaratory if already law",
      "interpretation_anchor": {
        "doc_id": "sha256:fe4db58c6159",
        "start_char": 851,
        "end_char": 1020,
        "text_hash": "683386b1a5a98764",
        "display_location": "0:9",
        "secondary_spans": [],
        "surface_text": " difficult to accept the proposition that the said Explanation was only clarificatory for the reason that if what was companytained in the said Explan"
      },
      "unlisted_label": "Appointed date implies substantive change",
      "unlisted_description": null,
      "confidence": "high",
      "provenance": {
        "extraction_method": "llm",
        "model_id": "grok-4-1-fast-reasoning",
        "prompt_id": null,
        "run_id": null,
        "temperature": 0.1,
        "timestamp": "2026-02-03T00:07:34.176747"
      }
    },
    {
      "id": "c8",
      "type": "concept",
      "concept_id": "UNLISTED_LARGER_BENCH_REFERRAL",
      "anchor": {
        "doc_id": "sha256:fe4db58c6159",
        "start_char": 6,
        "end_char": 195,
        "text_hash": "70841ba664c8d3b7",
        "display_location": "0:0",
        "secondary_spans": [],
        "surface_text": "This appeal stands referred to a Bench of three Judges because it was found that a Bench of two learned Judges had taken the view that the conclusion of an earlier Bench of three learned Judges was difficult to accept."
      },
      "relevance": "supporting",
      "kind": "doctrine",
      "interpretation": "Two judge bench doubts three judge bench leading to reference to three judge bench",
      "interpretation_anchor": {
        "doc_id": "sha256:fe4db58c6159",
        "start_char": 6,
        "end_char": 195,
        "text_hash": "70841ba664c8d3b7",
        "display_location": "0:0",
        "secondary_spans": [],
        "surface_text": " This appeal stands referred to a Bench of three Judges because it was found that a Bench of two learned Judges had taken the view that the companyclu"
      },
      "unlisted_label": "Reference to Larger Bench",
      "unlisted_description": null,
      "confidence": "high",
      "provenance": {
        "extraction_method": "llm",
        "model_id": "grok-4-1-fast-reasoning",
        "prompt_id": null,
        "run_id": null,
        "temperature": 0.1,
        "timestamp": "2026-02-03T00:07:34.176747"
      }
    }
  ],
  "issues": [
    {
      "id": "i1",
      "type": "issue",
      "text": "whether Explanation 2 to Section 40 b of the Income Tax Act, 1961, introduced with effect from 1st April, 1985, is prospective in operation or only declaratory",
      "anchor": {
        "doc_id": "sha256:fe4db58c6159",
        "start_char": 196,
        "end_char": 380,
        "text_hash": "f3b9070a29b22e5e",
        "display_location": "0",
        "secondary_spans": [],
        "surface_text": "The issue relates to whether Explanation  2  to Section 40 b  of the Income Tax Act, 1961, introduced with effect from 1st April, 1985, is prospective in operation or only declar"
      },
      "issue_number": null,
      "framed_by": "court",
      "primary_concepts": [
        "c1",
        "c2",
        "c3",
        "c4",
        "c6"
      ],
      "answer": null,
      "confidence": "high",
      "provenance": {
        "extraction_method": "llm",
        "model_id": "grok-4-1-fast-reasoning",
        "prompt_id": null,
        "run_id": null,
        "temperature": 0.1,
        "timestamp": "2026-02-03T00:08:24.679349"
      }
    },
    {
      "id": "i2",
      "type": "issue",
      "text": "whether the application of Section 40 b and the said Explanation was really in issue in Rashik Lal's case and therefore the observations relative to the said Explanation must be treated as obiter dicta",
      "anchor": {
        "doc_id": "sha256:fe4db58c6159",
        "start_char": 1100,
        "end_char": 1350,
        "text_hash": "47c49694fb3a834d",
        "display_location": "0",
        "secondary_spans": [],
        "surface_text": "the application of Section 40 b  and the said Explanation was number really in issue in Rashik Lals case relative to the said Explanation must, therefore, betreated as obiter dicta."
      },
      "issue_number": null,
      "framed_by": "court",
      "primary_concepts": [
        "c2",
        "c5"
      ],
      "answer": "yes",
      "confidence": "high",
      "provenance": {
        "extraction_method": "llm",
        "model_id": "grok-4-1-fast-reasoning",
        "prompt_id": null,
        "run_id": null,
        "temperature": 0.1,
        "timestamp": "2026-02-03T00:08:24.679349"
      }
    }
  ],
  "arguments": [
    {
      "id": "a1",
      "type": "argument",
      "claim": "the said Explanation was declaratory",
      "anchor": {
        "doc_id": "sha256:fe4db58c6159",
        "start_char": 381,
        "end_char": 520,
        "text_hash": "8ef575a2250fb3dc",
        "display_location": "0",
        "secondary_spans": [],
        "surface_text": "In Brij Mohan Das Laxman Das vs. Commissioner of Income Tax  223 I.T.R./825  two learned judges concluded that the said Explanation was declaratory."
      },
      "actor": "court",
      "schemes": [
        "other"
      ],
      "qualifiers": null,
      "court_response": "accepted",
      "court_response_anchor": {
        "doc_id": "sha256:fe4db58c6159",
        "start_char": 1261,
        "end_char": 1350,
        "text_hash": "b2078c72169b1689",
        "display_location": "0:11",
        "secondary_spans": [],
        "surface_text": "words, the application of Section 40 b  and the said Explanation was number really in iss"
      },
      "court_reasoning": "Rashik Lal observations doubting it treated as obiter",
      "confidence": "high",
      "provenance": {
        "extraction_method": "llm",
        "model_id": "grok-4-1-fast-reasoning",
        "prompt_id": null,
        "run_id": null,
        "temperature": 0.1,
        "timestamp": "2026-02-03T00:09:14.611477"
      }
    },
    {
      "id": "a2",
      "type": "argument",
      "claim": "This view [that Explanation declaratory] was accepted",
      "anchor": {
        "doc_id": "sha256:fe4db58c6159",
        "start_char": 521,
        "end_char": 635,
        "text_hash": "e1399bbe6fd71c24",
        "display_location": "0",
        "secondary_spans": [],
        "surface_text": "This view was accepted by a Bench of three learned judges in Suwalal Anandilal Jain vs. Commissioner of Income Tax  224 I.T.R. 753 ."
      },
      "actor": "court",
      "schemes": [
        "precedent_following"
      ],
      "qualifiers": null,
      "court_response": "accepted",
      "court_response_anchor": {
        "doc_id": "sha256:fe4db58c6159",
        "start_char": 1261,
        "end_char": 1350,
        "text_hash": "b2078c72169b1689",
        "display_location": "0:11",
        "secondary_spans": [],
        "surface_text": "words, the application of Section 40 b  and the said Explanation was number really in iss"
      },
      "court_reasoning": "Rashik Lal doubt treated as obiter",
      "confidence": "high",
      "provenance": {
        "extraction_method": "llm",
        "model_id": "grok-4-1-fast-reasoning",
        "prompt_id": null,
        "run_id": null,
        "temperature": 0.1,
        "timestamp": "2026-02-03T00:09:14.611477"
      }
    },
    {
      "id": "a3",
      "type": "argument",
      "claim": "the conclusion of an earlier Bench of three learned Judges was difficult to accept",
      "anchor": {
        "doc_id": "sha256:fe4db58c6159",
        "start_char": 71,
        "end_char": 195,
        "text_hash": "195aca66b23f9a30",
        "display_location": "0:0",
        "secondary_spans": [],
        "surface_text": "because it was found that a Bench of two learned Judges had taken the view that the conclusion of an earlier Bench of three learned Judges was difficult to accept."
      },
      "actor": "court",
      "schemes": [
        "other"
      ],
      "qualifiers": "difficult to accept",
      "court_response": "rejected",
      "court_response_anchor": {
        "doc_id": "sha256:fe4db58c6159",
        "start_char": 1100,
        "end_char": 1350,
        "text_hash": "47c49694fb3a834d",
        "display_location": "0",
        "secondary_spans": [],
        "surface_text": " did number make any sense. But the Bench immediately numbered, Hkowever, in the case before us, numberquestion of payment of any interest in involved"
      },
      "court_reasoning": "treated as obiter dicta since provision not in issue",
      "confidence": "high",
      "provenance": {
        "extraction_method": "llm",
        "model_id": "grok-4-1-fast-reasoning",
        "prompt_id": null,
        "run_id": null,
        "temperature": 0.1,
        "timestamp": "2026-02-03T00:09:14.611477"
      }
    },
    {
      "id": "a4",
      "type": "argument",
      "claim": "it was difficult to accept the proposition that the said Explanation was only clarificatory",
      "anchor": {
        "doc_id": "sha256:fe4db58c6159",
        "start_char": 721,
        "end_char": 1020,
        "text_hash": "8451e0fdd467cb1f",
        "display_location": "0",
        "secondary_spans": [],
        "surface_text": "A Bench of two learned Judges observed that it was difficult to accept the proposition that the said Explanation was only clarificatory for the reason that if what was contained in the said Explanation was already the law in force, then giving effect to the said Explanation from 1st April, 1985 did no make any sense."
      },
      "actor": "court",
      "schemes": [
        "purposive",
        "policy_consequence"
      ],
      "qualifiers": "difficult to accept",
      "court_response": "rejected",
      "court_response_anchor": {
        "doc_id": "sha256:fe4db58c6159",
        "start_char": 1100,
        "end_char": 1350,
        "text_hash": "47c49694fb3a834d",
        "display_location": "0",
        "secondary_spans": [],
        "surface_text": " did number make any sense. But the Bench immediately numbered, Hkowever, in the case before us, numberquestion of payment of any interest in involved"
      },
      "court_reasoning": "no question of interest payment involved so provision not in issue; obiter dicta",
      "confidence": "high",
      "provenance": {
        "extraction_method": "llm",
        "model_id": "grok-4-1-fast-reasoning",
        "prompt_id": null,
        "run_id": null,
        "temperature": 0.1,
        "timestamp": "2026-02-03T00:09:14.611477"
      }
    },
    {
      "id": "a5",
      "type": "argument",
      "claim": "in the case before us, no question of payment of any interest is involved",
      "anchor": {
        "doc_id": "sha256:fe4db58c6159",
        "start_char": 1100,
        "end_char": 1170,
        "text_hash": "76b03721066e2c28",
        "display_location": "0",
        "secondary_spans": [],
        "surface_text": "However, in the case before us, no question of payment of any interest is involved."
      },
      "actor": "court",
      "schemes": [
        "evidence_sufficiency"
      ],
      "qualifiers": null,
      "court_response": "accepted",
      "court_response_anchor": {
        "doc_id": "sha256:fe4db58c6159",
        "start_char": 1171,
        "end_char": 1350,
        "text_hash": "80d74503372fb2bd",
        "display_location": "0",
        "secondary_spans": [],
        "surface_text": "r, in the case before us, numberquestion of payment of any interest in involved. In other words, the application of Section 40 b  and the said Explana"
      },
      "court_reasoning": "leads to conclusion that provision not in issue and observations obiter",
      "confidence": "high",
      "provenance": {
        "extraction_method": "llm",
        "model_id": "grok-4-1-fast-reasoning",
        "prompt_id": null,
        "run_id": null,
        "temperature": 0.1,
        "timestamp": "2026-02-03T00:09:14.611477"
      }
    },
    {
      "id": "a6",
      "type": "argument",
      "claim": "the application of Section 40 b and the said Explanation was no really in issue in Rashik Lals case",
      "anchor": {
        "doc_id": "sha256:fe4db58c6159",
        "start_char": 1171,
        "end_char": 1260,
        "text_hash": "d6b66b24587ebd1b",
        "display_location": "0",
        "secondary_spans": [],
        "surface_text": "In other words, the application of Section 40 b  and the said Explanation was no really in issue in Rashik Lals case"
      },
      "actor": "court",
      "schemes": [
        "evidence_sufficiency"
      ],
      "qualifiers": null,
      "court_response": null,
      "court_response_anchor": null,
      "court_reasoning": null,
      "confidence": "high",
      "provenance": {
        "extraction_method": "llm",
        "model_id": "grok-4-1-fast-reasoning",
        "prompt_id": null,
        "run_id": null,
        "temperature": 0.1,
        "timestamp": "2026-02-03T00:09:14.611477"
      }
    },
    {
      "id": "a7",
      "type": "argument",
      "claim": "Observations in Rashik Lal case relative to the said Explanation must be treated as obiter dicta",
      "anchor": {
        "doc_id": "sha256:fe4db58c6159",
        "start_char": 1261,
        "end_char": 1350,
        "text_hash": "b2078c72169b1689",
        "display_location": "0:11",
        "secondary_spans": [],
        "surface_text": "relative to the said Explanation must, therefore, be treated as obiter dicta."
      },
      "actor": "court",
      "schemes": [
        "precedent_distinction"
      ],
      "qualifiers": null,
      "court_response": null,
      "court_response_anchor": null,
      "court_reasoning": null,
      "confidence": "high",
      "provenance": {
        "extraction_method": "llm",
        "model_id": "grok-4-1-fast-reasoning",
        "prompt_id": null,
        "run_id": null,
        "temperature": 0.1,
        "timestamp": "2026-02-03T00:09:14.611477"
      }
    }
  ],
  "holdings": [
    {
      "id": "h1",
      "type": "holding",
      "text": "the application of Section 40(b) and the said Explanation was not really in issue in Rashik Lal's case",
      "anchor": {
        "doc_id": "sha256:fe4db58c6159",
        "start_char": 1171,
        "end_char": 1260,
        "text_hash": "d6b66b24587ebd1b",
        "display_location": "0",
        "secondary_spans": [],
        "surface_text": "In other words, the application of Section 40 b  and the said Explanation was number really in issue in Rashik Lals case"
      },
      "resolves_issue": "i2",
      "is_ratio": true,
      "novel": false,
      "reasoning_summary": "No question of payment of any interest involved in that case",
      "schemes": [
        "evidence_sufficiency"
      ],
      "confidence": "high",
      "provenance": {
        "extraction_method": "llm",
        "model_id": "grok-4-1-fast-reasoning",
        "prompt_id": null,
        "run_id": null,
        "temperature": 0.1,
        "timestamp": "2026-02-03T00:10:04.590073"
      }
    },
    {
      "id": "h2",
      "type": "holding",
      "text": "Observations in Rashik Lal case relative to the said Explanation must be treated as obiter dicta",
      "anchor": {
        "doc_id": "sha256:fe4db58c6159",
        "start_char": 1261,
        "end_char": 1350,
        "text_hash": "b2078c72169b1689",
        "display_location": "0:11",
        "secondary_spans": [],
        "surface_text": "relative to the said Explanation must, therefore, betreated as obiter dicta."
      },
      "resolves_issue": "i2",
      "is_ratio": true,
      "novel": false,
      "reasoning_summary": "Application of Section 40(b) and Explanation not really in issue as no interest payment involved",
      "schemes": [
        "precedent_distinction"
      ],
      "confidence": "high",
      "provenance": {
        "extraction_method": "llm",
        "model_id": "grok-4-1-fast-reasoning",
        "prompt_id": null,
        "run_id": null,
        "temperature": 0.1,
        "timestamp": "2026-02-03T00:10:04.590073"
      }
    }
  ],
  "precedents": [
    {
      "id": "p1",
      "type": "precedent",
      "citation": "Brij Mohan Das Laxman Das vs. Commissioner of Income Tax  223 I.T.R./825",
      "anchor": {
        "doc_id": "sha256:fe4db58c6159",
        "start_char": 410,
        "end_char": 479,
        "text_hash": "b25a737e44557995",
        "display_location": "0",
        "secondary_spans": [],
        "surface_text": "Brij Mohan Das Laxman Das vs. Commissioner of Income Tax  223 I.T.R./825"
      },
      "case_name": "Brij Mohan Das Laxman Das vs. Commissioner of Income Tax",
      "case_year": null,
      "cited_case_id": null,
      "cited_proposition": "Explanation 2 to Section 40(b) of the Income Tax Act, 1961 is declaratory",
      "cited_holding": null,
      "treatment": "cited",
      "relevance": "central",
      "confidence": "high",
      "provenance": {
        "extraction_method": "llm",
        "model_id": "grok-4-1-fast-reasoning",
        "prompt_id": null,
        "run_id": null,
        "temperature": 0.1,
        "timestamp": "2026-02-03T00:10:42.405491"
      }
    },
    {
      "id": "p2",
      "type": "precedent",
      "citation": "Suwalal Anandilal Jain vs. Commissioner of Income Tax  224 I.T.R. 753",
      "anchor": {
        "doc_id": "sha256:fe4db58c6159",
        "start_char": 616,
        "end_char": 683,
        "text_hash": "8dda6b9b2dc0661a",
        "display_location": "0",
        "secondary_spans": [],
        "surface_text": "Suwalal Anandilal Jain vs. Commissioner of Income Tax  224 I.T.R. 753"
      },
      "case_name": "Suwalal Anandilal Jain vs. Commissioner of Income Tax",
      "case_year": null,
      "cited_case_id": null,
      "cited_proposition": "accepted the view that the Explanation is declaratory",
      "cited_holding": null,
      "treatment": "followed",
      "relevance": "central",
      "confidence": "high",
      "provenance": {
        "extraction_method": "llm",
        "model_id": "grok-4-1-fast-reasoning",
        "prompt_id": null,
        "run_id": null,
        "temperature": 0.1,
        "timestamp": "2026-02-03T00:10:42.405491"
      }
    },
    {
      "id": "p3",
      "type": "precedent",
      "citation": "Rashik Lal Co. vs. Commissioner of Income Tax  229 I.T.R.458",
      "anchor": {
        "doc_id": "sha256:fe4db58c6159",
        "start_char": 702,
        "end_char": 760,
        "text_hash": "c8e4be4cf4608555",
        "display_location": "0",
        "secondary_spans": [],
        "surface_text": "Rashik Lal Co. vs. Commissioner of Income Tax  229 I.T.R.458"
      },
      "case_name": "Rashik Lal Co. vs. Commissioner of Income Tax",
      "case_year": null,
      "cited_case_id": null,
      "cited_proposition": "doubted the view that the Explanation is only clarificatory",
      "cited_holding": null,
      "treatment": "explained",
      "relevance": "central",
      "confidence": "high",
      "provenance": {
        "extraction_method": "llm",
        "model_id": "grok-4-1-fast-reasoning",
        "prompt_id": null,
        "run_id": null,
        "temperature": 0.1,
        "timestamp": "2026-02-03T00:10:42.405491"
      }
    }
  ],
  "justification_sets": [
    {
      "id": "js1",
      "type": "justification_set",
      "target_id": "h1",
      "logic": "and",
      "label": "Explanation 2 to Section 40(b) Income Tax Act 1961 support",
      "is_primary": true,
      "confidence": "high",
      "provenance": null
    },
    {
      "id": "js2",
      "type": "justification_set",
      "target_id": "h2",
      "logic": "and",
      "label": "Explanation 2 to Section 40(b) Income Tax Act 1961 support",
      "is_primary": true,
      "confidence": "high",
      "provenance": null
    }
  ],
  "outcome": {
    "id": "outcome",
    "type": "outcome",
    "disposition": "remanded",
    "anchor": {
      "doc_id": "sha256:fe4db58c6159",
      "start_char": 0,
      "end_char": 222,
      "text_hash": "d6459611ea668282",
      "display_location": null,
      "secondary_spans": [],
      "surface_text": " Order This appeal stands referred to a Bench of three Judges because it was found that a Bench of two learned Judges had taken the view that the conclusion of an earlier Bench of three learned Judges was diff"
    },
    "binary": "rejected",
    "relief_summary": "Appeal stands referred to a Bench of three Judges",
    "costs": null,
    "directions": [
      "observations relative to the said Explanation in Rashik Lal case must be treated as obiter dicta"
    ],
    "provenance": {
      "extraction_method": "llm",
      "model_id": "grok-4-1-fast-reasoning",
      "prompt_id": null,
      "run_id": null,
      "temperature": 0.1,
      "timestamp": "2026-02-03T00:12:21.704911"
    }
  },
  "edges": [
    {
      "id": "e_1a831cf8_8",
      "source": "a1",
      "target": "h2",
      "relation": "supports",
      "anchor": {
        "doc_id": "sha256:fe4db58c6159",
        "start_char": 381,
        "end_char": 520,
        "text_hash": "8ef575a2250fb3dc",
        "display_location": "0",
        "secondary_spans": [],
        "surface_text": "in operation or only declaratory. In Brij Mohan Das Laxman Das vs. Commissioner of Income Tax  223 I.T.R./825  two learned judges companycl"
      },
      "explanation": "a1 states Rashik Lal observations doubting declaratory nature treated as obiter",
      "confidence": "high",
      "strength": "moderate",
      "support_group_ids": [
        "js2"
      ],
      "is_critical": false,
      "provenance": {
        "extraction_method": "llm",
        "model_id": "grok-4-1-fast-reasoning",
        "prompt_id": null,
        "run_id": null,
        "temperature": 0.1,
        "timestamp": "2026-02-03T00:14:59.363586"
      }
    },
    {
      "id": "e_1a831cf8_9",
      "source": "a2",
      "target": "h2",
      "relation": "supports",
      "anchor": {
        "doc_id": "sha256:fe4db58c6159",
        "start_char": 521,
        "end_char": 635,
        "text_hash": "e1399bbe6fd71c24",
        "display_location": "0",
        "secondary_spans": [],
        "surface_text": "ded that the said Explanation was declaratory. This view was accepted by a Bench of three learned judges in Suwala"
      },
      "explanation": "a2 states Rashik Lal doubt treated as obiter",
      "confidence": "high",
      "strength": "moderate",
      "support_group_ids": [
        "js2"
      ],
      "is_critical": false,
      "provenance": {
        "extraction_method": "llm",
        "model_id": "grok-4-1-fast-reasoning",
        "prompt_id": null,
        "run_id": null,
        "temperature": 0.1,
        "timestamp": "2026-02-03T00:14:59.363586"
      }
    },
    {
      "id": "e_1a831cf8_7",
      "source": "a3",
      "target": "h2",
      "relation": "grounds",
      "anchor": {
        "doc_id": "sha256:fe4db58c6159",
        "start_char": 71,
        "end_char": 195,
        "text_hash": "195aca66b23f9a30",
        "display_location": "0:0",
        "secondary_spans": [],
        "surface_text": "t was found that a Bench of two learned Judges had taken the view that the companyclusion of an earlier Bench of three learn"
      },
      "explanation": "a3 treats conclusion as obiter dicta since provision not in issue",
      "confidence": "high",
      "strength": "moderate",
      "support_group_ids": [
        "js2"
      ],
      "is_critical": false,
      "provenance": {
        "extraction_method": "llm",
        "model_id": "grok-4-1-fast-reasoning",
        "prompt_id": null,
        "run_id": null,
        "temperature": 0.1,
        "timestamp": "2026-02-03T00:14:59.363586"
      }
    },
    {
      "id": "e_1a831cf8_5",
      "source": "a4",
      "target": "h1",
      "relation": "grounds",
      "anchor": {
        "doc_id": "sha256:fe4db58c6159",
        "start_char": 721,
        "end_char": 1020,
        "text_hash": "8451e0fdd467cb1f",
        "display_location": "0",
        "secondary_spans": [],
        "surface_text": "k Lal Co. vs. Commissioner of Income Tax  229 I.T.R.458  this view was doubted. A Bench of two learned Judges observed that it was difficult to accept"
      },
      "explanation": "a4 states no question of interest payment involved so provision not in issue, grounding h1",
      "confidence": "high",
      "strength": "strong",
      "support_group_ids": [
        "js1"
      ],
      "is_critical": true,
      "provenance": {
        "extraction_method": "llm",
        "model_id": "grok-4-1-fast-reasoning",
        "prompt_id": null,
        "run_id": null,
        "temperature": 0.1,
        "timestamp": "2026-02-03T00:14:59.363586"
      }
    },
    {
      "id": "e_1a831cf8_6",
      "source": "a4",
      "target": "h2",
      "relation": "supports",
      "anchor": {
        "doc_id": "sha256:fe4db58c6159",
        "start_char": 721,
        "end_char": 1020,
        "text_hash": "8451e0fdd467cb1f",
        "display_location": "0",
        "secondary_spans": [],
        "surface_text": "k Lal Co. vs. Commissioner of Income Tax  229 I.T.R.458  this view was doubted. A Bench of two learned Judges observed that it was difficult to accept"
      },
      "explanation": "a4 concludes obiter dicta based on provision not in issue",
      "confidence": "high",
      "strength": "moderate",
      "support_group_ids": [
        "js2"
      ],
      "is_critical": false,
      "provenance": {
        "extraction_method": "llm",
        "model_id": "grok-4-1-fast-reasoning",
        "prompt_id": null,
        "run_id": null,
        "temperature": 0.1,
        "timestamp": "2026-02-03T00:14:59.363586"
      }
    },
    {
      "id": "e_1a831cf8_1",
      "source": "a5",
      "target": "h1",
      "relation": "grounds",
      "anchor": {
        "doc_id": "sha256:fe4db58c6159",
        "start_char": 1100,
        "end_char": 1260,
        "text_hash": "89e52d906d430eb0",
        "display_location": "0",
        "secondary_spans": [],
        "surface_text": " did number make any sense. But the Bench immediately numbered, Hkowever, in the case before us, numberquestion of payment of any interest in involved"
      },
      "explanation": "a5 states no question of payment of interest involved leads to conclusion provision not in issue, directly grounding h1",
      "confidence": "high",
      "strength": "strong",
      "support_group_ids": [
        "js1"
      ],
      "is_critical": true,
      "provenance": {
        "extraction_method": "llm",
        "model_id": "grok-4-1-fast-reasoning",
        "prompt_id": null,
        "run_id": null,
        "temperature": 0.1,
        "timestamp": "2026-02-03T00:14:59.363586"
      }
    },
    {
      "id": "e_1a831cf8_10",
      "source": "a5",
      "target": "h2",
      "relation": "supports",
      "anchor": {
        "doc_id": "sha256:fe4db58c6159",
        "start_char": 1100,
        "end_char": 1170,
        "text_hash": "76b03721066e2c28",
        "display_location": "0",
        "secondary_spans": [],
        "surface_text": " did number make any sense. But the Bench immediately numbered, Hkowev"
      },
      "explanation": "a5 concludes observations obiter",
      "confidence": "high",
      "strength": "moderate",
      "support_group_ids": [
        "js2"
      ],
      "is_critical": false,
      "provenance": {
        "extraction_method": "llm",
        "model_id": "grok-4-1-fast-reasoning",
        "prompt_id": null,
        "run_id": null,
        "temperature": 0.1,
        "timestamp": "2026-02-03T00:14:59.363586"
      }
    },
    {
      "id": "e_a586d8ba_12",
      "source": "a6",
      "target": "h1",
      "relation": "supports",
      "anchor": {
        "doc_id": "sha256:fe4db58c6159",
        "start_char": 1171,
        "end_char": 1260,
        "text_hash": "d6b66b24587ebd1b",
        "display_location": "0",
        "secondary_spans": [],
        "surface_text": "r, in the case before us, numberquestion of payment of any interest in involved. In other"
      },
      "explanation": "argument a6 supports holding h1",
      "confidence": "high",
      "strength": "moderate",
      "support_group_ids": [
        "js1"
      ],
      "is_critical": false,
      "provenance": {
        "extraction_method": "llm",
        "model_id": "grok-4-1-fast-reasoning",
        "prompt_id": null,
        "run_id": null,
        "temperature": 0.1,
        "timestamp": "2026-02-03T00:13:24.754907"
      }
    },
    {
      "id": "e_a586d8ba_10",
      "source": "a6",
      "target": "i2",
      "relation": "addresses",
      "anchor": {
        "doc_id": "sha256:fe4db58c6159",
        "start_char": 1171,
        "end_char": 1260,
        "text_hash": "d6b66b24587ebd1b",
        "display_location": "0",
        "secondary_spans": [],
        "surface_text": "r, in the case before us, numberquestion of payment of any interest in involved. In other"
      },
      "explanation": "a6 argues application not really in issue supporting i2 [REPAIRED: supports->addresses]",
      "confidence": "inferred",
      "strength": "moderate",
      "support_group_ids": [],
      "is_critical": false,
      "provenance": {
        "extraction_method": "llm",
        "model_id": "grok-4-1-fast-reasoning",
        "prompt_id": null,
        "run_id": null,
        "temperature": 0.1,
        "timestamp": "2026-02-03T00:13:24.754907"
      }
    },
    {
      "id": "e_1a831cf8_15",
      "source": "a7",
      "target": "c5",
      "relation": "supports",
      "anchor": {
        "doc_id": "sha256:fe4db58c6159",
        "start_char": 1320,
        "end_char": 1350,
        "text_hash": "3cace237006b385e",
        "display_location": "0:11",
        "secondary_spans": [],
        "surface_text": "ation was number really in iss"
      },
      "explanation": "a7 supports the obiter dicta concept",
      "confidence": "high",
      "strength": "moderate",
      "support_group_ids": [],
      "is_critical": false,
      "provenance": {
        "extraction_method": "llm",
        "model_id": "grok-4-1-fast-reasoning",
        "prompt_id": null,
        "run_id": null,
        "temperature": 0.1,
        "timestamp": "2026-02-03T00:14:59.363586"
      }
    },
    {
      "id": "e_1a831cf8_11",
      "source": "a7",
      "target": "h2",
      "relation": "grounds",
      "anchor": {
        "doc_id": "sha256:fe4db58c6159",
        "start_char": 1261,
        "end_char": 1350,
        "text_hash": "b2078c72169b1689",
        "display_location": "0:11",
        "secondary_spans": [],
        "surface_text": "words, the application of Section 40 b  and the said Explanation was number really in iss"
      },
      "explanation": "a7 identical to h2, providing argumentative support for the holding [REPAIRED: supports_arg->grounds]",
      "confidence": "inferred",
      "strength": "strong",
      "support_group_ids": [
        "js2"
      ],
      "is_critical": false,
      "provenance": {
        "extraction_method": "llm",
        "model_id": "grok-4-1-fast-reasoning",
        "prompt_id": null,
        "run_id": null,
        "temperature": 0.1,
        "timestamp": "2026-02-03T00:14:59.363586"
      }
    },
    {
      "id": "e_eaf6552e_8",
      "source": "c3",
      "target": "i1",
      "relation": "addresses",
      "anchor": {
        "doc_id": "sha256:fe4db58c6159",
        "start_char": 370,
        "end_char": 520,
        "text_hash": "2db9647a80d246ae",
        "display_location": "0",
        "secondary_spans": [],
        "surface_text": "rospective in operation or only declaratory. In Brij Mohan Das Laxman Das vs. Commissioner of Income Tax  223 I.T.R./825  two learned judges companycl"
      },
      "explanation": "c3 establishes the declaratory nature of the Explanation, directly resolving the issue in i1 of whether it is prospective or declaratory [REPAIRED: resolves->addresses]",
      "confidence": "inferred",
      "strength": "strong",
      "support_group_ids": [],
      "is_critical": true,
      "provenance": {
        "extraction_method": "llm",
        "model_id": "grok-4-1-fast-reasoning",
        "prompt_id": null,
        "run_id": null,
        "temperature": 0.1,
        "timestamp": "2026-02-03T00:14:09.259146"
      }
    },
    {
      "id": "e_4022b7b0_1",
      "source": "c6",
      "target": "i1",
      "relation": "addresses",
      "anchor": null,
      "explanation": "The concept explicitly concerns the clarificatory/declaratory nature of the statutory provision, which is the core question in the issue about whether the Explanation is prospective or declaratory",
      "confidence": "inferred",
      "strength": "strong",
      "support_group_ids": [],
      "is_critical": true,
      "provenance": {
        "extraction_method": "llm",
        "model_id": "grok-4-1-fast-reasoning",
        "prompt_id": null,
        "run_id": null,
        "temperature": 0.1,
        "timestamp": "2026-02-03T00:15:45.954573"
      }
    },
    {
      "id": "e_a586d8ba_16",
      "source": "f10",
      "target": "c2",
      "relation": "triggers",
      "anchor": {
        "doc_id": "sha256:fe4db58c6159",
        "start_char": 1171,
        "end_char": 1260,
        "text_hash": "d6b66b24587ebd1b",
        "display_location": "0",
        "secondary_spans": [],
        "surface_text": "r, in the case before us, numberquestion of payment of any interest in involved. In other"
      },
      "explanation": "f10 establishes c2 that application not in issue in Rashik Lal [REPAIRED: establishes->triggers]",
      "confidence": "inferred",
      "strength": "moderate",
      "support_group_ids": [],
      "is_critical": false,
      "provenance": {
        "extraction_method": "llm",
        "model_id": "grok-4-1-fast-reasoning",
        "prompt_id": null,
        "run_id": null,
        "temperature": 0.1,
        "timestamp": "2026-02-03T00:13:24.754907"
      }
    },
    {
      "id": "e_a586d8ba_11",
      "source": "f10",
      "target": "h1",
      "relation": "grounds",
      "anchor": {
        "doc_id": "sha256:fe4db58c6159",
        "start_char": 1171,
        "end_char": 1260,
        "text_hash": "d6b66b24587ebd1b",
        "display_location": "0",
        "secondary_spans": [],
        "surface_text": "r, in the case before us, numberquestion of payment of any interest in involved. In other"
      },
      "explanation": "f10 grounds the holding h1 that application not in issue",
      "confidence": "high",
      "strength": "strong",
      "support_group_ids": [
        "js1"
      ],
      "is_critical": true,
      "provenance": {
        "extraction_method": "llm",
        "model_id": "grok-4-1-fast-reasoning",
        "prompt_id": null,
        "run_id": null,
        "temperature": 0.1,
        "timestamp": "2026-02-03T00:13:24.754907"
      }
    },
    {
      "id": "e_a586d8ba_9",
      "source": "f10",
      "target": "i2",
      "relation": "supports",
      "anchor": {
        "doc_id": "sha256:fe4db58c6159",
        "start_char": 1171,
        "end_char": 1260,
        "text_hash": "d6b66b24587ebd1b",
        "display_location": "0",
        "secondary_spans": [],
        "surface_text": "r, in the case before us, numberquestion of payment of any interest in involved. In other"
      },
      "explanation": "f10 states application of Section 40(b) and Explanation not really in issue supporting i2",
      "confidence": "high",
      "strength": "strong",
      "support_group_ids": [],
      "is_critical": true,
      "provenance": {
        "extraction_method": "llm",
        "model_id": "grok-4-1-fast-reasoning",
        "prompt_id": null,
        "run_id": null,
        "temperature": 0.1,
        "timestamp": "2026-02-03T00:13:24.754907"
      }
    },
    {
      "id": "e_1a831cf8_14",
      "source": "f11",
      "target": "c5",
      "relation": "triggers",
      "anchor": {
        "doc_id": "sha256:fe4db58c6159",
        "start_char": 1320,
        "end_char": 1350,
        "text_hash": "3cace237006b385e",
        "display_location": "0:11",
        "secondary_spans": [],
        "surface_text": "ation was number really in iss"
      },
      "explanation": "f11 fact of obiter supports the concept c5 [REPAIRED: supports->triggers]",
      "confidence": "inferred",
      "strength": "moderate",
      "support_group_ids": [],
      "is_critical": false,
      "provenance": {
        "extraction_method": "llm",
        "model_id": "grok-4-1-fast-reasoning",
        "prompt_id": null,
        "run_id": null,
        "temperature": 0.1,
        "timestamp": "2026-02-03T00:14:59.363586"
      }
    },
    {
      "id": "e_a586d8ba_2",
      "source": "f12",
      "target": "c1",
      "relation": "triggers",
      "anchor": {
        "doc_id": "sha256:fe4db58c6159",
        "start_char": 250,
        "end_char": 350,
        "text_hash": "99283a14a7822b21",
        "display_location": "0:1",
        "secondary_spans": [],
        "surface_text": " whether Explanation  2  to Section 40 b  of the Income Tax Act, 1961, introduced with effect from 1"
      },
      "explanation": "f12 describes introduction of Explanation 2 effective 1st April 1985 central to c1 [REPAIRED: establishes->triggers]",
      "confidence": "inferred",
      "strength": "strong",
      "support_group_ids": [],
      "is_critical": true,
      "provenance": {
        "extraction_method": "llm",
        "model_id": "grok-4-1-fast-reasoning",
        "prompt_id": null,
        "run_id": null,
        "temperature": 0.1,
        "timestamp": "2026-02-03T00:13:24.754907"
      }
    },
    {
      "id": "e_eaf6552e_3",
      "source": "f13",
      "target": "c3",
      "relation": "triggers",
      "anchor": {
        "doc_id": "sha256:fe4db58c6159",
        "start_char": 390,
        "end_char": 460,
        "text_hash": "45b71b329afd865d",
        "display_location": "0",
        "secondary_spans": [],
        "surface_text": "ion or only declaratory. In Brij Mohan Das Laxman Das vs. Commissioner"
      },
      "explanation": "f13 cites Brij Mohan, which is part of the declaratory holding described in c3 [REPAIRED: contributes_to->triggers]",
      "confidence": "inferred",
      "strength": "moderate",
      "support_group_ids": [],
      "is_critical": false,
      "provenance": {
        "extraction_method": "llm",
        "model_id": "grok-4-1-fast-reasoning",
        "prompt_id": null,
        "run_id": null,
        "temperature": 0.1,
        "timestamp": "2026-02-03T00:14:09.259146"
      }
    },
    {
      "id": "e_a586d8ba_1",
      "source": "f3",
      "target": "i1",
      "relation": "supports",
      "anchor": {
        "doc_id": "sha256:fe4db58c6159",
        "start_char": 196,
        "end_char": 380,
        "text_hash": "f3b9070a29b22e5e",
        "display_location": "0",
        "secondary_spans": [],
        "surface_text": "d Judges was difficult to accept. The issue relates to whether Explanation  2  to Section 40 b  of the Income Tax Act, 1961, introduced with effect fr"
      },
      "explanation": "f3 explicitly states the issue being whether Explanation 2 is prospective or declaratory [REPAIRED: establishes->supports]",
      "confidence": "inferred",
      "strength": "strong",
      "support_group_ids": [],
      "is_critical": true,
      "provenance": {
        "extraction_method": "llm",
        "model_id": "grok-4-1-fast-reasoning",
        "prompt_id": null,
        "run_id": null,
        "temperature": 0.1,
        "timestamp": "2026-02-03T00:13:24.754907"
      }
    },
    {
      "id": "e_eaf6552e_1",
      "source": "f4",
      "target": "c3",
      "relation": "triggers",
      "anchor": {
        "doc_id": "sha256:fe4db58c6159",
        "start_char": 381,
        "end_char": 520,
        "text_hash": "8ef575a2250fb3dc",
        "display_location": "0",
        "secondary_spans": [],
        "surface_text": "in operation or only declaratory. In Brij Mohan Das Laxman Das vs. Commissioner of Income Tax  223 I.T.R./825  two learned judges companycl"
      },
      "explanation": "f4 states that two learned judges in Brij Mohan concluded the Explanation was declaratory, which is directly incorporated into the description of c3 [REPAIRED: supports->triggers]",
      "confidence": "inferred",
      "strength": "strong",
      "support_group_ids": [],
      "is_critical": true,
      "provenance": {
        "extraction_method": "llm",
        "model_id": "grok-4-1-fast-reasoning",
        "prompt_id": null,
        "run_id": null,
        "temperature": 0.1,
        "timestamp": "2026-02-03T00:14:09.259146"
      }
    },
    {
      "id": "e_eaf6552e_4",
      "source": "f5",
      "target": "c3",
      "relation": "triggers",
      "anchor": {
        "doc_id": "sha256:fe4db58c6159",
        "start_char": 521,
        "end_char": 635,
        "text_hash": "e1399bbe6fd71c24",
        "display_location": "0",
        "secondary_spans": [],
        "surface_text": "ded that the said Explanation was declaratory. This view was accepted by a Bench of three learned judges in Suwala"
      },
      "explanation": "f5 states that the view was accepted by three judges in Suwalal, which is directly incorporated into c3 [REPAIRED: supports->triggers]",
      "confidence": "inferred",
      "strength": "strong",
      "support_group_ids": [],
      "is_critical": true,
      "provenance": {
        "extraction_method": "llm",
        "model_id": "grok-4-1-fast-reasoning",
        "prompt_id": null,
        "run_id": null,
        "temperature": 0.1,
        "timestamp": "2026-02-03T00:14:09.259146"
      }
    },
    {
      "id": "e_a586d8ba_8",
      "source": "f9",
      "target": "i2",
      "relation": "supports",
      "anchor": {
        "doc_id": "sha256:fe4db58c6159",
        "start_char": 1100,
        "end_char": 1170,
        "text_hash": "76b03721066e2c28",
        "display_location": "0",
        "secondary_spans": [],
        "surface_text": " did number make any sense. But the Bench immediately numbered, Hkowev"
      },
      "explanation": "f9 no interest payment in Rashik Lal supports i2 that application not in issue",
      "confidence": "high",
      "strength": "strong",
      "support_group_ids": [],
      "is_critical": true,
      "provenance": {
        "extraction_method": "llm",
        "model_id": "grok-4-1-fast-reasoning",
        "prompt_id": null,
        "run_id": null,
        "temperature": 0.1,
        "timestamp": "2026-02-03T00:13:24.754907"
      }
    },
    {
      "id": "e_a586d8ba_17",
      "source": "h1",
      "target": "c2",
      "relation": "supports",
      "anchor": {
        "doc_id": "sha256:fe4db58c6159",
        "start_char": 1171,
        "end_char": 1260,
        "text_hash": "d6b66b24587ebd1b",
        "display_location": "0",
        "secondary_spans": [],
        "surface_text": "r, in the case before us, numberquestion of payment of any interest in involved. In other"
      },
      "explanation": "holding h1 establishes concept instance c2 [REPAIRED: establishes->supports]",
      "confidence": "inferred",
      "strength": "moderate",
      "support_group_ids": [],
      "is_critical": false,
      "provenance": {
        "extraction_method": "llm",
        "model_id": "grok-4-1-fast-reasoning",
        "prompt_id": null,
        "run_id": null,
        "temperature": 0.1,
        "timestamp": "2026-02-03T00:13:24.754907"
      }
    },
    {
      "id": "e_1a831cf8_13",
      "source": "h1",
      "target": "c5",
      "relation": "grounds",
      "anchor": {
        "doc_id": "sha256:fe4db58c6159",
        "start_char": 1171,
        "end_char": 1350,
        "text_hash": "80d74503372fb2bd",
        "display_location": "0",
        "secondary_spans": [],
        "surface_text": "r, in the case before us, numberquestion of payment of any interest in involved. In other words, the application of Section 40 b  and the said Explana"
      },
      "explanation": "not in issue (h1) grounds treatment as obiter dicta in c5",
      "confidence": "high",
      "strength": "strong",
      "support_group_ids": [],
      "is_critical": true,
      "provenance": {
        "extraction_method": "llm",
        "model_id": "grok-4-1-fast-reasoning",
        "prompt_id": null,
        "run_id": null,
        "temperature": 0.1,
        "timestamp": "2026-02-03T00:14:59.363586"
      }
    },
    {
      "id": "e_a586d8ba_14",
      "source": "h1",
      "target": "h2",
      "relation": "supports",
      "anchor": {
        "doc_id": "sha256:fe4db58c6159",
        "start_char": 1171,
        "end_char": 1350,
        "text_hash": "80d74503372fb2bd",
        "display_location": "0",
        "secondary_spans": [],
        "surface_text": "r, in the case before us, numberquestion of payment of any interest in involved. In other words, the application of Section 40 b  and the said Explana"
      },
      "explanation": "h1 that not in issue grounds h2 that observations are obiter [REPAIRED: grounds->supports]",
      "confidence": "inferred",
      "strength": "strong",
      "support_group_ids": [
        "js2"
      ],
      "is_critical": true,
      "provenance": {
        "extraction_method": "llm",
        "model_id": "grok-4-1-fast-reasoning",
        "prompt_id": null,
        "run_id": null,
        "temperature": 0.1,
        "timestamp": "2026-02-03T00:13:24.754907"
      }
    },
    {
      "id": "e_a586d8ba_13",
      "source": "h1",
      "target": "i2",
      "relation": "addresses",
      "anchor": {
        "doc_id": "sha256:fe4db58c6159",
        "start_char": 1100,
        "end_char": 1350,
        "text_hash": "47c49694fb3a834d",
        "display_location": "0",
        "secondary_spans": [],
        "surface_text": " did number make any sense. But the Bench immediately numbered, Hkowever, in the case before us, numberquestion of payment of any interest in involved"
      },
      "explanation": "h1 holding that not in issue determines i2 negatively [REPAIRED: determines->addresses]",
      "confidence": "inferred",
      "strength": "strong",
      "support_group_ids": [],
      "is_critical": true,
      "provenance": {
        "extraction_method": "llm",
        "model_id": "grok-4-1-fast-reasoning",
        "prompt_id": null,
        "run_id": null,
        "temperature": 0.1,
        "timestamp": "2026-02-03T00:13:24.754907"
      }
    },
    {
      "id": "e_1a831cf8_4",
      "source": "h1",
      "target": "i2",
      "relation": "partially_resolves",
      "anchor": {
        "doc_id": "sha256:fe4db58c6159",
        "start_char": 1100,
        "end_char": 1350,
        "text_hash": "47c49694fb3a834d",
        "display_location": "0",
        "secondary_spans": [],
        "surface_text": " did number make any sense. But the Bench immediately numbered, Hkowever, in the case before us, numberquestion of payment of any interest in involved"
      },
      "explanation": "h1 addresses the core question in i2 of whether provision was in issue",
      "confidence": "high",
      "strength": "moderate",
      "support_group_ids": [],
      "is_critical": false,
      "provenance": {
        "extraction_method": "llm",
        "model_id": "grok-4-1-fast-reasoning",
        "prompt_id": null,
        "run_id": null,
        "temperature": 0.1,
        "timestamp": "2026-02-03T00:14:59.363586"
      }
    },
    {
      "id": "e_h1_resolves_i2",
      "source": "h1",
      "target": "i2",
      "relation": "resolves",
      "anchor": {
        "doc_id": "sha256:fe4db58c6159",
        "start_char": 1171,
        "end_char": 1260,
        "text_hash": "d6b66b24587ebd1b",
        "display_location": "0",
        "secondary_spans": [],
        "surface_text": "In other words, the application of Section 40 b  and the said Explanation was number really in issue in Rashik Lals case"
      },
      "explanation": null,
      "confidence": "high",
      "strength": "strong",
      "support_group_ids": [],
      "is_critical": false,
      "provenance": null
    },
    {
      "id": "e_h1_contributes_to_outcome",
      "source": "h1",
      "target": "outcome",
      "relation": "contributes_to",
      "anchor": {
        "doc_id": "sha256:fe4db58c6159",
        "start_char": 0,
        "end_char": 222,
        "text_hash": "d6459611ea668282",
        "display_location": null,
        "secondary_spans": [],
        "surface_text": " Order This appeal stands referred to a Bench of three Judges because it was found that a Bench of two learned Judges had taken the view that the conclusion of an earlier Bench of three learned Judges was diff"
      },
      "explanation": null,
      "confidence": "high",
      "strength": "moderate",
      "support_group_ids": [],
      "is_critical": false,
      "provenance": null
    },
    {
      "id": "e_1a831cf8_12",
      "source": "h2",
      "target": "c5",
      "relation": "supports",
      "anchor": {
        "doc_id": "sha256:fe4db58c6159",
        "start_char": 1320,
        "end_char": 1350,
        "text_hash": "3cace237006b385e",
        "display_location": "0:11",
        "secondary_spans": [],
        "surface_text": "ation was number really in iss"
      },
      "explanation": "h2 establishes the obiter dicta concept instance in c5 [REPAIRED: establishes->supports]",
      "confidence": "inferred",
      "strength": "strong",
      "support_group_ids": [],
      "is_critical": true,
      "provenance": {
        "extraction_method": "llm",
        "model_id": "grok-4-1-fast-reasoning",
        "prompt_id": null,
        "run_id": null,
        "temperature": 0.1,
        "timestamp": "2026-02-03T00:14:59.363586"
      }
    },
    {
      "id": "e_1a831cf8_3",
      "source": "h2",
      "target": "i2",
      "relation": "resolves",
      "anchor": {
        "doc_id": "sha256:fe4db58c6159",
        "start_char": 1100,
        "end_char": 1350,
        "text_hash": "47c49694fb3a834d",
        "display_location": "0",
        "secondary_spans": [],
        "surface_text": " did number make any sense. But the Bench immediately numbered, Hkowever, in the case before us, numberquestion of payment of any interest in involved"
      },
      "explanation": "h2 resolves the issue i2 by concluding observations are obiter dicta",
      "confidence": "high",
      "strength": "strong",
      "support_group_ids": [],
      "is_critical": true,
      "provenance": {
        "extraction_method": "llm",
        "model_id": "grok-4-1-fast-reasoning",
        "prompt_id": null,
        "run_id": null,
        "temperature": 0.1,
        "timestamp": "2026-02-03T00:14:59.363586"
      }
    },
    {
      "id": "e_h2_determines_outcome",
      "source": "h2",
      "target": "outcome",
      "relation": "determines",
      "anchor": {
        "doc_id": "sha256:fe4db58c6159",
        "start_char": 0,
        "end_char": 222,
        "text_hash": "d6459611ea668282",
        "display_location": null,
        "secondary_spans": [],
        "surface_text": " Order This appeal stands referred to a Bench of three Judges because it was found that a Bench of two learned Judges had taken the view that the conclusion of an earlier Bench of three learned Judges was diff"
      },
      "explanation": null,
      "confidence": "high",
      "strength": "strong",
      "support_group_ids": [],
      "is_critical": true,
      "provenance": null
    },
    {
      "id": "e_a586d8ba_15",
      "source": "h2",
      "target": "p3",
      "relation": "distinguishes",
      "anchor": {
        "doc_id": "sha256:fe4db58c6159",
        "start_char": 1261,
        "end_char": 1350,
        "text_hash": "b2078c72169b1689",
        "display_location": "0:11",
        "secondary_spans": [],
        "surface_text": "words, the application of Section 40 b  and the said Explanation was number really in iss"
      },
      "explanation": "h2 treats Rashik Lal observations as obiter dicta distinguishing p3",
      "confidence": "high",
      "strength": "strong",
      "support_group_ids": [],
      "is_critical": true,
      "provenance": {
        "extraction_method": "llm",
        "model_id": "grok-4-1-fast-reasoning",
        "prompt_id": null,
        "run_id": null,
        "temperature": 0.1,
        "timestamp": "2026-02-03T00:13:24.754907"
      }
    },
    {
      "id": "e_ce1bd7db_1",
      "source": "i1",
      "target": "c4",
      "relation": "addresses",
      "anchor": {
        "doc_id": "sha256:fe4db58c6159",
        "start_char": 330,
        "end_char": 380,
        "text_hash": "77e2291a77daf088",
        "display_location": "0:1",
        "secondary_spans": [],
        "surface_text": "d with effect from 1st April, 1985, is prospective"
      },
      "explanation": "The issue i1 explicitly raises the question of whether the Explanation has prospective operation, directly triggering the concept c4 of prospective operation of the statute for the Explanation within the overlapping text span. [REPAIRED: triggers->addresses]",
      "confidence": "inferred",
      "strength": "strong",
      "support_group_ids": [],
      "is_critical": true,
      "provenance": {
        "extraction_method": "llm",
        "model_id": "grok-4-1-fast-reasoning",
        "prompt_id": null,
        "run_id": null,
        "temperature": 0.1,
        "timestamp": "2026-02-03T00:14:41.059881"
      }
    },
    {
      "id": "e_eaf6552e_5",
      "source": "p2",
      "target": "c3",
      "relation": "supports",
      "anchor": {
        "doc_id": "sha256:fe4db58c6159",
        "start_char": 616,
        "end_char": 683,
        "text_hash": "8dda6b9b2dc0661a",
        "display_location": "0",
        "secondary_spans": [],
        "surface_text": "ed judges in Suwalal Anandilal Jain vs. Commissioner of Income Tax "
      },
      "explanation": "p2 states Suwalal accepted the declaratory view, forming part of the concept in c3",
      "confidence": "high",
      "strength": "strong",
      "support_group_ids": [],
      "is_critical": true,
      "provenance": {
        "extraction_method": "llm",
        "model_id": "grok-4-1-fast-reasoning",
        "prompt_id": null,
        "run_id": null,
        "temperature": 0.1,
        "timestamp": "2026-02-03T00:14:09.259146"
      }
    },
    {
      "id": "e_a586d8ba_6",
      "source": "p3",
      "target": "i1",
      "relation": "supports",
      "anchor": {
        "doc_id": "sha256:fe4db58c6159",
        "start_char": 636,
        "end_char": 850,
        "text_hash": "c12302b6d88532ba",
        "display_location": "0",
        "secondary_spans": [],
        "surface_text": " Anandilal Jain vs. Commissioner of Income Tax  224 I.T.R. 753 . In the case of Rashik Lal Co. vs. Commissioner of Income Tax  229 I.T.R.458  this vie"
      },
      "explanation": "p3 via f6 and f7 doubts the declaratory position on i1 [REPAIRED: doubts->supports]",
      "confidence": "inferred",
      "strength": "strong",
      "support_group_ids": [],
      "is_critical": true,
      "provenance": {
        "extraction_method": "llm",
        "model_id": "grok-4-1-fast-reasoning",
        "prompt_id": null,
        "run_id": null,
        "temperature": 0.1,
        "timestamp": "2026-02-03T00:13:24.754907"
      }
    }
  ],
  "reasoning_chains": [
    {
      "id": "rc_i2_h1",
      "issue_id": "i2",
      "fact_ids": [
        "f10"
      ],
      "concept_ids": [],
      "argument_ids": [
        "a4",
        "a5",
        "a6"
      ],
      "holding_id": "h1",
      "edge_ids": [
        "e_1a831cf8_5",
        "e_1a831cf8_1",
        "e_a586d8ba_12",
        "e_a586d8ba_11"
      ],
      "justification_set_id": "js1",
      "critical_nodes": [
        "a4",
        "a5",
        "f10"
      ],
      "narrative": "Issue i2 resolved by holding h1. Facts: f10. Arguments: a4, a5, a6."
    },
    {
      "id": "rc_i2_h2",
      "issue_id": "i2",
      "fact_ids": [
        "f10"
      ],
      "concept_ids": [],
      "argument_ids": [
        "a1",
        "a2",
        "a3",
        "a4",
        "a5",
        "a7",
        "a6"
      ],
      "holding_id": "h2",
      "edge_ids": [
        "e_1a831cf8_8",
        "e_1a831cf8_9",
        "e_1a831cf8_7",
        "e_1a831cf8_6",
        "e_1a831cf8_10",
        "e_1a831cf8_11",
        "e_a586d8ba_14",
        "e_1a831cf8_5",
        "e_1a831cf8_1",
        "e_a586d8ba_12",
        "e_a586d8ba_11"
      ],
      "justification_set_id": "js2",
      "critical_nodes": [
        "h1",
        "a4",
        "a5",
        "f10"
      ],
      "narrative": "Issue i2 resolved by holding h2. Facts: f10. Arguments: a1, a2, a3, a4, a5, a7, a6."
    }
  ],
  "_meta": {
    "schema_version": "2.1.2",
    "quality_tier": "bronze",
    "extraction_model": "grok-4-1-fast-reasoning",
    "extraction_timestamp": "2026-02-03T00:07:07.539310",
    "retry_attempts": 0,
    "validation_warnings": [
      "Edge e1: 'establishes' not valid for fact -> issue. Valid: addresses, supports, triggers",
      "Edge e2: 'establishes' not valid for fact -> concept. Valid: claims_satisfies, negates, partially_satisfies, satisfies, triggers",
      "Edge e3: No valid relations defined for fact -> precedent",
      "Edge e4: No valid relations defined for fact -> precedent",
      "Edge e5: No valid relations defined for fact -> precedent",
      "Edge e6: 'doubts' not valid for precedent -> issue. Valid: addresses, supports",
      "Edge e7: No valid relations defined for precedent -> precedent",
      "Edge e10: 'supports' not valid for argument -> issue. Valid: addresses, concedes",
      "Edge e13: 'determines' not valid for holding -> issue. Valid: addresses, partially_resolves, resolves",
      "Edge e14: 'grounds' not valid for holding -> holding. Valid: conflicts_with, constrains, specializes, supports, undercuts",
      "Edge e16: 'establishes' not valid for fact -> concept. Valid: claims_satisfies, negates, partially_satisfies, satisfies, triggers",
      "Edge e17: 'establishes' not valid for holding -> concept. Valid: constrains, grounds, negates, supports, undercuts",
      "Edge e1: 'supports' not valid for fact -> concept. Valid: claims_satisfies, negates, partially_satisfies, satisfies, triggers",
      "Edge e2: No valid relations defined for fact -> fact",
      "Edge e3: 'contributes_to' not valid for fact -> concept. Valid: claims_satisfies, negates, partially_satisfies, satisfies, triggers",
      "Edge e4: 'supports' not valid for fact -> concept. Valid: claims_satisfies, negates, partially_satisfies, satisfies, triggers",
      "Edge e6: No valid relations defined for fact -> fact",
      "Edge e7: No valid relations defined for fact -> precedent",
      "Edge e8: 'resolves' not valid for concept -> issue. Valid: addresses, requires",
      "Edge e9: No valid relations defined for fact -> fact",
      "Edge e1: 'triggers' not valid for issue -> concept. Valid: addresses, requires",
      "Edge e2: 'grounds' not valid for holding -> holding. Valid: conflicts_with, constrains, specializes, supports, undercuts",
      "Edge e11: 'supports_arg' not valid for argument -> holding. Valid: grounds, rebuts, supports, undercuts",
      "Edge e12: 'establishes' not valid for holding -> concept. Valid: constrains, grounds, negates, supports, undercuts",
      "Edge e14: 'supports' not valid for fact -> concept. Valid: claims_satisfies, negates, partially_satisfies, satisfies, triggers"
    ]
  }
}