{
  "case_id": "2001_1005",
  "case_name": null,
  "case_year": null,
  "court": null,
  "judges": [],
  "facts": [
    {
      "id": "f1",
      "type": "fact",
      "text": "Supreme Court granted leave in these appeals.",
      "anchor": {
        "doc_id": "sha256:d5d612fbe91c",
        "start_char": 13,
        "end_char": 28,
        "text_hash": "b43e2674ba4ef979",
        "display_location": "0",
        "secondary_spans": [],
        "surface_text": "Leave Granted."
      },
      "fact_type": "procedural",
      "actor_source": "court",
      "date": null,
      "date_approximate": false,
      "disputed_by": null,
      "court_finding": null,
      "confidence": "high",
      "provenance": {
        "extraction_method": "llm",
        "model_id": "grok-4-1-fast-reasoning",
        "prompt_id": null,
        "run_id": null,
        "temperature": 0.1,
        "timestamp": "2026-02-03T00:07:06.973980"
      }
    },
    {
      "id": "f2",
      "type": "fact",
      "text": "These appeals are directed against the impugned judgment of Calcutta High Court.",
      "anchor": {
        "doc_id": "sha256:d5d612fbe91c",
        "start_char": 29,
        "end_char": 120,
        "text_hash": "a3cee9f46af792d5",
        "display_location": "0",
        "secondary_spans": [],
        "surface_text": "These appeals are directed against the impugned judgment of Calcutta Hit Court by which two criminal appeals stood disposed of "
      },
      "fact_type": "procedural",
      "actor_source": "court",
      "date": null,
      "date_approximate": false,
      "disputed_by": null,
      "court_finding": null,
      "confidence": "high",
      "provenance": {
        "extraction_method": "llm",
        "model_id": "grok-4-1-fast-reasoning",
        "prompt_id": null,
        "run_id": null,
        "temperature": 0.1,
        "timestamp": "2026-02-03T00:07:06.973980"
      }
    },
    {
      "id": "f3",
      "type": "fact",
      "text": "Calcutta High Court disposed of two criminal appeals.",
      "anchor": {
        "doc_id": "sha256:d5d612fbe91c",
        "start_char": 85,
        "end_char": 120,
        "text_hash": "538302b6299e033f",
        "display_location": "0:2",
        "secondary_spans": [],
        "surface_text": "judgment of Calcutta Hit Court by which two criminal appeals stood disposed of and the High Court,"
      },
      "fact_type": "procedural",
      "actor_source": "lower_court",
      "date": null,
      "date_approximate": false,
      "disputed_by": null,
      "court_finding": null,
      "confidence": "high",
      "provenance": {
        "extraction_method": "llm",
        "model_id": "grok-4-1-fast-reasoning",
        "prompt_id": null,
        "run_id": null,
        "temperature": 0.1,
        "timestamp": "2026-02-03T00:07:06.973980"
      }
    },
    {
      "id": "f4",
      "type": "fact",
      "text": "Sessions Judge convicted the accused under section 302 IPC.",
      "anchor": {
        "doc_id": "sha256:d5d612fbe91c",
        "start_char": 170,
        "end_char": 235,
        "text_hash": "7e897aedadf9a6a9",
        "display_location": "0:2",
        "secondary_spans": [],
        "surface_text": "setting aside the companyviction under section 302 IPC and award of death sentence, remitted the matter"
      },
      "fact_type": "material",
      "actor_source": "lower_court",
      "date": null,
      "date_approximate": false,
      "disputed_by": null,
      "court_finding": "accepted",
      "confidence": "high",
      "provenance": {
        "extraction_method": "llm",
        "model_id": "grok-4-1-fast-reasoning",
        "prompt_id": null,
        "run_id": null,
        "temperature": 0.1,
        "timestamp": "2026-02-03T00:07:06.973980"
      }
    },
    {
      "id": "f5",
      "type": "fact",
      "text": "Sessions Judge awarded death sentence.",
      "anchor": {
        "doc_id": "sha256:d5d612fbe91c",
        "start_char": 235,
        "end_char": 265,
        "text_hash": "f16482117ed0e0de",
        "display_location": "0:2",
        "secondary_spans": [],
        "surface_text": "302 IPC and award of death sentence, remitted the matter to the trial judge for de numbero trial,"
      },
      "fact_type": "material",
      "actor_source": "lower_court",
      "date": null,
      "date_approximate": false,
      "disputed_by": null,
      "court_finding": "accepted",
      "confidence": "high",
      "provenance": {
        "extraction_method": "llm",
        "model_id": "grok-4-1-fast-reasoning",
        "prompt_id": null,
        "run_id": null,
        "temperature": 0.1,
        "timestamp": "2026-02-03T00:07:06.973980"
      }
    },
    {
      "id": "f6",
      "type": "fact",
      "text": "Calcutta High Court set aside the conviction under section 302 IPC and death sentence.",
      "anchor": {
        "doc_id": "sha256:d5d612fbe91c",
        "start_char": 170,
        "end_char": 300,
        "text_hash": "28d63fcbcb9b3b05",
        "display_location": "0:2",
        "secondary_spans": [],
        "surface_text": "after setting aside the companyviction under section 302 IPC and award of death sentence, remitted the matter to the trial judge for de numbero trial,"
      },
      "fact_type": "material",
      "actor_source": "lower_court",
      "date": null,
      "date_approximate": false,
      "disputed_by": null,
      "court_finding": "rejected",
      "confidence": "high",
      "provenance": {
        "extraction_method": "llm",
        "model_id": "grok-4-1-fast-reasoning",
        "prompt_id": null,
        "run_id": null,
        "temperature": 0.1,
        "timestamp": "2026-02-03T00:07:06.973980"
      }
    },
    {
      "id": "f7",
      "type": "fact",
      "text": "Calcutta High Court remitted the matter to the trial judge for de novo trial.",
      "anchor": {
        "doc_id": "sha256:d5d612fbe91c",
        "start_char": 300,
        "end_char": 360,
        "text_hash": "1ded83560fc77b22",
        "display_location": "0:2",
        "secondary_spans": [],
        "surface_text": "remitted the matter to the trial judge for de numbero trial, on a finding that the trial judge has companymitted serious error"
      },
      "fact_type": "procedural",
      "actor_source": "lower_court",
      "date": null,
      "date_approximate": false,
      "disputed_by": null,
      "court_finding": "rejected",
      "confidence": "high",
      "provenance": {
        "extraction_method": "llm",
        "model_id": "grok-4-1-fast-reasoning",
        "prompt_id": null,
        "run_id": null,
        "temperature": 0.1,
        "timestamp": "2026-02-03T00:07:06.973980"
      }
    },
    {
      "id": "f8",
      "type": "fact",
      "text": "Calcutta High Court found that trial judge committed serious error in not mentioning the time and place of occurrence in the charge framed.",
      "anchor": {
        "doc_id": "sha256:d5d612fbe91c",
        "start_char": 360,
        "end_char": 500,
        "text_hash": "b4a64633a0dd23dd",
        "display_location": "0",
        "secondary_spans": [],
        "surface_text": "on a finding that the trial judge has companymitted serious error in number mentioning the time and place of occurrence in the charge framed."
      },
      "fact_type": "material",
      "actor_source": "lower_court",
      "date": null,
      "date_approximate": false,
      "disputed_by": "petitioner",
      "court_finding": "rejected",
      "confidence": "high",
      "provenance": {
        "extraction_method": "llm",
        "model_id": "grok-4-1-fast-reasoning",
        "prompt_id": null,
        "run_id": null,
        "temperature": 0.1,
        "timestamp": "2026-02-03T00:07:06.973980"
      }
    },
    {
      "id": "f9",
      "type": "fact",
      "text": "Additional Solicitor General contended that High Court conclusion is erroneous in law and facts.",
      "anchor": {
        "doc_id": "sha256:d5d612fbe91c",
        "start_char": 550,
        "end_char": 650,
        "text_hash": "02d77cc720674cce",
        "display_location": "0",
        "secondary_spans": [],
        "surface_text": "Learned additional solicitor general companytended before us that the companyclusion on the High Court is erroneous both in law and also on facts."
      },
      "fact_type": "disputed",
      "actor_source": "petitioner",
      "date": null,
      "date_approximate": false,
      "disputed_by": "respondent",
      "court_finding": "accepted",
      "confidence": "high",
      "provenance": {
        "extraction_method": "llm",
        "model_id": "grok-4-1-fast-reasoning",
        "prompt_id": null,
        "run_id": null,
        "temperature": 0.1,
        "timestamp": "2026-02-03T00:07:06.973980"
      }
    },
    {
      "id": "f10",
      "type": "fact",
      "text": "The charge indicates the date and place of the alleged offence with precision.",
      "anchor": {
        "doc_id": "sha256:d5d612fbe91c",
        "start_char": 660,
        "end_char": 780,
        "text_hash": "985d0bcfe7456f11",
        "display_location": "0:4",
        "secondary_spans": [],
        "surface_text": "According to him, factual the charge indicates more or less with precision, the date and place when the allege offence was companymitted"
      },
      "fact_type": "material",
      "actor_source": "petitioner",
      "date": null,
      "date_approximate": false,
      "disputed_by": "respondent",
      "court_finding": "accepted",
      "confidence": "high",
      "provenance": {
        "extraction_method": "llm",
        "model_id": "grok-4-1-fast-reasoning",
        "prompt_id": null,
        "run_id": null,
        "temperature": 0.1,
        "timestamp": "2026-02-03T00:07:06.973980"
      }
    },
    {
      "id": "f11",
      "type": "fact",
      "text": "Accused never made any grievance with regard to the defect in the charge before the sessions judge.",
      "anchor": {
        "doc_id": "sha256:d5d612fbe91c",
        "start_char": 1050,
        "end_char": 1150,
        "text_hash": "0e4d50feb15eb496",
        "display_location": "0",
        "secondary_spans": [],
        "surface_text": "He also stated that the accused has never made any grievance with regard to the defect in the charge before the learned sessions judge."
      },
      "fact_type": "material",
      "actor_source": "petitioner",
      "date": null,
      "date_approximate": false,
      "disputed_by": null,
      "court_finding": "accepted",
      "confidence": "high",
      "provenance": {
        "extraction_method": "llm",
        "model_id": "grok-4-1-fast-reasoning",
        "prompt_id": null,
        "run_id": null,
        "temperature": 0.1,
        "timestamp": "2026-02-03T00:07:06.973980"
      }
    },
    {
      "id": "f12",
      "type": "fact",
      "text": "Counsel for respondents contended that death sentence reference to High Court is continuation of trial, not appeal.",
      "anchor": {
        "doc_id": "sha256:d5d612fbe91c",
        "start_char": 1200,
        "end_char": 1400,
        "text_hash": "6ea3279df23e999f",
        "display_location": "0:7",
        "secondary_spans": [],
        "surface_text": "The learned companynsel for the respondents, on the other hand, companytended that in a case where death sentence has been referred to the High Court for companyfirmation, it should number be treated to be an appeal but in companytinuation of the trial"
      },
      "fact_type": "disputed",
      "actor_source": "respondent",
      "date": null,
      "date_approximate": false,
      "disputed_by": "petitioner",
      "court_finding": "not_decided",
      "confidence": "high",
      "provenance": {
        "extraction_method": "llm",
        "model_id": "grok-4-1-fast-reasoning",
        "prompt_id": null,
        "run_id": null,
        "temperature": 0.1,
        "timestamp": "2026-02-03T00:07:06.973980"
      }
    },
    {
      "id": "f13",
      "type": "fact",
      "text": "Charges framed are shown at pages 5-6 of the paper book.",
      "anchor": {
        "doc_id": "sha256:d5d612fbe91c",
        "start_char": 2450,
        "end_char": 2520,
        "text_hash": "0db8c3121adf2b22",
        "display_location": "0:10",
        "secondary_spans": [],
        "surface_text": "Having regard to the charges framed in this case, as shown at pages 5-6 of the paper book,"
      },
      "fact_type": "admitted",
      "actor_source": "court",
      "date": null,
      "date_approximate": false,
      "disputed_by": null,
      "court_finding": null,
      "confidence": "high",
      "provenance": {
        "extraction_method": "llm",
        "model_id": "grok-4-1-fast-reasoning",
        "prompt_id": null,
        "run_id": null,
        "temperature": 0.1,
        "timestamp": "2026-02-03T00:07:06.973980"
      }
    },
    {
      "id": "f14",
      "type": "fact",
      "text": "Supreme Court holds that High Court erred in setting aside conviction and sentence and remitting for de novo trial.",
      "anchor": {
        "doc_id": "sha256:d5d612fbe91c",
        "start_char": 2520,
        "end_char": 2700,
        "text_hash": "835460e86d07ffb2",
        "display_location": "0",
        "secondary_spans": [],
        "surface_text": "and the impugned judgment of the Calcutta High Court, we have numberhesitation in companying to the companyclusion that the High Court was totally in error in setting aside the companyAction and the sentence awarded by the Sessions Judge"
      },
      "fact_type": "material",
      "actor_source": "court",
      "date": null,
      "date_approximate": false,
      "disputed_by": null,
      "court_finding": null,
      "confidence": "high",
      "provenance": {
        "extraction_method": "llm",
        "model_id": "grok-4-1-fast-reasoning",
        "prompt_id": null,
        "run_id": null,
        "temperature": 0.1,
        "timestamp": "2026-02-03T00:07:06.973980"
      }
    },
    {
      "id": "f15",
      "type": "fact",
      "text": "Supreme Court sets aside the impugned judgment of Calcutta High Court.",
      "anchor": {
        "doc_id": "sha256:d5d612fbe91c",
        "start_char": 2800,
        "end_char": 2870,
        "text_hash": "eb12a42f23fef7ad",
        "display_location": "0:13",
        "secondary_spans": [],
        "surface_text": "We, therefore, set aside the impugned judgment of the Calcutta High Court and remit criminal appeal Nos."
      },
      "fact_type": "procedural",
      "actor_source": "court",
      "date": null,
      "date_approximate": false,
      "disputed_by": null,
      "court_finding": null,
      "confidence": "high",
      "provenance": {
        "extraction_method": "llm",
        "model_id": "grok-4-1-fast-reasoning",
        "prompt_id": null,
        "run_id": null,
        "temperature": 0.1,
        "timestamp": "2026-02-03T00:07:06.973980"
      }
    },
    {
      "id": "f16",
      "type": "fact",
      "text": "Supreme Court remits criminal appeal Nos. 203 and 232 of 1999 to High Court for re-disposal.",
      "anchor": {
        "doc_id": "sha256:d5d612fbe91c",
        "start_char": 2870,
        "end_char": 2980,
        "text_hash": "f29179b7419b28c0",
        "display_location": "0",
        "secondary_spans": [],
        "surface_text": "and remit criminal appeal Nos. 203 and 232 of 1999 to the High Court for re-disposal in accordance with law."
      },
      "fact_type": "procedural",
      "actor_source": "court",
      "date": "1999-01-01",
      "date_approximate": true,
      "disputed_by": null,
      "court_finding": null,
      "confidence": "high",
      "provenance": {
        "extraction_method": "llm",
        "model_id": "grok-4-1-fast-reasoning",
        "prompt_id": null,
        "run_id": null,
        "temperature": 0.1,
        "timestamp": "2026-02-03T00:07:06.973980"
      }
    },
    {
      "id": "f17",
      "type": "fact",
      "text": "This is a case of death reference.",
      "anchor": {
        "doc_id": "sha256:d5d612fbe91c",
        "start_char": 3000,
        "end_char": 3040,
        "text_hash": "428a20794a991a1b",
        "display_location": "0:14",
        "secondary_spans": [],
        "surface_text": "Since it is a case of death reference, the High Court would do well in taking up the case"
      },
      "fact_type": "material",
      "actor_source": "court",
      "date": null,
      "date_approximate": false,
      "disputed_by": null,
      "court_finding": null,
      "confidence": "high",
      "provenance": {
        "extraction_method": "llm",
        "model_id": "grok-4-1-fast-reasoning",
        "prompt_id": null,
        "run_id": null,
        "temperature": 0.1,
        "timestamp": "2026-02-03T00:07:06.973980"
      }
    },
    {
      "id": "f18",
      "type": "fact",
      "text": "High Court should take up the case immediately after the pooja vacation.",
      "anchor": {
        "doc_id": "sha256:d5d612fbe91c",
        "start_char": 3040,
        "end_char": 3100,
        "text_hash": "f8a436e1a9c7372f",
        "display_location": null,
        "secondary_spans": [],
        "surface_text": "the High Court would do well in taking up the case immediately after the pooja vacation."
      },
      "fact_type": "procedural",
      "actor_source": "court",
      "date": null,
      "date_approximate": true,
      "disputed_by": null,
      "court_finding": null,
      "confidence": "high",
      "provenance": {
        "extraction_method": "llm",
        "model_id": "grok-4-1-fast-reasoning",
        "prompt_id": null,
        "run_id": null,
        "temperature": 0.1,
        "timestamp": "2026-02-03T00:07:06.973980"
      }
    },
    {
      "id": "f19",
      "type": "fact",
      "text": "Supreme Court requests Chief Justice of High Court to post the matter before a bench including any judge who passed the impugned order.",
      "anchor": {
        "doc_id": "sha256:d5d612fbe91c",
        "start_char": 3120,
        "end_char": 3250,
        "text_hash": "e3b0c44298fc1c14",
        "display_location": null,
        "secondary_spans": [],
        "surface_text": "We would request the learned Chief Justice of the High Court to post the matter before a bench of which any of the learned judges who have passed the impugned order would number be a member."
      },
      "fact_type": "procedural",
      "actor_source": "court",
      "date": null,
      "date_approximate": false,
      "disputed_by": null,
      "court_finding": null,
      "confidence": "high",
      "provenance": {
        "extraction_method": "llm",
        "model_id": "grok-4-1-fast-reasoning",
        "prompt_id": null,
        "run_id": null,
        "temperature": 0.1,
        "timestamp": "2026-02-03T00:07:06.973980"
      }
    }
  ],
  "concepts": [
    {
      "id": "c1",
      "type": "concept",
      "concept_id": "IPC_S302",
      "anchor": {
        "doc_id": "sha256:d5d612fbe91c",
        "start_char": 208,
        "end_char": 223,
        "text_hash": "c9c54412e428a74a",
        "display_location": "0:2",
        "secondary_spans": [],
        "surface_text": "section 302 IPC"
      },
      "relevance": "central",
      "kind": "statute_section",
      "interpretation": null,
      "interpretation_anchor": null,
      "unlisted_label": null,
      "unlisted_description": null,
      "confidence": "high",
      "provenance": {
        "extraction_method": "llm",
        "model_id": "grok-4-1-fast-reasoning",
        "prompt_id": null,
        "run_id": null,
        "temperature": 0.1,
        "timestamp": "2026-02-03T00:08:03.218499"
      }
    },
    {
      "id": "c2",
      "type": "concept",
      "concept_id": "UNLISTED_CRPC_CHARGE_FRAMING",
      "anchor": {
        "doc_id": "sha256:d5d612fbe91c",
        "start_char": 1602,
        "end_char": 1630,
        "text_hash": "3ad8aa3ce97ba969",
        "display_location": "0:8",
        "secondary_spans": [],
        "surface_text": "Code of Criminal Procedure"
      },
      "relevance": "central",
      "kind": "statute_section",
      "interpretation": "Object is to give clear idea of accusation and essential facts; no interference unless prejudice caused to accused",
      "interpretation_anchor": {
        "doc_id": "sha256:d5d612fbe91c",
        "start_char": 1845,
        "end_char": 2155,
        "text_hash": "c04008c073d17bf1",
        "display_location": "0",
        "secondary_spans": [],
        "surface_text": "really caused any prejudice in the defence of the accused, the appellate companyrt would number be justified in interfering with the companyviction an"
      },
      "unlisted_label": "CrPC Provisions on Framing of Charge",
      "unlisted_description": "Sections governing framing of charges including requirements and effect of defects",
      "confidence": "high",
      "provenance": {
        "extraction_method": "llm",
        "model_id": "grok-4-1-fast-reasoning",
        "prompt_id": null,
        "run_id": null,
        "temperature": 0.1,
        "timestamp": "2026-02-03T00:08:03.218499"
      }
    },
    {
      "id": "c3",
      "type": "concept",
      "concept_id": "UNLISTED_PREJUDICE_TEST_CHARGE",
      "anchor": {
        "doc_id": "sha256:d5d612fbe91c",
        "start_char": 1845,
        "end_char": 2155,
        "text_hash": "c04008c073d17bf1",
        "display_location": "0",
        "secondary_spans": [],
        "surface_text": "Unless and until the charge framed companyld be said to be such that the accused was misled or that such framing of charge has really caused any prejudice in the defence of the accused, the appellate companyrt would number be justified in interfering with the companyviction and sentence on the ground of so called defect in the framing of charge."
      },
      "relevance": "central",
      "kind": "test",
      "interpretation": "Applied to charges in this case; no prejudice hence High Court erred in setting aside conviction and ordering de novo trial",
      "interpretation_anchor": {
        "doc_id": "sha256:d5d612fbe91c",
        "start_char": 2445,
        "end_char": 2705,
        "text_hash": "6824dbb343bfc960",
        "display_location": "0",
        "secondary_spans": [],
        "surface_text": " the sentence awarded by the Sessions Judge and in remitting the matter to the Sessions Judge for de numbero trial. We, therefore, set aside the impug"
      },
      "unlisted_label": "Prejudice Test for Defect in Charge",
      "unlisted_description": "Test whether defect in charge misled accused or caused prejudice to defence",
      "confidence": "high",
      "provenance": {
        "extraction_method": "llm",
        "model_id": "grok-4-1-fast-reasoning",
        "prompt_id": null,
        "run_id": null,
        "temperature": 0.1,
        "timestamp": "2026-02-03T00:08:03.218499"
      }
    },
    {
      "id": "c4",
      "type": "concept",
      "concept_id": "UNLISTED_DEATH_REFERENCE",
      "anchor": {
        "doc_id": "sha256:d5d612fbe91c",
        "start_char": 1280,
        "end_char": 1338,
        "text_hash": "51fe330bd2d44f36",
        "display_location": "0:7",
        "secondary_spans": [],
        "surface_text": "death sentence has been referred to the High Court for companyfirmation"
      },
      "relevance": "supporting",
      "kind": "statute_section",
      "interpretation": "Continuation of trial allowing scrutiny of charge for prejudice; case to be taken up expeditiously",
      "interpretation_anchor": {
        "doc_id": "sha256:d5d612fbe91c",
        "start_char": 2900,
        "end_char": 3100,
        "text_hash": "18b293bb822c4229",
        "display_location": null,
        "secondary_spans": [],
        "surface_text": " Chief Justice of the High Court to post the matter before a bench of which any of the learned judges who have passed the impugned order would number "
      },
      "unlisted_label": "Death Sentence Confirmation Reference",
      "unlisted_description": "Reference under CrPC for confirmation of death sentence by High Court",
      "confidence": "high",
      "provenance": {
        "extraction_method": "llm",
        "model_id": "grok-4-1-fast-reasoning",
        "prompt_id": null,
        "run_id": null,
        "temperature": 0.1,
        "timestamp": "2026-02-03T00:08:03.218499"
      }
    },
    {
      "id": "c5",
      "type": "concept",
      "concept_id": "UNLISTED_DEATH_REFERENCE",
      "anchor": {
        "doc_id": "sha256:d5d612fbe91c",
        "start_char": 2900,
        "end_char": 2916,
        "text_hash": "0227e07617a69dac",
        "display_location": "0:14",
        "secondary_spans": [],
        "surface_text": "death reference"
      },
      "relevance": "supporting",
      "kind": "statute_section",
      "interpretation": null,
      "interpretation_anchor": null,
      "unlisted_label": "Death Sentence Confirmation Reference",
      "unlisted_description": "Reference under CrPC for confirmation of death sentence by High Court",
      "confidence": "high",
      "provenance": {
        "extraction_method": "llm",
        "model_id": "grok-4-1-fast-reasoning",
        "prompt_id": null,
        "run_id": null,
        "temperature": 0.1,
        "timestamp": "2026-02-03T00:08:03.218499"
      }
    }
  ],
  "issues": [
    {
      "id": "i1",
      "type": "issue",
      "text": "whether such charge could really prejudice the accused or not",
      "anchor": {
        "doc_id": "sha256:d5d612fbe91c",
        "start_char": 1280,
        "end_char": 1601,
        "text_hash": "651147308d4b878b",
        "display_location": "0",
        "secondary_spans": [],
        "surface_text": "The learned companynsel for the respondents, on the other hand, companytended that in a case where death sentence has been referred to the High Court for companyfirmation, it should number be treated to be an appeal but in companytinuation of the trial and, therefore, the appellate companyrt would be justified in looking into the charge framed and find out whether such charge companyld really prejudice the accused or number."
      },
      "issue_number": null,
      "framed_by": "respondent",
      "primary_concepts": [
        "c2",
        "c3",
        "c4",
        "c5"
      ],
      "answer": "no",
      "confidence": "high",
      "provenance": {
        "extraction_method": "llm",
        "model_id": "grok-4-1-fast-reasoning",
        "prompt_id": null,
        "run_id": null,
        "temperature": 0.1,
        "timestamp": "2026-02-03T00:09:13.230265"
      }
    },
    {
      "id": "i2",
      "type": "issue",
      "text": "Unless and until the charge framed could be said to be such that the accused was misled or that such framing of charge has really caused any prejudice in the defence of the accused, the appellate court would not be justified in interfering with the conviction and sentence on the ground of so called defect in the framing of charge",
      "anchor": {
        "doc_id": "sha256:d5d612fbe91c",
        "start_char": 1845,
        "end_char": 2155,
        "text_hash": "c04008c073d17bf1",
        "display_location": "0",
        "secondary_spans": [],
        "surface_text": "Unless and until the charge framed companyld be said to be such that the accused was misled or that such framing of charge has really caused any prejudice in the defence of the accused, the appellate companyrt would number be justified in interfering with the companyviction and sentence on the ground of so called defect in the framing of charge."
      },
      "issue_number": null,
      "framed_by": "court",
      "primary_concepts": [
        "c1",
        "c2",
        "c3"
      ],
      "answer": "no",
      "confidence": "high",
      "provenance": {
        "extraction_method": "llm",
        "model_id": "grok-4-1-fast-reasoning",
        "prompt_id": null,
        "run_id": null,
        "temperature": 0.1,
        "timestamp": "2026-02-03T00:09:13.230265"
      }
    },
    {
      "id": "i3",
      "type": "issue",
      "text": "whether the conclusion of the High Court is erroneous both in law and also on facts",
      "anchor": {
        "doc_id": "sha256:d5d612fbe91c",
        "start_char": 370,
        "end_char": 450,
        "text_hash": "97b4d8295f394d0f",
        "display_location": "0:2",
        "secondary_spans": [],
        "surface_text": "Learned additional solicitor general companytended before us that the companyclusion on the High Court is erroneous both in law and also on facts."
      },
      "issue_number": null,
      "framed_by": "petitioner",
      "primary_concepts": [
        "c1",
        "c2"
      ],
      "answer": "yes",
      "confidence": "high",
      "provenance": {
        "extraction_method": "llm",
        "model_id": "grok-4-1-fast-reasoning",
        "prompt_id": null,
        "run_id": null,
        "temperature": 0.1,
        "timestamp": "2026-02-03T00:09:13.230265"
      }
    }
  ],
  "arguments": [
    {
      "id": "a1",
      "type": "argument",
      "claim": "the conclusion of the High Court is erroneous both in law and also on facts",
      "anchor": {
        "doc_id": "sha256:d5d612fbe91c",
        "start_char": 549,
        "end_char": 649,
        "text_hash": "6fcfefc1924e19a5",
        "display_location": "0",
        "secondary_spans": [],
        "surface_text": "Learned additional solicitor general contended before us that the conclusion on the High Court is erroneous both in law and also on facts."
      },
      "actor": "petitioner",
      "schemes": [
        "other"
      ],
      "qualifiers": null,
      "court_response": "accepted",
      "court_response_anchor": {
        "doc_id": "sha256:d5d612fbe91c",
        "start_char": 2445,
        "end_char": 2705,
        "text_hash": "6824dbb343bfc960",
        "display_location": "0",
        "secondary_spans": [],
        "surface_text": " the sentence awarded by the Sessions Judge and in remitting the matter to the Sessions Judge for de numbero trial. We, therefore, set aside the impug"
      },
      "court_reasoning": "Court applied prejudice test and found High Court erred in interfering",
      "confidence": "high",
      "provenance": {
        "extraction_method": "llm",
        "model_id": "grok-4-1-fast-reasoning",
        "prompt_id": null,
        "run_id": null,
        "temperature": 0.1,
        "timestamp": "2026-02-03T00:09:45.684023"
      }
    },
    {
      "id": "a2",
      "type": "argument",
      "claim": "the charge indicates more or less with precision, the date and place when the alleged offence was committed",
      "anchor": {
        "doc_id": "sha256:d5d612fbe91c",
        "start_char": 660,
        "end_char": 780,
        "text_hash": "985d0bcfe7456f11",
        "display_location": "0:4",
        "secondary_spans": [],
        "surface_text": "According to him, factually the charge indicates more or less with precision, the date and place when the allege offence was committed"
      },
      "actor": "petitioner",
      "schemes": [
        "evidence_sufficiency"
      ],
      "qualifiers": null,
      "court_response": "accepted",
      "court_response_anchor": {
        "doc_id": "sha256:d5d612fbe91c",
        "start_char": 2450,
        "end_char": 2700,
        "text_hash": "e289743b0d32b4a8",
        "display_location": "0",
        "secondary_spans": [],
        "surface_text": "sentence awarded by the Sessions Judge and in remitting the matter to the Sessions Judge for de numbero trial. We, therefore, set aside the impugned j"
      },
      "court_reasoning": "Court examined charges at pages 5-6 and found no defect warranting interference",
      "confidence": "high",
      "provenance": {
        "extraction_method": "llm",
        "model_id": "grok-4-1-fast-reasoning",
        "prompt_id": null,
        "run_id": null,
        "temperature": 0.1,
        "timestamp": "2026-02-03T00:09:45.684023"
      }
    },
    {
      "id": "a3",
      "type": "argument",
      "claim": "in view of the law laid down by the Court in Chittaranjan Das v. State of West Bengal, the conclusion of the High Court must be held to be erroneous",
      "anchor": {
        "doc_id": "sha256:d5d612fbe91c",
        "start_char": 781,
        "end_char": 950,
        "text_hash": "4d51e3edf8b9c6c5",
        "display_location": "0",
        "secondary_spans": [],
        "surface_text": "and further contends that in view of the law laid down by the Court in Chittaranjan Das v. State of West Bengal 1 , the conclusion of the High Court must be held to be erroneous."
      },
      "actor": "petitioner",
      "schemes": [
        "precedent_following"
      ],
      "qualifiers": null,
      "court_response": "accepted",
      "court_response_anchor": {
        "doc_id": "sha256:d5d612fbe91c",
        "start_char": 2156,
        "end_char": 2250,
        "text_hash": "a6e8a1f1eae33442",
        "display_location": "0:10",
        "secondary_spans": [],
        "surface_text": "rs, Having regard to the charges framed in this case, as shown at pages 5-6 of the paper book,"
      },
      "court_reasoning": "Court stated the decision relied upon by A.S.G. squarely supports this conclusion",
      "confidence": "high",
      "provenance": {
        "extraction_method": "llm",
        "model_id": "grok-4-1-fast-reasoning",
        "prompt_id": null,
        "run_id": null,
        "temperature": 0.1,
        "timestamp": "2026-02-03T00:09:45.684023"
      }
    },
    {
      "id": "a4",
      "type": "argument",
      "claim": "the accused has never made any grievance with regard to the defect in the charge before the learned sessions judge",
      "anchor": {
        "doc_id": "sha256:d5d612fbe91c",
        "start_char": 1050,
        "end_char": 1150,
        "text_hash": "0e4d50feb15eb496",
        "display_location": "0",
        "secondary_spans": [],
        "surface_text": "He also stated that the accused has never made any grievance with regard to the defect in the charge before the learned sessions judge."
      },
      "actor": "petitioner",
      "schemes": [
        "procedural"
      ],
      "qualifiers": null,
      "court_response": "not_addressed",
      "court_response_anchor": null,
      "court_reasoning": null,
      "confidence": "high",
      "provenance": {
        "extraction_method": "llm",
        "model_id": "grok-4-1-fast-reasoning",
        "prompt_id": null,
        "run_id": null,
        "temperature": 0.1,
        "timestamp": "2026-02-03T00:09:45.684023"
      }
    },
    {
      "id": "a5",
      "type": "argument",
      "claim": "in a case where death sentence has been referred to the High Court for confirmation, it should not be treated to be an appeal but in continuation of the trial and, therefore, the appellate court would be justified in looking into the charge framed and find out whether such charge could really prejudice the accused or not",
      "anchor": {
        "doc_id": "sha256:d5d612fbe91c",
        "start_char": 1280,
        "end_char": 1601,
        "text_hash": "651147308d4b878b",
        "display_location": "0",
        "secondary_spans": [],
        "surface_text": "The learned counsel for the respondents, on the other hand, contended that in a case where death sentence has been referred to the High Court for confirmation, it should not be treated to be an appeal but in continuation of the trial and, therefore, the appellate court would be justified in looking into the charge framed and find out whether such charge could really prejudice the accused or not."
      },
      "actor": "respondent",
      "schemes": [
        "rule_application",
        "procedural"
      ],
      "qualifiers": null,
      "court_response": "partly_accepted",
      "court_response_anchor": {
        "doc_id": "sha256:d5d612fbe91c",
        "start_char": 2900,
        "end_char": 3100,
        "text_hash": "18b293bb822c4229",
        "display_location": null,
        "secondary_spans": [],
        "surface_text": " Chief Justice of the High Court to post the matter before a bench of which any of the learned judges who have passed the impugned order would number "
      },
      "court_reasoning": "Court recognized it as death reference case warranting expeditious hearing but found no prejudice",
      "confidence": "high",
      "provenance": {
        "extraction_method": "llm",
        "model_id": "grok-4-1-fast-reasoning",
        "prompt_id": null,
        "run_id": null,
        "temperature": 0.1,
        "timestamp": "2026-02-03T00:09:45.684023"
      }
    },
    {
      "id": "a6",
      "type": "argument",
      "claim": "The object of framing a charge as engrafted in the Code of Criminal Procedure is to give a clear idea of what the accused is being tried for and what are the essential facts he is required to meet in the trial",
      "anchor": {
        "doc_id": "sha256:d5d612fbe91c",
        "start_char": 1602,
        "end_char": 1844,
        "text_hash": "27d70306235c9dcc",
        "display_location": "0",
        "secondary_spans": [],
        "surface_text": "The object of framing a charge as engrafted in the Code of Criminal Procedure is to give a clear idea of what the accused is being tried for and what are the essential facts he is required to meet in the trial."
      },
      "actor": "court",
      "schemes": [
        "textual",
        "purposive"
      ],
      "qualifiers": null,
      "court_response": null,
      "court_response_anchor": null,
      "court_reasoning": null,
      "confidence": "high",
      "provenance": {
        "extraction_method": "llm",
        "model_id": "grok-4-1-fast-reasoning",
        "prompt_id": null,
        "run_id": null,
        "temperature": 0.1,
        "timestamp": "2026-02-03T00:09:45.684023"
      }
    },
    {
      "id": "a7",
      "type": "argument",
      "claim": "Unless and until the charge framed could be said to be such that the accused was misled or that such framing of charge has really caused any prejudice in the defence of the accused, the appellate court would not be justified in interfering with the conviction and sentence on the ground of so called defect in the framing of charge",
      "anchor": {
        "doc_id": "sha256:d5d612fbe91c",
        "start_char": 1845,
        "end_char": 2155,
        "text_hash": "c04008c073d17bf1",
        "display_location": "0",
        "secondary_spans": [],
        "surface_text": "Unless and until the charge framed could be said to be such that the accused was misled or that such framing of charge has really caused any prejudice in the defence of the accused, the appellate court would not be justified in interfering with the conviction and sentence on the ground of so called defect in the framing of charge."
      },
      "actor": "court",
      "schemes": [
        "rule_application"
      ],
      "qualifiers": null,
      "court_response": null,
      "court_response_anchor": null,
      "court_reasoning": null,
      "confidence": "high",
      "provenance": {
        "extraction_method": "llm",
        "model_id": "grok-4-1-fast-reasoning",
        "prompt_id": null,
        "run_id": null,
        "temperature": 0.1,
        "timestamp": "2026-02-03T00:09:45.684023"
      }
    },
    {
      "id": "a8",
      "type": "argument",
      "claim": "The decision relied upon by the learned A.S.G. squarely supports this conclusion of ours",
      "anchor": {
        "doc_id": "sha256:d5d612fbe91c",
        "start_char": 2156,
        "end_char": 2250,
        "text_hash": "a6e8a1f1eae33442",
        "display_location": "0:10",
        "secondary_spans": [],
        "surface_text": "The decision relied upon by the learned A.S.G. squarely supports this conclusion of ours,"
      },
      "actor": "court",
      "schemes": [
        "precedent_following"
      ],
      "qualifiers": null,
      "court_response": null,
      "court_response_anchor": null,
      "court_reasoning": null,
      "confidence": "high",
      "provenance": {
        "extraction_method": "llm",
        "model_id": "grok-4-1-fast-reasoning",
        "prompt_id": null,
        "run_id": null,
        "temperature": 0.1,
        "timestamp": "2026-02-03T00:09:45.684023"
      }
    },
    {
      "id": "a9",
      "type": "argument",
      "claim": "the High Court was totally in error in setting aside the conviction and the sentence awarded by the Sessions Judge and in remitting the matter to the Sessions Judge for de novo trial",
      "anchor": {
        "doc_id": "sha256:d5d612fbe91c",
        "start_char": 2445,
        "end_char": 2705,
        "text_hash": "6824dbb343bfc960",
        "display_location": "0",
        "secondary_spans": [],
        "surface_text": "Having regard to the charges framed in this case, as shown at pages 5-6 of the paper book, and the impugned judgment of the Calcutta High Court, we have no hesitation in coming to the conclusion that the High Court was totally in error in setting aside the conviction and the sentence awarded by the Sessions Judge and in remitting the matter to the Sessions Judge for de novo trial."
      },
      "actor": "court",
      "schemes": [
        "rule_application",
        "evidence_sufficiency"
      ],
      "qualifiers": null,
      "court_response": null,
      "court_response_anchor": null,
      "court_reasoning": null,
      "confidence": "high",
      "provenance": {
        "extraction_method": "llm",
        "model_id": "grok-4-1-fast-reasoning",
        "prompt_id": null,
        "run_id": null,
        "temperature": 0.1,
        "timestamp": "2026-02-03T00:09:45.684023"
      }
    }
  ],
  "holdings": [
    {
      "id": "h1",
      "type": "holding",
      "text": "Unless and until the charge framed could be said to be such that the accused was misled or that such framing of charge has really caused any prejudice in the defence of the accused, the appellate court would not be justified in interfering with the conviction and sentence on the ground of so called defect in the framing of charge.",
      "anchor": {
        "doc_id": "sha256:d5d612fbe91c",
        "start_char": 1845,
        "end_char": 2155,
        "text_hash": "c04008c073d17bf1",
        "display_location": "0",
        "secondary_spans": [],
        "surface_text": "Unless and until the charge framed companyld be said to be such that the accused was misled or that such framing of charge has really caused any prejudice in the defence of the accused, the appellate companyrt would number be justified in interfering with the companyviction and sentence on the ground of so called defect in the framing of charge."
      },
      "resolves_issue": "i2",
      "is_ratio": true,
      "novel": false,
      "reasoning_summary": "Object of framing charge under Code of Criminal Procedure is to give accused clear idea of accusation and essential facts required to meet; interference warranted only upon showing of actual misleading or prejudice to defence.",
      "schemes": [
        "rule_application",
        "textual",
        "purposive"
      ],
      "confidence": "high",
      "provenance": {
        "extraction_method": "llm",
        "model_id": "grok-4-1-fast-reasoning",
        "prompt_id": null,
        "run_id": null,
        "temperature": 0.1,
        "timestamp": "2026-02-03T00:10:32.554856"
      }
    },
    {
      "id": "h2",
      "type": "holding",
      "text": "The decision relied upon by the learned A.S.G. squarely supports this conclusion of ours",
      "anchor": {
        "doc_id": "sha256:d5d612fbe91c",
        "start_char": 2156,
        "end_char": 2250,
        "text_hash": "a6e8a1f1eae33442",
        "display_location": "0:10",
        "secondary_spans": [],
        "surface_text": "The decision relied upon by the learned A.S.G. squarely supports this conclusion of ours,"
      },
      "resolves_issue": null,
      "is_ratio": true,
      "novel": false,
      "reasoning_summary": "Chittaranjan Das v. State of West Bengal lays down identical principle regarding non-interference absent prejudice from charge defects.",
      "schemes": [
        "precedent_following"
      ],
      "confidence": "high",
      "provenance": {
        "extraction_method": "llm",
        "model_id": "grok-4-1-fast-reasoning",
        "prompt_id": null,
        "run_id": null,
        "temperature": 0.1,
        "timestamp": "2026-02-03T00:10:32.554856"
      }
    },
    {
      "id": "h3",
      "type": "holding",
      "text": "the High Court was totally in error in setting aside the conviction and the sentence awarded by the Sessions Judge and in remitting the matter to the Sessions Judge for de novo trial",
      "anchor": {
        "doc_id": "sha256:d5d612fbe91c",
        "start_char": 2520,
        "end_char": 2700,
        "text_hash": "835460e86d07ffb2",
        "display_location": "0",
        "secondary_spans": [],
        "surface_text": "Having regard to the charges framed in this case, as shown at pages 5-6 of the paper book, and the impugned judgment of the Calcutta High Court, we have numberhesitation in companying to the companyclusion that the High Court was totally in error in setting aside the companyAction and the sentence awarded by the Sessions Judge"
      },
      "resolves_issue": "i3",
      "is_ratio": true,
      "novel": false,
      "reasoning_summary": "Charges at pages 5-6 of paper book specify date and place with sufficient precision; no misleading or prejudice to accused demonstrated; prejudice test not satisfied justifying High Court interference.",
      "schemes": [
        "rule_application",
        "precedent_following",
        "evidence_sufficiency"
      ],
      "confidence": "high",
      "provenance": {
        "extraction_method": "llm",
        "model_id": "grok-4-1-fast-reasoning",
        "prompt_id": null,
        "run_id": null,
        "temperature": 0.1,
        "timestamp": "2026-02-03T00:10:32.554856"
      }
    },
    {
      "id": "h4",
      "type": "holding",
      "text": "Having regard to the charges framed in this case, as shown at pages 5-6 of the paper book, and the impugned judgment of the Calcutta High Court, we have no hesitation in coming to the conclusion that the High Court was totally in error in setting aside the conviction and the sentence awarded by the Sessions Judge and in remitting the matter to the Sessions Judge for de novo trial",
      "anchor": {
        "doc_id": "sha256:d5d612fbe91c",
        "start_char": 2445,
        "end_char": 2705,
        "text_hash": "6824dbb343bfc960",
        "display_location": "0",
        "secondary_spans": [],
        "surface_text": "Having regard to the charges framed in this case, as shown at pages 5-6 of the paper book, and the impugned judgment of the Calcutta High Court, we have numberhesitation in companying to the companyclusion that the High Court was totally in error in setting aside the companyAction and the sentence awarded by the Sessions Judge and in remitting the matter to the Sessions Judge for de numbero trial."
      },
      "resolves_issue": "i1",
      "is_ratio": true,
      "novel": false,
      "reasoning_summary": "Direct examination of charges confirms adequacy; application of prejudice test in death reference context shows no real prejudice to accused warranting de novo trial.",
      "schemes": [
        "rule_application",
        "precedent_following",
        "evidence_sufficiency"
      ],
      "confidence": "high",
      "provenance": {
        "extraction_method": "llm",
        "model_id": "grok-4-1-fast-reasoning",
        "prompt_id": null,
        "run_id": null,
        "temperature": 0.1,
        "timestamp": "2026-02-03T00:10:32.554856"
      }
    }
  ],
  "precedents": [
    {
      "id": "p1",
      "type": "precedent",
      "citation": "Chittaranjan Das v. State of West Bengal  1",
      "anchor": {
        "doc_id": "sha256:d5d612fbe91c",
        "start_char": 862,
        "end_char": 904,
        "text_hash": "aa862f80027a5f44",
        "display_location": "0:5",
        "secondary_spans": [],
        "surface_text": "in view of the law laid down by the Court in Chittaranjan Das v. State of West Bengal  1 , the companyclusion of the High Court must be held to be erroneous. He also stated that the accused has never made any grievance with regard to the defect in the charge before the learned sessions judge."
      },
      "case_name": "Chittaranjan Das v. State of West Bengal",
      "case_year": null,
      "cited_case_id": null,
      "cited_proposition": "Defect in framing of charge does not warrant interference by appellate court unless it caused prejudice to the accused or misled the accused",
      "cited_holding": null,
      "treatment": "followed",
      "relevance": "central",
      "confidence": "high",
      "provenance": {
        "extraction_method": "llm",
        "model_id": "grok-4-1-fast-reasoning",
        "prompt_id": null,
        "run_id": null,
        "temperature": 0.1,
        "timestamp": "2026-02-03T00:11:25.404464"
      }
    }
  ],
  "justification_sets": [
    {
      "id": "js1",
      "type": "justification_set",
      "target_id": "h1",
      "logic": "and",
      "label": "Prejudice Test for Defect in Charge support",
      "is_primary": true,
      "confidence": "high",
      "provenance": null
    },
    {
      "id": "js2",
      "type": "justification_set",
      "target_id": "h2",
      "logic": "and",
      "label": "Natural Justice - Audi Alteram Partem support",
      "is_primary": true,
      "confidence": "high",
      "provenance": null
    },
    {
      "id": "js3",
      "type": "justification_set",
      "target_id": "h3",
      "logic": "and",
      "label": "CrPC Provisions on Framing of Charge support",
      "is_primary": true,
      "confidence": "high",
      "provenance": null
    },
    {
      "id": "js4",
      "type": "justification_set",
      "target_id": "h4",
      "logic": "and",
      "label": "Prejudice Test for Defect in Charge support",
      "is_primary": true,
      "confidence": "high",
      "provenance": null
    }
  ],
  "outcome": {
    "id": "outcome",
    "type": "outcome",
    "disposition": "set_aside",
    "anchor": {
      "doc_id": "sha256:d5d612fbe91c",
      "start_char": 2105,
      "end_char": 2286,
      "text_hash": "a6b61b54dd2bc142",
      "display_location": "0:10",
      "secondary_spans": [],
      "surface_text": "We, therefore, set aside the impugned judgment of the Calcutta High Court and remit criminal appeal Nos. 203 and 232 of 1999 to the High Court for re-disposal in accordance with law."
    },
    "binary": "accepted",
    "relief_summary": "Impugned judgment of Calcutta High Court set aside and criminal appeal Nos. 203 and 232 of 1999 remitted to High Court for re-disposal in accordance with law",
    "costs": null,
    "directions": [
      "Since it is a case of death reference, the High Court would do well in taking up the case immediately after the pooja vacation.",
      "We would request the learned Chief Justice of the High Court to post the matter before a bench of which any of the learned judges who have passed the impugned order would number be a member."
    ],
    "provenance": {
      "extraction_method": "llm",
      "model_id": "grok-4-1-fast-reasoning",
      "prompt_id": null,
      "run_id": null,
      "temperature": 0.1,
      "timestamp": "2026-02-03T00:12:31.452709"
    }
  },
  "edges": [
    {
      "id": "e_b7f5fc38_4",
      "source": "a1",
      "target": "c3",
      "relation": "supports",
      "anchor": null,
      "explanation": "Argument that High Court erred and prejudice test applied supports the concept application finding no prejudice",
      "confidence": "inferred",
      "strength": "moderate",
      "support_group_ids": [],
      "is_critical": false,
      "provenance": {
        "extraction_method": "llm",
        "model_id": "grok-4-1-fast-reasoning",
        "prompt_id": null,
        "run_id": null,
        "temperature": 0.1,
        "timestamp": "2026-02-03T00:15:49.141638"
      }
    },
    {
      "id": "e_b7f5fc38_3",
      "source": "a2",
      "target": "c3",
      "relation": "supports",
      "anchor": null,
      "explanation": "Examination of charges at pages 5-6 showing precision in date/place supports finding of no prejudice",
      "confidence": "inferred",
      "strength": "moderate",
      "support_group_ids": [],
      "is_critical": true,
      "provenance": {
        "extraction_method": "llm",
        "model_id": "grok-4-1-fast-reasoning",
        "prompt_id": null,
        "run_id": null,
        "temperature": 0.1,
        "timestamp": "2026-02-03T00:15:49.141638"
      }
    },
    {
      "id": "e_621fcc76_6",
      "source": "a5",
      "target": "c4",
      "relation": "supports",
      "anchor": {
        "doc_id": "sha256:d5d612fbe91c",
        "start_char": 1280,
        "end_char": 1338,
        "text_hash": "51fe330bd2d44f36",
        "display_location": "0:7",
        "secondary_spans": [],
        "surface_text": " be an appeal but in companytinuation of the trial and, th"
      },
      "explanation": "Argument that death reference is continuation of trial establishes the concept description including continuation and scrutiny [REPAIRED: establishes->supports]",
      "confidence": "inferred",
      "strength": "strong",
      "support_group_ids": [],
      "is_critical": true,
      "provenance": {
        "extraction_method": "llm",
        "model_id": "grok-4-1-fast-reasoning",
        "prompt_id": null,
        "run_id": null,
        "temperature": 0.1,
        "timestamp": "2026-02-03T00:16:32.769319"
      }
    },
    {
      "id": "e_621fcc76_7",
      "source": "a5",
      "target": "i1",
      "relation": "addresses",
      "anchor": {
        "doc_id": "sha256:d5d612fbe91c",
        "start_char": 1280,
        "end_char": 1601,
        "text_hash": "651147308d4b878b",
        "display_location": "0",
        "secondary_spans": [],
        "surface_text": " be an appeal but in companytinuation of the trial and, therefore, the appellate companyrt would be justified in looking into the charge framed and fi"
      },
      "explanation": "Argument on continuation of trial triggers the issue of whether charge prejudices the accused [REPAIRED: triggers->addresses]",
      "confidence": "inferred",
      "strength": "moderate",
      "support_group_ids": [],
      "is_critical": false,
      "provenance": {
        "extraction_method": "llm",
        "model_id": "grok-4-1-fast-reasoning",
        "prompt_id": null,
        "run_id": null,
        "temperature": 0.1,
        "timestamp": "2026-02-03T00:16:32.769319"
      }
    },
    {
      "id": "e_214ff103_3",
      "source": "a6",
      "target": "c2",
      "relation": "supports",
      "anchor": {
        "doc_id": "sha256:d5d612fbe91c",
        "start_char": 1602,
        "end_char": 1844,
        "text_hash": "27d70306235c9dcc",
        "display_location": "0",
        "secondary_spans": [],
        "surface_text": "r idea of what the accused is being tried for and what are the essential facts he is required to meet in the trial. Unless and until the charge framed"
      },
      "explanation": "Argument detailing the object of framing charges under CrPC establishes the concept's content. [REPAIRED: establishes->supports]",
      "confidence": "inferred",
      "strength": "strong",
      "support_group_ids": [],
      "is_critical": false,
      "provenance": {
        "extraction_method": "llm",
        "model_id": "grok-4-1-fast-reasoning",
        "prompt_id": null,
        "run_id": null,
        "temperature": 0.1,
        "timestamp": "2026-02-03T00:15:06.506067"
      }
    },
    {
      "id": "e_214ff103_4",
      "source": "a6",
      "target": "h1",
      "relation": "grounds",
      "anchor": {
        "doc_id": "sha256:d5d612fbe91c",
        "start_char": 1602,
        "end_char": 2155,
        "text_hash": "c2c8055ae7c319f6",
        "display_location": "0",
        "secondary_spans": [],
        "surface_text": "r idea of what the accused is being tried for and what are the essential facts he is required to meet in the trial. Unless and until the charge framed"
      },
      "explanation": "Argument on purpose of charge framing grounds the holding requiring prejudice for interference.",
      "confidence": "high",
      "strength": "strong",
      "support_group_ids": [
        "js1"
      ],
      "is_critical": true,
      "provenance": {
        "extraction_method": "llm",
        "model_id": "grok-4-1-fast-reasoning",
        "prompt_id": null,
        "run_id": null,
        "temperature": 0.1,
        "timestamp": "2026-02-03T00:15:06.506067"
      }
    },
    {
      "id": "e_214ff103_5",
      "source": "a7",
      "target": "h1",
      "relation": "supports",
      "anchor": {
        "doc_id": "sha256:d5d612fbe91c",
        "start_char": 1845,
        "end_char": 2155,
        "text_hash": "c04008c073d17bf1",
        "display_location": "0",
        "secondary_spans": [],
        "surface_text": "really caused any prejudice in the defence of the accused, the appellate companyrt would number be justified in interfering with the companyviction an"
      },
      "explanation": "Argument on prejudice condition directly supports the identical holding text.",
      "confidence": "high",
      "strength": "moderate",
      "support_group_ids": [
        "js1"
      ],
      "is_critical": false,
      "provenance": {
        "extraction_method": "llm",
        "model_id": "grok-4-1-fast-reasoning",
        "prompt_id": null,
        "run_id": null,
        "temperature": 0.1,
        "timestamp": "2026-02-03T00:15:06.506067"
      }
    },
    {
      "id": "e_5974978e_2",
      "source": "a8",
      "target": "h2",
      "relation": "supports",
      "anchor": {
        "doc_id": "sha256:d5d612fbe91c",
        "start_char": 2156,
        "end_char": 2250,
        "text_hash": "a6e8a1f1eae33442",
        "display_location": "0:10",
        "secondary_spans": [],
        "surface_text": "rs, Having regard to the charges framed in this case, as shown at pages 5-6 of the paper book,"
      },
      "explanation": "Identical text and character offsets indicate the argument a8 supports the holding h2 regarding reliance on a decision to back the conclusion.",
      "confidence": "high",
      "strength": "strong",
      "support_group_ids": [
        "js2"
      ],
      "is_critical": true,
      "provenance": {
        "extraction_method": "llm",
        "model_id": "grok-4-1-fast-reasoning",
        "prompt_id": null,
        "run_id": null,
        "temperature": 0.1,
        "timestamp": "2026-02-03T00:13:56.569824"
      }
    },
    {
      "id": "e_214ff103_6",
      "source": "c2",
      "target": "h4",
      "relation": "grounds",
      "anchor": {
        "doc_id": "sha256:d5d612fbe91c",
        "start_char": 2445,
        "end_char": 2705,
        "text_hash": "6824dbb343bfc960",
        "display_location": "0",
        "secondary_spans": [],
        "surface_text": " the sentence awarded by the Sessions Judge and in remitting the matter to the Sessions Judge for de numbero trial. We, therefore, set aside the impug"
      },
      "explanation": "Charge framing concept is applied when holding regards the specific charges framed in the case. [REPAIRED: applies->grounds]",
      "confidence": "inferred",
      "strength": "strong",
      "support_group_ids": [
        "js4"
      ],
      "is_critical": true,
      "provenance": {
        "extraction_method": "llm",
        "model_id": "grok-4-1-fast-reasoning",
        "prompt_id": null,
        "run_id": null,
        "temperature": 0.1,
        "timestamp": "2026-02-03T00:15:06.506067"
      }
    },
    {
      "id": "e_214ff103_2",
      "source": "c2",
      "target": "i1",
      "relation": "addresses",
      "anchor": {
        "doc_id": "sha256:d5d612fbe91c",
        "start_char": 1602,
        "end_char": 1630,
        "text_hash": "3ad8aa3ce97ba969",
        "display_location": "0:8",
        "secondary_spans": [],
        "surface_text": "r idea of what the accused i"
      },
      "explanation": "Concept directly addresses the issue of whether the charge prejudices the accused by stating no interference unless prejudice caused.",
      "confidence": "high",
      "strength": "strong",
      "support_group_ids": [],
      "is_critical": true,
      "provenance": {
        "extraction_method": "llm",
        "model_id": "grok-4-1-fast-reasoning",
        "prompt_id": null,
        "run_id": null,
        "temperature": 0.1,
        "timestamp": "2026-02-03T00:15:06.506067"
      }
    },
    {
      "id": "e_621fcc76_8",
      "source": "c4",
      "target": "i1",
      "relation": "requires",
      "anchor": {
        "doc_id": "sha256:d5d612fbe91c",
        "start_char": 1280,
        "end_char": 1338,
        "text_hash": "51fe330bd2d44f36",
        "display_location": "0:7",
        "secondary_spans": [],
        "surface_text": " be an appeal but in companytinuation of the trial and, th"
      },
      "explanation": "Concept of death reference as continuation of trial enabling scrutiny of charge for prejudice directly enables the prejudice issue [REPAIRED: enables->requires]",
      "confidence": "inferred",
      "strength": "strong",
      "support_group_ids": [],
      "is_critical": true,
      "provenance": {
        "extraction_method": "llm",
        "model_id": "grok-4-1-fast-reasoning",
        "prompt_id": null,
        "run_id": null,
        "temperature": 0.1,
        "timestamp": "2026-02-03T00:16:32.769319"
      }
    },
    {
      "id": "e_5974978e_1",
      "source": "f11",
      "target": "a4",
      "relation": "grounds",
      "anchor": {
        "doc_id": "sha256:d5d612fbe91c",
        "start_char": 1050,
        "end_char": 1150,
        "text_hash": "0e4d50feb15eb496",
        "display_location": "0",
        "secondary_spans": [],
        "surface_text": "the learned sessions judge. The learned companynsel for the respondents, on the other hand, companyt"
      },
      "explanation": "Identical text and character offsets show the fact f11 directly grounds the argument a4 about no grievance raised before sessions judge, relevant as potential deflater for audi alteram partem claim.",
      "confidence": "high",
      "strength": "strong",
      "support_group_ids": [],
      "is_critical": true,
      "provenance": {
        "extraction_method": "llm",
        "model_id": "grok-4-1-fast-reasoning",
        "prompt_id": null,
        "run_id": null,
        "temperature": 0.1,
        "timestamp": "2026-02-03T00:13:56.569824"
      }
    },
    {
      "id": "e_621fcc76_4",
      "source": "f12",
      "target": "a5",
      "relation": "supports",
      "anchor": {
        "doc_id": "sha256:d5d612fbe91c",
        "start_char": 1280,
        "end_char": 1400,
        "text_hash": "ec773c0beaeac578",
        "display_location": "0:7",
        "secondary_spans": [],
        "surface_text": " be an appeal but in companytinuation of the trial and, therefore, the appellate companyrt would be justified in looking"
      },
      "explanation": "Counsel for respondents contended that death sentence reference is continuation of trial, supporting the argument text",
      "confidence": "high",
      "strength": "strong",
      "support_group_ids": [],
      "is_critical": true,
      "provenance": {
        "extraction_method": "llm",
        "model_id": "grok-4-1-fast-reasoning",
        "prompt_id": null,
        "run_id": null,
        "temperature": 0.1,
        "timestamp": "2026-02-03T00:16:32.769319"
      }
    },
    {
      "id": "e_621fcc76_5",
      "source": "f12",
      "target": "c4",
      "relation": "triggers",
      "anchor": {
        "doc_id": "sha256:d5d612fbe91c",
        "start_char": 1280,
        "end_char": 1338,
        "text_hash": "51fe330bd2d44f36",
        "display_location": "0:7",
        "secondary_spans": [],
        "surface_text": " be an appeal but in companytinuation of the trial and, th"
      },
      "explanation": "Contention by counsel that reference is continuation of trial supports the concept of death reference as continuation allowing scrutiny [REPAIRED: supports->triggers]",
      "confidence": "inferred",
      "strength": "strong",
      "support_group_ids": [],
      "is_critical": true,
      "provenance": {
        "extraction_method": "llm",
        "model_id": "grok-4-1-fast-reasoning",
        "prompt_id": null,
        "run_id": null,
        "temperature": 0.1,
        "timestamp": "2026-02-03T00:16:32.769319"
      }
    },
    {
      "id": "e_b7f5fc38_7",
      "source": "f14",
      "target": "a9",
      "relation": "supports",
      "anchor": {
        "doc_id": "sha256:d5d612fbe91c",
        "start_char": 2520,
        "end_char": 2700,
        "text_hash": "835460e86d07ffb2",
        "display_location": "0",
        "secondary_spans": [],
        "surface_text": "the Sessions Judge for de numbero trial. We, therefore, set aside the impugned judgment of the Calcutta High Court and remit criminal appeal Nos. 203 "
      },
      "explanation": "Argument that High Court erred in setting aside conviction and remitting supports the holding [REPAIRED: flipped direction]",
      "confidence": "inferred",
      "strength": "strong",
      "support_group_ids": [],
      "is_critical": true,
      "provenance": {
        "extraction_method": "llm",
        "model_id": "grok-4-1-fast-reasoning",
        "prompt_id": null,
        "run_id": null,
        "temperature": 0.1,
        "timestamp": "2026-02-03T00:15:49.141638"
      }
    },
    {
      "id": "e_b7f5fc38_5",
      "source": "f14",
      "target": "c3",
      "relation": "triggers",
      "anchor": {
        "doc_id": "sha256:d5d612fbe91c",
        "start_char": 2520,
        "end_char": 2700,
        "text_hash": "835460e86d07ffb2",
        "display_location": "0",
        "secondary_spans": [],
        "surface_text": "the Sessions Judge for de numbero trial. We, therefore, set aside the impugned judgment of the Calcutta High Court and remit criminal appeal Nos. 203 "
      },
      "explanation": "No prejudice in charge defect grounds Supreme Court holding that High Court erred in setting aside conviction/remitting [REPAIRED: flipped; grounds->triggers]",
      "confidence": "inferred",
      "strength": "strong",
      "support_group_ids": [],
      "is_critical": true,
      "provenance": {
        "extraction_method": "llm",
        "model_id": "grok-4-1-fast-reasoning",
        "prompt_id": null,
        "run_id": null,
        "temperature": 0.1,
        "timestamp": "2026-02-03T00:15:49.141638"
      }
    },
    {
      "id": "e_b7f5fc38_6",
      "source": "f14",
      "target": "h4",
      "relation": "grounds",
      "anchor": {
        "doc_id": "sha256:d5d612fbe91c",
        "start_char": 2520,
        "end_char": 2700,
        "text_hash": "835460e86d07ffb2",
        "display_location": "0",
        "secondary_spans": [],
        "surface_text": "the Sessions Judge for de numbero trial. We, therefore, set aside the impugned judgment of the Calcutta High Court and remit criminal appeal Nos. 203 "
      },
      "explanation": "Reasoning on charges at pages 5-6 and High Court judgment grounds the holding of High Court error [REPAIRED: flipped direction]",
      "confidence": "inferred",
      "strength": "strong",
      "support_group_ids": [
        "js4"
      ],
      "is_critical": true,
      "provenance": {
        "extraction_method": "llm",
        "model_id": "grok-4-1-fast-reasoning",
        "prompt_id": null,
        "run_id": null,
        "temperature": 0.1,
        "timestamp": "2026-02-03T00:15:49.141638"
      }
    },
    {
      "id": "e_621fcc76_9",
      "source": "f17",
      "target": "c5",
      "relation": "triggers",
      "anchor": null,
      "explanation": "Fact that this is a case of death reference establishes the concept of death sentence confirmation reference [REPAIRED: establishes->triggers]",
      "confidence": "inferred",
      "strength": "strong",
      "support_group_ids": [],
      "is_critical": true,
      "provenance": {
        "extraction_method": "llm",
        "model_id": "grok-4-1-fast-reasoning",
        "prompt_id": null,
        "run_id": null,
        "temperature": 0.1,
        "timestamp": "2026-02-03T00:16:32.769319"
      }
    },
    {
      "id": "e_621fcc76_11",
      "source": "f17",
      "target": "h4",
      "relation": "grounds",
      "anchor": null,
      "explanation": "This being a death reference case grounds the holding regarding charges in that context",
      "confidence": "inferred",
      "strength": "moderate",
      "support_group_ids": [
        "js4"
      ],
      "is_critical": false,
      "provenance": {
        "extraction_method": "llm",
        "model_id": "grok-4-1-fast-reasoning",
        "prompt_id": null,
        "run_id": null,
        "temperature": 0.1,
        "timestamp": "2026-02-03T00:16:32.769319"
      }
    },
    {
      "id": "e_621fcc76_1",
      "source": "f5",
      "target": "c4",
      "relation": "triggers",
      "anchor": null,
      "explanation": "Sessions Judge awarded death sentence, which triggers the death sentence confirmation reference to the High Court",
      "confidence": "inferred",
      "strength": "strong",
      "support_group_ids": [],
      "is_critical": true,
      "provenance": {
        "extraction_method": "llm",
        "model_id": "grok-4-1-fast-reasoning",
        "prompt_id": null,
        "run_id": null,
        "temperature": 0.1,
        "timestamp": "2026-02-03T00:16:32.769319"
      }
    },
    {
      "id": "e_621fcc76_2",
      "source": "f5",
      "target": "c5",
      "relation": "triggers",
      "anchor": null,
      "explanation": "Sessions Judge awarded death sentence, which triggers the death sentence confirmation reference",
      "confidence": "inferred",
      "strength": "strong",
      "support_group_ids": [],
      "is_critical": true,
      "provenance": {
        "extraction_method": "llm",
        "model_id": "grok-4-1-fast-reasoning",
        "prompt_id": null,
        "run_id": null,
        "temperature": 0.1,
        "timestamp": "2026-02-03T00:16:32.769319"
      }
    },
    {
      "id": "e_b7f5fc38_10",
      "source": "f8",
      "target": "a2",
      "relation": "rebuts",
      "anchor": null,
      "explanation": "Finding that charge indicates date/place precisely rebuts High Court claim of serious error in charge [REPAIRED: flipped direction]",
      "confidence": "inferred",
      "strength": "moderate",
      "support_group_ids": [],
      "is_critical": true,
      "provenance": {
        "extraction_method": "llm",
        "model_id": "grok-4-1-fast-reasoning",
        "prompt_id": null,
        "run_id": null,
        "temperature": 0.1,
        "timestamp": "2026-02-03T00:15:49.141638"
      }
    },
    {
      "id": "e_b7f5fc38_1",
      "source": "f8",
      "target": "c3",
      "relation": "triggers",
      "anchor": null,
      "explanation": "High Court finding of serious error in charge (no time/place) triggers application of prejudice test by Supreme Court",
      "confidence": "inferred",
      "strength": "moderate",
      "support_group_ids": [],
      "is_critical": true,
      "provenance": {
        "extraction_method": "llm",
        "model_id": "grok-4-1-fast-reasoning",
        "prompt_id": null,
        "run_id": null,
        "temperature": 0.1,
        "timestamp": "2026-02-03T00:15:49.141638"
      }
    },
    {
      "id": "e_b7f5fc38_14",
      "source": "f9",
      "target": "a1",
      "relation": "grounds",
      "anchor": {
        "doc_id": "sha256:d5d612fbe91c",
        "start_char": 549,
        "end_char": 649,
        "text_hash": "6fcfefc1924e19a5",
        "display_location": "0",
        "secondary_spans": [],
        "surface_text": "usion on the High Court is erroneous both in law and also on facts. According to him, factual the ch"
      },
      "explanation": "ASG contention that High Court erroneous grounds the argument applying prejudice test",
      "confidence": "high",
      "strength": "moderate",
      "support_group_ids": [],
      "is_critical": false,
      "provenance": {
        "extraction_method": "llm",
        "model_id": "grok-4-1-fast-reasoning",
        "prompt_id": null,
        "run_id": null,
        "temperature": 0.1,
        "timestamp": "2026-02-03T00:15:49.141638"
      }
    },
    {
      "id": "e_b7f5fc38_2",
      "source": "h1",
      "target": "c3",
      "relation": "grounds",
      "anchor": {
        "doc_id": "sha256:d5d612fbe91c",
        "start_char": 1845,
        "end_char": 2155,
        "text_hash": "c04008c073d17bf1",
        "display_location": "0",
        "secondary_spans": [],
        "surface_text": "really caused any prejudice in the defence of the accused, the appellate companyrt would number be justified in interfering with the companyviction an"
      },
      "explanation": "General holding on prejudice test (unless misled or prejudiced) is applied to charges in this case finding no prejudice [REPAIRED: applies->grounds]",
      "confidence": "inferred",
      "strength": "strong",
      "support_group_ids": [],
      "is_critical": true,
      "provenance": {
        "extraction_method": "llm",
        "model_id": "grok-4-1-fast-reasoning",
        "prompt_id": null,
        "run_id": null,
        "temperature": 0.1,
        "timestamp": "2026-02-03T00:15:49.141638"
      }
    },
    {
      "id": "e_37cb08e5_3",
      "source": "h1",
      "target": "h3",
      "relation": "supports",
      "anchor": null,
      "explanation": "The holding in h1 that charge framing caused no prejudice supports the broader holding in h3 that the High Court erred in setting aside the conviction.",
      "confidence": "inferred",
      "strength": "moderate",
      "support_group_ids": [
        "js3"
      ],
      "is_critical": false,
      "provenance": {
        "extraction_method": "llm",
        "model_id": "grok-4-1-fast-reasoning",
        "prompt_id": null,
        "run_id": null,
        "temperature": 0.1,
        "timestamp": "2026-02-03T00:14:35.444793"
      }
    },
    {
      "id": "e_214ff103_10",
      "source": "h1",
      "target": "i1",
      "relation": "addresses",
      "anchor": {
        "doc_id": "sha256:d5d612fbe91c",
        "start_char": 1845,
        "end_char": 2155,
        "text_hash": "c04008c073d17bf1",
        "display_location": "0",
        "secondary_spans": [],
        "surface_text": "really caused any prejudice in the defence of the accused, the appellate companyrt would number be justified in interfering with the companyviction an"
      },
      "explanation": "Holding sets the test of prejudice or misleading for determining if charge prejudices accused. [REPAIRED: determines->addresses]",
      "confidence": "inferred",
      "strength": "moderate",
      "support_group_ids": [],
      "is_critical": false,
      "provenance": {
        "extraction_method": "llm",
        "model_id": "grok-4-1-fast-reasoning",
        "prompt_id": null,
        "run_id": null,
        "temperature": 0.1,
        "timestamp": "2026-02-03T00:15:06.506067"
      }
    },
    {
      "id": "e_b7f5fc38_12",
      "source": "h1",
      "target": "i1",
      "relation": "resolves",
      "anchor": {
        "doc_id": "sha256:d5d612fbe91c",
        "start_char": 1845,
        "end_char": 2155,
        "text_hash": "c04008c073d17bf1",
        "display_location": "0",
        "secondary_spans": [],
        "surface_text": "really caused any prejudice in the defence of the accused, the appellate companyrt would number be justified in interfering with the companyviction an"
      },
      "explanation": "Holding on no prejudice unless misled resolves issue of whether charge prejudiced accused",
      "confidence": "high",
      "strength": "strong",
      "support_group_ids": [],
      "is_critical": true,
      "provenance": {
        "extraction_method": "llm",
        "model_id": "grok-4-1-fast-reasoning",
        "prompt_id": null,
        "run_id": null,
        "temperature": 0.1,
        "timestamp": "2026-02-03T00:15:49.141638"
      }
    },
    {
      "id": "e_37cb08e5_2",
      "source": "h1",
      "target": "i2",
      "relation": "resolves",
      "anchor": {
        "doc_id": "sha256:d5d612fbe91c",
        "start_char": 1845,
        "end_char": 2155,
        "text_hash": "c04008c073d17bf1",
        "display_location": "0",
        "secondary_spans": [],
        "surface_text": "really caused any prejudice in the defence of the accused, the appellate companyrt would number be justified in interfering with the companyviction an"
      },
      "explanation": "Holding h1 articulates the condition (prejudice from charge framing) required to interfere, resolving the issue i2 concerning whether the charge framing prejudiced the accused.",
      "confidence": "high",
      "strength": "strong",
      "support_group_ids": [],
      "is_critical": true,
      "provenance": {
        "extraction_method": "llm",
        "model_id": "grok-4-1-fast-reasoning",
        "prompt_id": null,
        "run_id": null,
        "temperature": 0.1,
        "timestamp": "2026-02-03T00:14:35.444793"
      }
    },
    {
      "id": "e_h1_determines_outcome",
      "source": "h1",
      "target": "outcome",
      "relation": "determines",
      "anchor": {
        "doc_id": "sha256:d5d612fbe91c",
        "start_char": 2105,
        "end_char": 2286,
        "text_hash": "a6b61b54dd2bc142",
        "display_location": "0:10",
        "secondary_spans": [],
        "surface_text": "We, therefore, set aside the impugned judgment of the Calcutta High Court and remit criminal appeal Nos. 203 and 232 of 1999 to the High Court for re-disposal in accordance with law."
      },
      "explanation": null,
      "confidence": "high",
      "strength": "strong",
      "support_group_ids": [],
      "is_critical": true,
      "provenance": null
    },
    {
      "id": "e_h2_contributes_to_outcome",
      "source": "h2",
      "target": "outcome",
      "relation": "contributes_to",
      "anchor": {
        "doc_id": "sha256:d5d612fbe91c",
        "start_char": 2105,
        "end_char": 2286,
        "text_hash": "a6b61b54dd2bc142",
        "display_location": "0:10",
        "secondary_spans": [],
        "surface_text": "We, therefore, set aside the impugned judgment of the Calcutta High Court and remit criminal appeal Nos. 203 and 232 of 1999 to the High Court for re-disposal in accordance with law."
      },
      "explanation": null,
      "confidence": "high",
      "strength": "moderate",
      "support_group_ids": [],
      "is_critical": false,
      "provenance": null
    },
    {
      "id": "e_37cb08e5_1",
      "source": "h3",
      "target": "i3",
      "relation": "resolves",
      "anchor": {
        "doc_id": "sha256:d5d612fbe91c",
        "start_char": 2520,
        "end_char": 2700,
        "text_hash": "835460e86d07ffb2",
        "display_location": "0",
        "secondary_spans": [],
        "surface_text": "the Sessions Judge for de numbero trial. We, therefore, set aside the impugned judgment of the Calcutta High Court and remit criminal appeal Nos. 203 "
      },
      "explanation": "Holding h3 explicitly states that the High Court was in error in setting aside the conviction, directly resolving the issue i3 of whether the High Court's conclusion was erroneous in law and facts.",
      "confidence": "high",
      "strength": "strong",
      "support_group_ids": [],
      "is_critical": true,
      "provenance": {
        "extraction_method": "llm",
        "model_id": "grok-4-1-fast-reasoning",
        "prompt_id": null,
        "run_id": null,
        "temperature": 0.1,
        "timestamp": "2026-02-03T00:14:35.444793"
      }
    },
    {
      "id": "e_h3_determines_outcome",
      "source": "h3",
      "target": "outcome",
      "relation": "determines",
      "anchor": {
        "doc_id": "sha256:d5d612fbe91c",
        "start_char": 2105,
        "end_char": 2286,
        "text_hash": "a6b61b54dd2bc142",
        "display_location": "0:10",
        "secondary_spans": [],
        "surface_text": "We, therefore, set aside the impugned judgment of the Calcutta High Court and remit criminal appeal Nos. 203 and 232 of 1999 to the High Court for re-disposal in accordance with law."
      },
      "explanation": null,
      "confidence": "high",
      "strength": "strong",
      "support_group_ids": [],
      "is_critical": true,
      "provenance": null
    },
    {
      "id": "e_214ff103_7",
      "source": "h4",
      "target": "h3",
      "relation": "supports",
      "anchor": {
        "doc_id": "sha256:d5d612fbe91c",
        "start_char": 2445,
        "end_char": 2705,
        "text_hash": "6824dbb343bfc960",
        "display_location": "0",
        "secondary_spans": [],
        "surface_text": " the sentence awarded by the Sessions Judge and in remitting the matter to the Sessions Judge for de numbero trial. We, therefore, set aside the impug"
      },
      "explanation": "Examination of charges and High Court judgment grounds the holding that High Court erred. [REPAIRED: grounds->supports]",
      "confidence": "inferred",
      "strength": "strong",
      "support_group_ids": [
        "js3"
      ],
      "is_critical": true,
      "provenance": {
        "extraction_method": "llm",
        "model_id": "grok-4-1-fast-reasoning",
        "prompt_id": null,
        "run_id": null,
        "temperature": 0.1,
        "timestamp": "2026-02-03T00:15:06.506067"
      }
    },
    {
      "id": "e_h4_resolves_i1",
      "source": "h4",
      "target": "i1",
      "relation": "resolves",
      "anchor": {
        "doc_id": "sha256:d5d612fbe91c",
        "start_char": 2445,
        "end_char": 2705,
        "text_hash": "6824dbb343bfc960",
        "display_location": "0",
        "secondary_spans": [],
        "surface_text": "Having regard to the charges framed in this case, as shown at pages 5-6 of the paper book, and the impugned judgment of the Calcutta High Court, we have numberhesitation in companying to the companyclusion that the High Court was totally in error in setting aside the companyAction and the sentence awarded by the Sessions Judge and in remitting the matter to the Sessions Judge for de numbero trial."
      },
      "explanation": null,
      "confidence": "high",
      "strength": "strong",
      "support_group_ids": [],
      "is_critical": false,
      "provenance": null
    },
    {
      "id": "e_214ff103_9",
      "source": "h4",
      "target": "i3",
      "relation": "resolves",
      "anchor": {
        "doc_id": "sha256:d5d612fbe91c",
        "start_char": 2445,
        "end_char": 2705,
        "text_hash": "6824dbb343bfc960",
        "display_location": "0",
        "secondary_spans": [],
        "surface_text": " the sentence awarded by the Sessions Judge and in remitting the matter to the Sessions Judge for de numbero trial. We, therefore, set aside the impug"
      },
      "explanation": "Holding considering charges and impugned High Court judgment resolves error in High Court conclusion.",
      "confidence": "high",
      "strength": "moderate",
      "support_group_ids": [],
      "is_critical": false,
      "provenance": {
        "extraction_method": "llm",
        "model_id": "grok-4-1-fast-reasoning",
        "prompt_id": null,
        "run_id": null,
        "temperature": 0.1,
        "timestamp": "2026-02-03T00:15:06.506067"
      }
    },
    {
      "id": "e_h4_determines_outcome",
      "source": "h4",
      "target": "outcome",
      "relation": "determines",
      "anchor": {
        "doc_id": "sha256:d5d612fbe91c",
        "start_char": 2105,
        "end_char": 2286,
        "text_hash": "a6b61b54dd2bc142",
        "display_location": "0:10",
        "secondary_spans": [],
        "surface_text": "We, therefore, set aside the impugned judgment of the Calcutta High Court and remit criminal appeal Nos. 203 and 232 of 1999 to the High Court for re-disposal in accordance with law."
      },
      "explanation": null,
      "confidence": "high",
      "strength": "strong",
      "support_group_ids": [],
      "is_critical": true,
      "provenance": null
    },
    {
      "id": "e_214ff103_1",
      "source": "p1",
      "target": "c2",
      "relation": "supports",
      "anchor": null,
      "explanation": "Precedent establishes the principle that defects in charge framing do not warrant interference unless prejudice is caused, directly supporting the core concept described.",
      "confidence": "inferred",
      "strength": "strong",
      "support_group_ids": [],
      "is_critical": true,
      "provenance": {
        "extraction_method": "llm",
        "model_id": "grok-4-1-fast-reasoning",
        "prompt_id": null,
        "run_id": null,
        "temperature": 0.1,
        "timestamp": "2026-02-03T00:15:06.506067"
      }
    },
    {
      "id": "e_214ff103_11",
      "source": "p1",
      "target": "h1",
      "relation": "supports",
      "anchor": null,
      "explanation": "Precedent on no interference absent prejudice from charge defect supports the holding's prejudice requirement.",
      "confidence": "inferred",
      "strength": "moderate",
      "support_group_ids": [
        "js1"
      ],
      "is_critical": false,
      "provenance": {
        "extraction_method": "llm",
        "model_id": "grok-4-1-fast-reasoning",
        "prompt_id": null,
        "run_id": null,
        "temperature": 0.1,
        "timestamp": "2026-02-03T00:15:06.506067"
      }
    }
  ],
  "reasoning_chains": [
    {
      "id": "rc_i1_h4",
      "issue_id": "i1",
      "fact_ids": [
        "f14",
        "f17"
      ],
      "concept_ids": [
        "c2"
      ],
      "argument_ids": [
        "a6"
      ],
      "holding_id": "h4",
      "edge_ids": [
        "e_214ff103_6",
        "e_b7f5fc38_6",
        "e_621fcc76_11",
        "e_214ff103_3",
        "e_214ff103_1"
      ],
      "justification_set_id": "js4",
      "critical_nodes": [
        "c2",
        "f14",
        "p1"
      ],
      "narrative": "Issue i1 resolved by holding h4. Facts: f14, f17. Concepts: c2. Arguments: a6."
    },
    {
      "id": "rc_i2_h1",
      "issue_id": "i2",
      "fact_ids": [],
      "concept_ids": [],
      "argument_ids": [
        "a6",
        "a7"
      ],
      "holding_id": "h1",
      "edge_ids": [
        "e_214ff103_4",
        "e_214ff103_5",
        "e_214ff103_11"
      ],
      "justification_set_id": "js1",
      "critical_nodes": [
        "a6"
      ],
      "narrative": "Issue i2 resolved by holding h1. Arguments: a6, a7."
    },
    {
      "id": "rc_i3_h3",
      "issue_id": "i3",
      "fact_ids": [
        "f14",
        "f17"
      ],
      "concept_ids": [
        "c2"
      ],
      "argument_ids": [
        "a6",
        "a7"
      ],
      "holding_id": "h3",
      "edge_ids": [
        "e_37cb08e5_3",
        "e_214ff103_7",
        "e_214ff103_4",
        "e_214ff103_5",
        "e_214ff103_11",
        "e_214ff103_6",
        "e_b7f5fc38_6",
        "e_621fcc76_11",
        "e_214ff103_3",
        "e_214ff103_1"
      ],
      "justification_set_id": "js3",
      "critical_nodes": [
        "h4",
        "a6",
        "c2",
        "f14",
        "p1"
      ],
      "narrative": "Issue i3 resolved by holding h3. Facts: f14, f17. Concepts: c2. Arguments: a6, a7."
    }
  ],
  "_meta": {
    "schema_version": "2.1.2",
    "quality_tier": "bronze",
    "extraction_model": "grok-4-1-fast-reasoning",
    "extraction_timestamp": "2026-02-03T00:07:06.973846",
    "retry_attempts": 0,
    "validation_warnings": [
      "Fact f18: end_char exceeds doc length",
      "Fact f19: end_char exceeds doc length",
      "Edge e3: 'establishes' not valid for argument -> concept. Valid: claims_satisfies, grounds, rebuts, supports, undercuts",
      "Edge e6: 'applies' not valid for concept -> holding. Valid: constrains, enables, grounds, supports",
      "Edge e7: 'grounds' not valid for holding -> holding. Valid: conflicts_with, constrains, specializes, supports, undercuts",
      "Edge e10: 'determines' not valid for holding -> issue. Valid: addresses, partially_resolves, resolves",
      "Edge e2: 'applies' not valid for holding -> concept. Valid: constrains, grounds, negates, supports, undercuts",
      "Edge e5: No valid relations defined for concept -> fact",
      "Edge e6: No valid relations defined for holding -> fact",
      "Edge e7: No valid relations defined for argument -> fact",
      "Edge e8: No valid relations defined for fact -> fact",
      "Edge e9: No valid relations defined for fact -> fact",
      "Edge e10: No valid relations defined for argument -> fact",
      "Edge e11: No valid relations defined for concept -> fact",
      "Edge e15: No valid relations defined for fact -> fact",
      "Edge e16: No valid relations defined for fact -> fact",
      "Edge e3: No valid relations defined for fact -> fact",
      "Edge e5: 'supports' not valid for fact -> concept. Valid: claims_satisfies, negates, partially_satisfies, satisfies, triggers",
      "Edge e6: 'establishes' not valid for argument -> concept. Valid: claims_satisfies, grounds, rebuts, supports, undercuts",
      "Edge e7: 'triggers' not valid for argument -> issue. Valid: addresses, concedes",
      "Edge e8: 'enables' not valid for concept -> issue. Valid: addresses, requires",
      "Edge e9: 'establishes' not valid for fact -> concept. Valid: claims_satisfies, negates, partially_satisfies, satisfies, triggers"
    ]
  }
}