{
  "case_id": "2002_151",
  "case_name": null,
  "case_year": null,
  "court": null,
  "judges": [],
  "facts": [
    {
      "id": "f1",
      "type": "fact",
      "text": "Appellant secured an ex parte decree divorcing his first wife on 1990-07-06.",
      "anchor": {
        "doc_id": "sha256:e8717a4d8b1d",
        "start_char": 47,
        "end_char": 121,
        "text_hash": "ad276d15451ac718",
        "display_location": "0:3",
        "secondary_spans": [],
        "surface_text": "appellant secured an ex parte decree divorcing his first wife on 6.7.1990"
      },
      "fact_type": "material",
      "actor_source": "court",
      "date": "1990-07-06",
      "date_approximate": false,
      "disputed_by": null,
      "court_finding": "accepted",
      "confidence": "high",
      "provenance": {
        "extraction_method": "llm",
        "model_id": "grok-4-1-fast-reasoning",
        "prompt_id": null,
        "run_id": null,
        "temperature": 0.1,
        "timestamp": "2026-02-03T00:07:06.660758"
      }
    },
    {
      "id": "f2",
      "type": "fact",
      "text": "First wife never had notice of the ex parte decree or the proceedings commenced by husband.",
      "anchor": {
        "doc_id": "sha256:e8717a4d8b1d",
        "start_char": 122,
        "end_char": 238,
        "text_hash": "d9407edaa2d90c7d",
        "display_location": "0:3",
        "secondary_spans": [],
        "surface_text": "though the wife says that she never had numberice of the said decree or the proceedings companymenced by her husband."
      },
      "fact_type": "disputed",
      "actor_source": "respondent",
      "date": null,
      "date_approximate": false,
      "disputed_by": "petitioner",
      "court_finding": "not_decided",
      "confidence": "high",
      "provenance": {
        "extraction_method": "llm",
        "model_id": "grok-4-1-fast-reasoning",
        "prompt_id": null,
        "run_id": null,
        "temperature": 0.1,
        "timestamp": "2026-02-03T00:07:06.660758"
      }
    },
    {
      "id": "f3",
      "type": "fact",
      "text": "Appellant underwent a marriage with another lady on 1993-05-25 on the strength of the ex parte decree.",
      "anchor": {
        "doc_id": "sha256:e8717a4d8b1d",
        "start_char": 268,
        "end_char": 350,
        "text_hash": "91ccc69db6782c4a",
        "display_location": "0:4",
        "secondary_spans": [],
        "surface_text": "to undergo a marriage with another lady on 25.5.1993 presumably on the strength of the ex parte decree secured by him."
      },
      "fact_type": "material",
      "actor_source": "court",
      "date": "1993-05-25",
      "date_approximate": false,
      "disputed_by": null,
      "court_finding": "accepted",
      "confidence": "high",
      "provenance": {
        "extraction_method": "llm",
        "model_id": "grok-4-1-fast-reasoning",
        "prompt_id": null,
        "run_id": null,
        "temperature": 0.1,
        "timestamp": "2026-02-03T00:07:06.660758"
      }
    },
    {
      "id": "f4",
      "type": "fact",
      "text": "First wife succeeded in getting the ex parte decree set aside on 1994-03-31.",
      "anchor": {
        "doc_id": "sha256:e8717a4d8b1d",
        "start_char": 450,
        "end_char": 530,
        "text_hash": "d752350b3f0b4a73",
        "display_location": "0:5",
        "secondary_spans": [],
        "surface_text": "the first wife succeeded in getting the ex parte decree set aside on 31.3.1994."
      },
      "fact_type": "material",
      "actor_source": "court",
      "date": "1994-03-31",
      "date_approximate": false,
      "disputed_by": null,
      "court_finding": "accepted",
      "confidence": "high",
      "provenance": {
        "extraction_method": "llm",
        "model_id": "grok-4-1-fast-reasoning",
        "prompt_id": null,
        "run_id": null,
        "temperature": 0.1,
        "timestamp": "2026-02-03T00:07:06.660758"
      }
    },
    {
      "id": "f5",
      "type": "fact",
      "text": "There is no decree of divorce between appellant and first wife ever since 1994-03-31.",
      "anchor": {
        "doc_id": "sha256:e8717a4d8b1d",
        "start_char": 540,
        "end_char": 610,
        "text_hash": "d44eadb20fc01ef9",
        "display_location": "0:6",
        "secondary_spans": [],
        "surface_text": "The fact remains that there is numberdecree of divorce as between the appellant and his first wife ever since 31.3.1994."
      },
      "fact_type": "material",
      "actor_source": "court",
      "date": "1994-03-31",
      "date_approximate": false,
      "disputed_by": null,
      "court_finding": "accepted",
      "confidence": "high",
      "provenance": {
        "extraction_method": "llm",
        "model_id": "grok-4-1-fast-reasoning",
        "prompt_id": null,
        "run_id": null,
        "temperature": 0.1,
        "timestamp": "2026-02-03T00:07:06.660758"
      }
    },
    {
      "id": "f6",
      "type": "fact",
      "text": "First wife filed a complaint against appellant on 1995-03-28 alleging offence under Section 494 IPC.",
      "anchor": {
        "doc_id": "sha256:e8717a4d8b1d",
        "start_char": 620,
        "end_char": 720,
        "text_hash": "2e630d7ed12a613c",
        "display_location": "0",
        "secondary_spans": [],
        "surface_text": "The first wife filed a companyplaint against the appellant on 28.3.1995 alleging that the appellant has companymitted the offence under Section 494 of the IPC."
      },
      "fact_type": "material",
      "actor_source": "court",
      "date": "1995-03-28",
      "date_approximate": false,
      "disputed_by": null,
      "court_finding": "accepted",
      "confidence": "high",
      "provenance": {
        "extraction_method": "llm",
        "model_id": "grok-4-1-fast-reasoning",
        "prompt_id": null,
        "run_id": null,
        "temperature": 0.1,
        "timestamp": "2026-02-03T00:07:06.660758"
      }
    },
    {
      "id": "f7",
      "type": "fact",
      "text": "Appellant received process issued by the criminal court.",
      "anchor": {
        "doc_id": "sha256:e8717a4d8b1d",
        "start_char": 730,
        "end_char": 760,
        "text_hash": "7962a3bbabe7a5e7",
        "display_location": "0:7",
        "secondary_spans": [],
        "surface_text": "On receiving the process issued by the criminal companyrt"
      },
      "fact_type": "procedural",
      "actor_source": "court",
      "date": null,
      "date_approximate": false,
      "disputed_by": null,
      "court_finding": "accepted",
      "confidence": "high",
      "provenance": {
        "extraction_method": "llm",
        "model_id": "grok-4-1-fast-reasoning",
        "prompt_id": null,
        "run_id": null,
        "temperature": 0.1,
        "timestamp": "2026-02-03T00:07:06.660758"
      }
    },
    {
      "id": "f8",
      "type": "fact",
      "text": "Appellant moved the High Court of Allahabad for quashing the criminal proceedings.",
      "anchor": {
        "doc_id": "sha256:e8717a4d8b1d",
        "start_char": 770,
        "end_char": 850,
        "text_hash": "9f0759e5a928f314",
        "display_location": "0",
        "secondary_spans": [],
        "surface_text": "the appellant moved the High Court of Allahabad for quashing the criminal proceedings."
      },
      "fact_type": "procedural",
      "actor_source": "court",
      "date": null,
      "date_approximate": false,
      "disputed_by": null,
      "court_finding": "accepted",
      "confidence": "high",
      "provenance": {
        "extraction_method": "llm",
        "model_id": "grok-4-1-fast-reasoning",
        "prompt_id": null,
        "run_id": null,
        "temperature": 0.1,
        "timestamp": "2026-02-03T00:07:06.660758"
      }
    },
    {
      "id": "f9",
      "type": "fact",
      "text": "Appellant's argument: on the date of second marriage first marriage was not subsisting due to ex parte decree.",
      "anchor": {
        "doc_id": "sha256:e8717a4d8b1d",
        "start_char": 860,
        "end_char": 1020,
        "text_hash": "f210edf9f45eb137",
        "display_location": "0",
        "secondary_spans": [],
        "surface_text": "The main plank adopted by the appellant is that on the date when he companyducted the second marriage the first marriage was number subsisting in view of the ex parte decree which companytinued in force on the said date."
      },
      "fact_type": "disputed",
      "actor_source": "petitioner",
      "date": "1993-05-25",
      "date_approximate": false,
      "disputed_by": "respondent",
      "court_finding": "accepted",
      "confidence": "high",
      "provenance": {
        "extraction_method": "llm",
        "model_id": "grok-4-1-fast-reasoning",
        "prompt_id": null,
        "run_id": null,
        "temperature": 0.1,
        "timestamp": "2026-02-03T00:07:06.660758"
      }
    },
    {
      "id": "f10",
      "type": "fact",
      "text": "Respondent's counsel did not dispute that first wife moved for and succeeded in setting aside ex parte decree on 1994-03-31.",
      "anchor": {
        "doc_id": "sha256:e8717a4d8b1d",
        "start_char": 1050,
        "end_char": 1180,
        "text_hash": "fb640b72f1439835",
        "display_location": "0:9",
        "secondary_spans": [],
        "surface_text": "Learned companynsel for the respondent  first wife  did number dispute the fact that she moved for setting aside the ex parte decree and succeeded in it when an order was passed on 31.3.1994."
      },
      "fact_type": "admitted",
      "actor_source": "respondent",
      "date": "1994-03-31",
      "date_approximate": false,
      "disputed_by": null,
      "court_finding": "accepted",
      "confidence": "high",
      "provenance": {
        "extraction_method": "llm",
        "model_id": "grok-4-1-fast-reasoning",
        "prompt_id": null,
        "run_id": null,
        "temperature": 0.1,
        "timestamp": "2026-02-03T00:07:06.660758"
      }
    },
    {
      "id": "f11",
      "type": "fact",
      "text": "Order dated 1994-03-31 set aside the ex parte decree of divorce dated 1990-07-06.",
      "anchor": {
        "doc_id": "sha256:e8717a4d8b1d",
        "start_char": 1190,
        "end_char": 1260,
        "text_hash": "b9b4274d78b6fb45",
        "display_location": "0:10",
        "secondary_spans": [],
        "surface_text": "As per that order the ex parte decree of divorce dated 6.7.1990 was set aside."
      },
      "fact_type": "material",
      "actor_source": "court",
      "date": "1994-03-31",
      "date_approximate": false,
      "disputed_by": null,
      "court_finding": "accepted",
      "confidence": "high",
      "provenance": {
        "extraction_method": "llm",
        "model_id": "grok-4-1-fast-reasoning",
        "prompt_id": null,
        "run_id": null,
        "temperature": 0.1,
        "timestamp": "2026-02-03T00:07:06.660758"
      }
    },
    {
      "id": "f12",
      "type": "fact",
      "text": "Appellant undergone a ceremony of marriage with another lady on 1993-05-25.",
      "anchor": {
        "doc_id": "sha256:e8717a4d8b1d",
        "start_char": 1300,
        "end_char": 1370,
        "text_hash": "d0e06d03a765350a",
        "display_location": "0:10",
        "secondary_spans": [],
        "surface_text": "he had undergone a ceremony of marriage with another lady on 25.5.1993."
      },
      "fact_type": "material",
      "actor_source": "court",
      "date": "1993-05-25",
      "date_approximate": false,
      "disputed_by": null,
      "court_finding": "accepted",
      "confidence": "high",
      "provenance": {
        "extraction_method": "llm",
        "model_id": "grok-4-1-fast-reasoning",
        "prompt_id": null,
        "run_id": null,
        "temperature": 0.1,
        "timestamp": "2026-02-03T00:07:06.660758"
      }
    },
    {
      "id": "f13",
      "type": "fact",
      "text": "No complaint filed by first wife against appellant for adultery from 1994-03-31.",
      "anchor": {
        "doc_id": "sha256:e8717a4d8b1d",
        "start_char": 1520,
        "end_char": 1600,
        "text_hash": "31eb82a73558f92d",
        "display_location": "0:12",
        "secondary_spans": [],
        "surface_text": "We are number companysidering that aspect since numbercomplaint has been filed by the first wife against the appellant on that store."
      },
      "fact_type": "background",
      "actor_source": "court",
      "date": "1994-03-31",
      "date_approximate": false,
      "disputed_by": null,
      "court_finding": "accepted",
      "confidence": "high",
      "provenance": {
        "extraction_method": "llm",
        "model_id": "grok-4-1-fast-reasoning",
        "prompt_id": null,
        "run_id": null,
        "temperature": 0.1,
        "timestamp": "2026-02-03T00:07:06.660758"
      }
    },
    {
      "id": "f14",
      "type": "fact",
      "text": "Criminal proceedings pending against appellant for offence under Section 494 IPC.",
      "anchor": {
        "doc_id": "sha256:e8717a4d8b1d",
        "start_char": 1620,
        "end_char": 1680,
        "text_hash": "bb68b2b4304d13a5",
        "display_location": "0",
        "secondary_spans": [],
        "surface_text": "the criminal proceeding number pending against the appellant for the offence under Section 494 of the IPC"
      },
      "fact_type": "procedural",
      "actor_source": "court",
      "date": null,
      "date_approximate": false,
      "disputed_by": null,
      "court_finding": "accepted",
      "confidence": "high",
      "provenance": {
        "extraction_method": "llm",
        "model_id": "grok-4-1-fast-reasoning",
        "prompt_id": null,
        "run_id": null,
        "temperature": 0.1,
        "timestamp": "2026-02-03T00:07:06.660758"
      }
    },
    {
      "id": "f15",
      "type": "fact",
      "text": "Supreme Court granted leave.",
      "anchor": {
        "doc_id": "sha256:e8717a4d8b1d",
        "start_char": 13,
        "end_char": 27,
        "text_hash": "025d20201697661d",
        "display_location": "0",
        "secondary_spans": [],
        "surface_text": "Leave granted."
      },
      "fact_type": "procedural",
      "actor_source": "court",
      "date": null,
      "date_approximate": false,
      "disputed_by": null,
      "court_finding": null,
      "confidence": "high",
      "provenance": {
        "extraction_method": "llm",
        "model_id": "grok-4-1-fast-reasoning",
        "prompt_id": null,
        "run_id": null,
        "temperature": 0.1,
        "timestamp": "2026-02-03T00:07:06.660758"
      }
    },
    {
      "id": "f16",
      "type": "fact",
      "text": "Supreme Court allowed the appeal, set aside the impugned order and quashed the proceedings.",
      "anchor": {
        "doc_id": "sha256:e8717a4d8b1d",
        "start_char": 2150,
        "end_char": 2302,
        "text_hash": "9fcd779cc9b2de40",
        "display_location": "0:17",
        "secondary_spans": [],
        "surface_text": "We, therefore, allow this appeal, set aside the impugned order and quash the proceeding taken pursuant to the criminal companyplaint filed by the first wife."
      },
      "fact_type": "procedural",
      "actor_source": "court",
      "date": null,
      "date_approximate": false,
      "disputed_by": null,
      "court_finding": null,
      "confidence": "high",
      "provenance": {
        "extraction_method": "llm",
        "model_id": "grok-4-1-fast-reasoning",
        "prompt_id": null,
        "run_id": null,
        "temperature": 0.1,
        "timestamp": "2026-02-03T00:07:06.660758"
      }
    }
  ],
  "concepts": [
    {
      "id": "c1",
      "type": "concept",
      "concept_id": "UNLISTED_IPC_S494",
      "anchor": {
        "doc_id": "sha256:e8717a4d8b1d",
        "start_char": 620,
        "end_char": 720,
        "text_hash": "2e630d7ed12a613c",
        "display_location": "0",
        "secondary_spans": [],
        "surface_text": "The first wife filed a companyplaint against the appellant on 28.3.1995 alleging that the appellant has companymitted the offence under Section 494 of the IPC."
      },
      "relevance": "supporting",
      "kind": "statute_section",
      "interpretation": null,
      "interpretation_anchor": null,
      "unlisted_label": "Section 494 IPC",
      "unlisted_description": "Marrying again during lifetime of husband or wife",
      "confidence": "high",
      "provenance": {
        "extraction_method": "llm",
        "model_id": "grok-4-1-fast-reasoning",
        "prompt_id": null,
        "run_id": null,
        "temperature": 0.1,
        "timestamp": "2026-02-03T00:08:12.238585"
      }
    },
    {
      "id": "c2",
      "type": "concept",
      "concept_id": "UNLISTED_IPC_S494",
      "anchor": {
        "doc_id": "sha256:e8717a4d8b1d",
        "start_char": 1275,
        "end_char": 1425,
        "text_hash": "e1796560209a3953",
        "display_location": "0",
        "secondary_spans": [],
        "surface_text": "If that be so, appellant cannot possibly be companyvicted for the offence under Section 494 of IPC on premise that he had undergone a ceremony of marriage with another lady on 25.5.1993."
      },
      "relevance": "central",
      "kind": "statute_section",
      "interpretation": "No offence committed as first marriage not subsisting on date of second marriage due to subsisting ex parte divorce decree",
      "interpretation_anchor": {
        "doc_id": "sha256:e8717a4d8b1d",
        "start_char": 860,
        "end_char": 1274,
        "text_hash": "31547f0f5e19a38f",
        "display_location": "0",
        "secondary_spans": [],
        "surface_text": "riminal companyrt the appellant moved the High Court of Allahabad for quashing the criminal proceedings. The main plank adopted by the appellant is th"
      },
      "unlisted_label": "Section 494 IPC",
      "unlisted_description": "Marrying again during lifetime of husband or wife",
      "confidence": "high",
      "provenance": {
        "extraction_method": "llm",
        "model_id": "grok-4-1-fast-reasoning",
        "prompt_id": null,
        "run_id": null,
        "temperature": 0.1,
        "timestamp": "2026-02-03T00:08:12.238585"
      }
    },
    {
      "id": "c3",
      "type": "concept",
      "concept_id": "UNLISTED_IPC_S494",
      "anchor": {
        "doc_id": "sha256:e8717a4d8b1d",
        "start_char": 1620,
        "end_char": 1680,
        "text_hash": "bb68b2b4304d13a5",
        "display_location": "0",
        "secondary_spans": [],
        "surface_text": "the criminal proceeding number pending against the appellant for the offence under Section 494 of the IPC"
      },
      "relevance": "central",
      "kind": "statute_section",
      "interpretation": "Proceedings under this section futile and liable to be quashed",
      "interpretation_anchor": {
        "doc_id": "sha256:e8717a4d8b1d",
        "start_char": 1681,
        "end_char": 1800,
        "text_hash": "ce73bda7f81d5086",
        "display_location": "0",
        "secondary_spans": [],
        "surface_text": "t companytended that the appellant is guilty of adultery at least from the date 31.3.1994. We are number companysiderin"
      },
      "unlisted_label": "Section 494 IPC",
      "unlisted_description": "Marrying again during lifetime of husband or wife",
      "confidence": "high",
      "provenance": {
        "extraction_method": "llm",
        "model_id": "grok-4-1-fast-reasoning",
        "prompt_id": null,
        "run_id": null,
        "temperature": 0.1,
        "timestamp": "2026-02-03T00:08:12.238585"
      }
    },
    {
      "id": "c4",
      "type": "concept",
      "concept_id": "UNLISTED_IPC_S497",
      "anchor": {
        "doc_id": "sha256:e8717a4d8b1d",
        "start_char": 1440,
        "end_char": 1520,
        "text_hash": "f9aab64b167614b5",
        "display_location": "0",
        "secondary_spans": [],
        "surface_text": "Learned companynsel for the respondent companytended that the appellant is guilty of adultery at least from the date 31.3.1994."
      },
      "relevance": "obiter",
      "kind": "statute_section",
      "interpretation": "Not considered by court as no complaint filed",
      "interpretation_anchor": {
        "doc_id": "sha256:e8717a4d8b1d",
        "start_char": 1520,
        "end_char": 1610,
        "text_hash": "98af730f6e19d74e",
        "display_location": "0:12",
        "secondary_spans": [],
        "surface_text": "he offence under Section 494 of IPC on premise that he had undergone a ceremony of marriag"
      },
      "unlisted_label": "Section 497 IPC",
      "unlisted_description": "Adultery",
      "confidence": "high",
      "provenance": {
        "extraction_method": "llm",
        "model_id": "grok-4-1-fast-reasoning",
        "prompt_id": null,
        "run_id": null,
        "temperature": 0.1,
        "timestamp": "2026-02-03T00:08:12.238585"
      }
    },
    {
      "id": "c5",
      "type": "concept",
      "concept_id": "UNLISTED_EX_PARTE_DECREE",
      "anchor": {
        "doc_id": "sha256:e8717a4d8b1d",
        "start_char": 47,
        "end_char": 121,
        "text_hash": "ad276d15451ac718",
        "display_location": "0:3",
        "secondary_spans": [],
        "surface_text": "appellant secured an ex parte decree divorcing his first wife on 6.7.1990"
      },
      "relevance": "central",
      "kind": "order_rule",
      "interpretation": "Valid and operative until set aside; renders first marriage non-subsisting for purpose of bigamy on date it was in force",
      "interpretation_anchor": {
        "doc_id": "sha256:e8717a4d8b1d",
        "start_char": 860,
        "end_char": 1020,
        "text_hash": "f210edf9f45eb137",
        "display_location": "0",
        "secondary_spans": [],
        "surface_text": "riminal companyrt the appellant moved the High Court of Allahabad for quashing the criminal proceedings. The main plank adopted by the appellant is th"
      },
      "unlisted_label": "Ex parte decree",
      "unlisted_description": "Decree passed without notice to defendant, effective until set aside",
      "confidence": "high",
      "provenance": {
        "extraction_method": "llm",
        "model_id": "grok-4-1-fast-reasoning",
        "prompt_id": null,
        "run_id": null,
        "temperature": 0.1,
        "timestamp": "2026-02-03T00:08:12.238585"
      }
    }
  ],
  "issues": [
    {
      "id": "i1",
      "type": "issue",
      "text": "Whether the first marriage was subsisting on the date of the second marriage in view of the ex parte decree of divorce which continued in force on that date?",
      "anchor": {
        "doc_id": "sha256:e8717a4d8b1d",
        "start_char": 950,
        "end_char": 1100,
        "text_hash": "6cf1102200df3ad2",
        "display_location": "0",
        "secondary_spans": [],
        "surface_text": "The main plank adopted by the appellant is that on the date when he conducted the second marriage the first marriage was number subsisting in view of the ex parte decree which continued in force on the said date."
      },
      "issue_number": null,
      "framed_by": "petitioner",
      "primary_concepts": [
        "c5"
      ],
      "answer": "no",
      "confidence": "high",
      "provenance": {
        "extraction_method": "llm",
        "model_id": "grok-4-1-fast-reasoning",
        "prompt_id": null,
        "run_id": null,
        "temperature": 0.1,
        "timestamp": "2026-02-03T00:09:25.184055"
      }
    },
    {
      "id": "i2",
      "type": "issue",
      "text": "Whether the appellant can possibly be convicted for the offence under Section 494 of IPC on the premise that he had undergone a ceremony of marriage with another lady on 25.5.1993?",
      "anchor": {
        "doc_id": "sha256:e8717a4d8b1d",
        "start_char": 1275,
        "end_char": 1425,
        "text_hash": "e1796560209a3953",
        "display_location": "0",
        "secondary_spans": [],
        "surface_text": "If that be so, appellant cannot possibly be convicted for the offence under Section 494 of IPC on premise that he had undergone a ceremony of marriage with another lady on 25.5.1993."
      },
      "issue_number": null,
      "framed_by": "court",
      "primary_concepts": [
        "c1",
        "c2",
        "c5"
      ],
      "answer": "no",
      "confidence": "high",
      "provenance": {
        "extraction_method": "llm",
        "model_id": "grok-4-1-fast-reasoning",
        "prompt_id": null,
        "run_id": null,
        "temperature": 0.1,
        "timestamp": "2026-02-03T00:09:25.184055"
      }
    },
    {
      "id": "i3",
      "type": "issue",
      "text": "Whether the appellant is guilty of adultery under Section 497 IPC at least from 31.3.1994?",
      "anchor": {
        "doc_id": "sha256:e8717a4d8b1d",
        "start_char": 1440,
        "end_char": 1520,
        "text_hash": "f9aab64b167614b5",
        "display_location": "0",
        "secondary_spans": [],
        "surface_text": "Learned counsel for the respondent contended that the appellant is guilty of adultery at least from the date 31.3.1994."
      },
      "issue_number": null,
      "framed_by": "respondent",
      "primary_concepts": [
        "c4"
      ],
      "answer": "not_decided",
      "confidence": "high",
      "provenance": {
        "extraction_method": "llm",
        "model_id": "grok-4-1-fast-reasoning",
        "prompt_id": null,
        "run_id": null,
        "temperature": 0.1,
        "timestamp": "2026-02-03T00:09:25.184055"
      }
    },
    {
      "id": "i4",
      "type": "issue",
      "text": "Whether the criminal proceedings pending against the appellant for the offence under Section 494 IPC are liable to be quashed?",
      "anchor": {
        "doc_id": "sha256:e8717a4d8b1d",
        "start_char": 1620,
        "end_char": 1800,
        "text_hash": "27e1ca0f83a304a5",
        "display_location": "0",
        "secondary_spans": [],
        "surface_text": "the criminal proceeding number pending against the appellant for the offence under Section 494 of the IPC is only an exercise of futility. We do number want the criminal companyrt to waste its time for that purpose."
      },
      "issue_number": null,
      "framed_by": "court",
      "primary_concepts": [
        "c3"
      ],
      "answer": "yes",
      "confidence": "high",
      "provenance": {
        "extraction_method": "llm",
        "model_id": "grok-4-1-fast-reasoning",
        "prompt_id": null,
        "run_id": null,
        "temperature": 0.1,
        "timestamp": "2026-02-03T00:09:25.184055"
      }
    }
  ],
  "arguments": [
    {
      "id": "a1",
      "type": "argument",
      "claim": "On the date when he conducted the second marriage the first marriage was not subsisting in view of the ex parte decree which continued in force on the said date",
      "anchor": {
        "doc_id": "sha256:e8717a4d8b1d",
        "start_char": 860,
        "end_char": 1020,
        "text_hash": "f210edf9f45eb137",
        "display_location": "0",
        "secondary_spans": [],
        "surface_text": "The main plank adopted by the appellant is that on the date when he conducted the second marriage the first marriage was number subsisting in view of the ex parte decree which continued in force on the said date."
      },
      "actor": "petitioner",
      "schemes": [
        "rule_application"
      ],
      "qualifiers": null,
      "court_response": "accepted",
      "court_response_anchor": {
        "doc_id": "sha256:e8717a4d8b1d",
        "start_char": 1275,
        "end_char": 1425,
        "text_hash": "e1796560209a3953",
        "display_location": "0",
        "secondary_spans": [],
        "surface_text": "moved for setting aside the ex parte decree and succeeded in it when an order was passed on 31.3.1994. As per that order the ex parte decree of divorc"
      },
      "court_reasoning": "Ex parte decree remained operative until set aside on 31.3.1994, after date of second marriage, so no subsisting first marriage for Section 494 IPC",
      "confidence": "high",
      "provenance": {
        "extraction_method": "llm",
        "model_id": "grok-4-1-fast-reasoning",
        "prompt_id": null,
        "run_id": null,
        "temperature": 0.1,
        "timestamp": "2026-02-03T00:10:03.303353"
      }
    },
    {
      "id": "a2",
      "type": "argument",
      "claim": "The appellant is guilty of adultery at least from the date 31.3.1994",
      "anchor": {
        "doc_id": "sha256:e8717a4d8b1d",
        "start_char": 1440,
        "end_char": 1520,
        "text_hash": "f9aab64b167614b5",
        "display_location": "0",
        "secondary_spans": [],
        "surface_text": "Learned counsel for the respondent contended that the appellant is guilty of adultery at least from the date 31.3.1994."
      },
      "actor": "respondent",
      "schemes": [
        "rule_application"
      ],
      "qualifiers": null,
      "court_response": "not_addressed",
      "court_response_anchor": {
        "doc_id": "sha256:e8717a4d8b1d",
        "start_char": 1520,
        "end_char": 1610,
        "text_hash": "98af730f6e19d74e",
        "display_location": "0:12",
        "secondary_spans": [],
        "surface_text": "he offence under Section 494 of IPC on premise that he had undergone a ceremony of marriag"
      },
      "court_reasoning": "No complaint filed by first wife on that score",
      "confidence": "high",
      "provenance": {
        "extraction_method": "llm",
        "model_id": "grok-4-1-fast-reasoning",
        "prompt_id": null,
        "run_id": null,
        "temperature": 0.1,
        "timestamp": "2026-02-03T00:10:03.303353"
      }
    },
    {
      "id": "a3",
      "type": "argument",
      "claim": "Appellant cannot possibly be convicted for the offence under Section 494 of IPC on premise that he had undergone a ceremony of marriage with another lady on 25.5.1993",
      "anchor": {
        "doc_id": "sha256:e8717a4d8b1d",
        "start_char": 1275,
        "end_char": 1425,
        "text_hash": "e1796560209a3953",
        "display_location": "0",
        "secondary_spans": [],
        "surface_text": "If that be so, appellant cannot possibly be convicted for the offence under Section 494 of IPC on premise that he had undergone a ceremony of marriage with another lady on 25.5.1993."
      },
      "actor": "court",
      "schemes": [
        "rule_application"
      ],
      "qualifiers": null,
      "court_response": null,
      "court_response_anchor": null,
      "court_reasoning": null,
      "confidence": "high",
      "provenance": {
        "extraction_method": "llm",
        "model_id": "grok-4-1-fast-reasoning",
        "prompt_id": null,
        "run_id": null,
        "temperature": 0.1,
        "timestamp": "2026-02-03T00:10:03.303353"
      }
    },
    {
      "id": "a4",
      "type": "argument",
      "claim": "The criminal proceeding now pending against the appellant for the offence under Section 494 of the IPC is only an exercise of futility",
      "anchor": {
        "doc_id": "sha256:e8717a4d8b1d",
        "start_char": 1620,
        "end_char": 1800,
        "text_hash": "27e1ca0f83a304a5",
        "display_location": "0",
        "secondary_spans": [],
        "surface_text": "As it is, we feel that the criminal proceeding now pending against the appellant for the offence under Section 494 of the IPC is only an exercise of futility. We do not want the criminal court to waste its time for that purpose."
      },
      "actor": "court",
      "schemes": [
        "policy_consequence",
        "procedural"
      ],
      "qualifiers": null,
      "court_response": null,
      "court_response_anchor": null,
      "court_reasoning": null,
      "confidence": "high",
      "provenance": {
        "extraction_method": "llm",
        "model_id": "grok-4-1-fast-reasoning",
        "prompt_id": null,
        "run_id": null,
        "temperature": 0.1,
        "timestamp": "2026-02-03T00:10:03.303353"
      }
    }
  ],
  "holdings": [
    {
      "id": "h1",
      "type": "holding",
      "text": "If that be so, appellant cannot possibly be convicted for the offence under Section 494 of IPC on premise that he had undergone a ceremony of marriage with another lady on 25.5.1993.",
      "anchor": {
        "doc_id": "sha256:e8717a4d8b1d",
        "start_char": 1275,
        "end_char": 1425,
        "text_hash": "e1796560209a3953",
        "display_location": "0",
        "secondary_spans": [],
        "surface_text": "If that be so, appellant cannot possibly be convicted for the offence under Section 494 of IPC on premise that he had undergone a ceremony of marriage with another lady on 25.5.1993."
      },
      "resolves_issue": "i2",
      "is_ratio": true,
      "novel": false,
      "reasoning_summary": "Ex parte decree of divorce dated 6.7.1990 continued in force until set aside on 31.3.1994, after the date of second marriage on 25.5.1993, so first marriage was not subsisting on that date.",
      "schemes": [
        "rule_application"
      ],
      "confidence": "high",
      "provenance": {
        "extraction_method": "llm",
        "model_id": "grok-4-1-fast-reasoning",
        "prompt_id": null,
        "run_id": null,
        "temperature": 0.1,
        "timestamp": "2026-02-03T00:10:33.115146"
      }
    },
    {
      "id": "h2",
      "type": "holding",
      "text": "As it is, we feel that the criminal proceeding now pending against the appellant for the offence under Section 494 of the IPC is only an exercise of futility. We do not want the criminal court to waste its time for that purpose.",
      "anchor": {
        "doc_id": "sha256:e8717a4d8b1d",
        "start_char": 1620,
        "end_char": 1800,
        "text_hash": "27e1ca0f83a304a5",
        "display_location": "0",
        "secondary_spans": [],
        "surface_text": "As it is, we feel that the criminal proceeding now pending against the appellant for the offence under Section 494 of the IPC is only an exercise of futility. We do not want the criminal court to waste its time for that purpose."
      },
      "resolves_issue": "i4",
      "is_ratio": true,
      "novel": false,
      "reasoning_summary": "No basis for offence under Section 494 IPC as established by prior holding, rendering continuation of proceedings pointless.",
      "schemes": [
        "policy_consequence",
        "procedural"
      ],
      "confidence": "high",
      "provenance": {
        "extraction_method": "llm",
        "model_id": "grok-4-1-fast-reasoning",
        "prompt_id": null,
        "run_id": null,
        "temperature": 0.1,
        "timestamp": "2026-02-03T00:10:33.115146"
      }
    },
    {
      "id": "h3",
      "type": "holding",
      "text": "We, therefore, allow this appeal, set aside the impugned order and quash the proceeding taken pursuant to the criminal complaint filed by the first wife.",
      "anchor": {
        "doc_id": "sha256:e8717a4d8b1d",
        "start_char": 2150,
        "end_char": 2302,
        "text_hash": "9fcd779cc9b2de40",
        "display_location": "0:17",
        "secondary_spans": [],
        "surface_text": "We, therefore, allow this appeal, set aside the impugned order and quash the proceeding taken pursuant to the criminal complaint filed by the first wife."
      },
      "resolves_issue": "i4",
      "is_ratio": true,
      "novel": false,
      "reasoning_summary": "Based on determination that no offence under Section 494 IPC was committed, proceedings quashed to prevent waste of judicial time.",
      "schemes": [
        "rule_application",
        "procedural"
      ],
      "confidence": "high",
      "provenance": {
        "extraction_method": "llm",
        "model_id": "grok-4-1-fast-reasoning",
        "prompt_id": null,
        "run_id": null,
        "temperature": 0.1,
        "timestamp": "2026-02-03T00:10:33.115146"
      }
    }
  ],
  "precedents": [],
  "justification_sets": [
    {
      "id": "js1",
      "type": "justification_set",
      "target_id": "h1",
      "logic": "and",
      "label": "Section 494 IPC support",
      "is_primary": true,
      "confidence": "high",
      "provenance": null
    },
    {
      "id": "js2",
      "type": "justification_set",
      "target_id": "h2",
      "logic": "and",
      "label": "Section 494 IPC support",
      "is_primary": true,
      "confidence": "high",
      "provenance": null
    },
    {
      "id": "js3",
      "type": "justification_set",
      "target_id": "h3",
      "logic": "and",
      "label": "Section 494 IPC support",
      "is_primary": true,
      "confidence": "high",
      "provenance": null
    }
  ],
  "outcome": {
    "id": "outcome",
    "type": "outcome",
    "disposition": "allowed",
    "anchor": {
      "doc_id": "sha256:e8717a4d8b1d",
      "start_char": 1938,
      "end_char": 2092,
      "text_hash": "afab8a3d411fb118",
      "display_location": "0",
      "secondary_spans": [],
      "surface_text": "We, therefore, allow this appeal, set aside the impugned order and quash the proceeding taken pursuant to the criminal companyplaint filed by the first wife."
    },
    "binary": "accepted",
    "relief_summary": "Appeal allowed; impugned order set aside; criminal proceedings pursuant to the complaint under Section 494 IPC quashed.",
    "costs": null,
    "directions": [
      "set aside the impugned order",
      "quash the proceeding taken pursuant to the criminal complaint filed by the first wife"
    ],
    "provenance": {
      "extraction_method": "llm",
      "model_id": "grok-4-1-fast-reasoning",
      "prompt_id": null,
      "run_id": null,
      "temperature": 0.1,
      "timestamp": "2026-02-03T00:11:06.350816"
    }
  },
  "edges": [
    {
      "id": "e_1de2674b_11",
      "source": "a1",
      "target": "h1",
      "relation": "supports",
      "anchor": {
        "doc_id": "sha256:e8717a4d8b1d",
        "start_char": 1275,
        "end_char": 1425,
        "text_hash": "e1796560209a3953",
        "display_location": "0",
        "secondary_spans": [],
        "surface_text": "moved for setting aside the ex parte decree and succeeded in it when an order was passed on 31.3.1994. As per that order the ex parte decree of divorc"
      },
      "explanation": "Argument that first marriage not subsisting supports holding of no bigamy conviction",
      "confidence": "high",
      "strength": "moderate",
      "support_group_ids": [
        "js1"
      ],
      "is_critical": false,
      "provenance": {
        "extraction_method": "llm",
        "model_id": "grok-4-1-fast-reasoning",
        "prompt_id": null,
        "run_id": null,
        "temperature": 0.1,
        "timestamp": "2026-02-03T00:13:15.735428"
      }
    },
    {
      "id": "e_1de2674b_8",
      "source": "a1",
      "target": "i1",
      "relation": "addresses",
      "anchor": {
        "doc_id": "sha256:e8717a4d8b1d",
        "start_char": 950,
        "end_char": 1020,
        "text_hash": "656136d2e8c90155",
        "display_location": "0",
        "secondary_spans": [],
        "surface_text": "l proceedings. The main plank adopted by the appellant is that on the "
      },
      "explanation": "Argument that first marriage not subsisting due to ex parte decree in force directly addresses the issue",
      "confidence": "high",
      "strength": "strong",
      "support_group_ids": [],
      "is_critical": true,
      "provenance": {
        "extraction_method": "llm",
        "model_id": "grok-4-1-fast-reasoning",
        "prompt_id": null,
        "run_id": null,
        "temperature": 0.1,
        "timestamp": "2026-02-03T00:13:15.735428"
      }
    },
    {
      "id": "e_c2ae505d_10",
      "source": "a3",
      "target": "h1",
      "relation": "supports",
      "anchor": {
        "doc_id": "sha256:e8717a4d8b1d",
        "start_char": 1275,
        "end_char": 1425,
        "text_hash": "e1796560209a3953",
        "display_location": "0",
        "secondary_spans": [],
        "surface_text": "moved for setting aside the ex parte decree and succeeded in it when an order was passed on 31.3.1994. As per that order the ex parte decree of divorc"
      },
      "explanation": "Argument a3 directly supports holding h1 in shared text span",
      "confidence": "high",
      "strength": "strong",
      "support_group_ids": [
        "js1"
      ],
      "is_critical": false,
      "provenance": {
        "extraction_method": "llm",
        "model_id": "grok-4-1-fast-reasoning",
        "prompt_id": null,
        "run_id": null,
        "temperature": 0.1,
        "timestamp": "2026-02-03T00:12:20.179627"
      }
    },
    {
      "id": "e_c2ae505d_17",
      "source": "a4",
      "target": "h2",
      "relation": "supports",
      "anchor": {
        "doc_id": "sha256:e8717a4d8b1d",
        "start_char": 1620,
        "end_char": 1800,
        "text_hash": "27e1ca0f83a304a5",
        "display_location": "0",
        "secondary_spans": [],
        "surface_text": "ther lady on 25.5.1993. Learned companynsel for the respondent companytended that the appellant is guilty of adultery at least from the date 31.3.1994"
      },
      "explanation": "Argument of futility supports holding h2",
      "confidence": "high",
      "strength": "strong",
      "support_group_ids": [
        "js2"
      ],
      "is_critical": false,
      "provenance": {
        "extraction_method": "llm",
        "model_id": "grok-4-1-fast-reasoning",
        "prompt_id": null,
        "run_id": null,
        "temperature": 0.1,
        "timestamp": "2026-02-03T00:12:20.179627"
      }
    },
    {
      "id": "e_c2ae505d_8",
      "source": "c2",
      "target": "h1",
      "relation": "grounds",
      "anchor": {
        "doc_id": "sha256:e8717a4d8b1d",
        "start_char": 1275,
        "end_char": 1425,
        "text_hash": "e1796560209a3953",
        "display_location": "0",
        "secondary_spans": [],
        "surface_text": "moved for setting aside the ex parte decree and succeeded in it when an order was passed on 31.3.1994. As per that order the ex parte decree of divorc"
      },
      "explanation": "Concept of no offence due to subsisting ex parte decree grounds the holding h1",
      "confidence": "high",
      "strength": "strong",
      "support_group_ids": [
        "js1"
      ],
      "is_critical": true,
      "provenance": {
        "extraction_method": "llm",
        "model_id": "grok-4-1-fast-reasoning",
        "prompt_id": null,
        "run_id": null,
        "temperature": 0.1,
        "timestamp": "2026-02-03T00:12:20.179627"
      }
    },
    {
      "id": "e_c2ae505d_15",
      "source": "c3",
      "target": "h2",
      "relation": "grounds",
      "anchor": {
        "doc_id": "sha256:e8717a4d8b1d",
        "start_char": 1620,
        "end_char": 1800,
        "text_hash": "27e1ca0f83a304a5",
        "display_location": "0",
        "secondary_spans": [],
        "surface_text": "ther lady on 25.5.1993. Learned companynsel for the respondent companytended that the appellant is guilty of adultery at least from the date 31.3.1994"
      },
      "explanation": "Concept of futile proceedings grounds holding h2",
      "confidence": "high",
      "strength": "strong",
      "support_group_ids": [
        "js2"
      ],
      "is_critical": true,
      "provenance": {
        "extraction_method": "llm",
        "model_id": "grok-4-1-fast-reasoning",
        "prompt_id": null,
        "run_id": null,
        "temperature": 0.1,
        "timestamp": "2026-02-03T00:12:20.179627"
      }
    },
    {
      "id": "e_fb69b4f1_2",
      "source": "c4",
      "target": "i3",
      "relation": "addresses",
      "anchor": {
        "doc_id": "sha256:e8717a4d8b1d",
        "start_char": 1440,
        "end_char": 1520,
        "text_hash": "f9aab64b167614b5",
        "display_location": "0",
        "secondary_spans": [],
        "surface_text": "0 was set aside. If that be so, appellant cannot possibly be companyvicted for t"
      },
      "explanation": "The concept application that Section 497 IPC was not considered due to no complaint resolves the issue of whether appellant is guilty under Section 497 IPC [REPAIRED: resolves->addresses]",
      "confidence": "inferred",
      "strength": "strong",
      "support_group_ids": [],
      "is_critical": true,
      "provenance": {
        "extraction_method": "llm",
        "model_id": "grok-4-1-fast-reasoning",
        "prompt_id": null,
        "run_id": null,
        "temperature": 0.1,
        "timestamp": "2026-02-03T00:12:57.714140"
      }
    },
    {
      "id": "e_1de2674b_4",
      "source": "c5",
      "target": "a1",
      "relation": "grounds",
      "anchor": {
        "doc_id": "sha256:e8717a4d8b1d",
        "start_char": 860,
        "end_char": 1020,
        "text_hash": "f210edf9f45eb137",
        "display_location": "0",
        "secondary_spans": [],
        "surface_text": "riminal companyrt the appellant moved the High Court of Allahabad for quashing the criminal proceedings. The main plank adopted by the appellant is th"
      },
      "explanation": "Argument relies on concept that ex parte decree renders first marriage non-subsisting while in force",
      "confidence": "high",
      "strength": "strong",
      "support_group_ids": [],
      "is_critical": true,
      "provenance": {
        "extraction_method": "llm",
        "model_id": "grok-4-1-fast-reasoning",
        "prompt_id": null,
        "run_id": null,
        "temperature": 0.1,
        "timestamp": "2026-02-03T00:13:15.735428"
      }
    },
    {
      "id": "e_1de2674b_10",
      "source": "c5",
      "target": "h1",
      "relation": "grounds",
      "anchor": {
        "doc_id": "sha256:e8717a4d8b1d",
        "start_char": 1275,
        "end_char": 1425,
        "text_hash": "e1796560209a3953",
        "display_location": "0",
        "secondary_spans": [],
        "surface_text": "moved for setting aside the ex parte decree and succeeded in it when an order was passed on 31.3.1994. As per that order the ex parte decree of divorc"
      },
      "explanation": "Concept grounds holding that no conviction under 494 IPC possible due to non-subsisting first marriage from ex parte decree",
      "confidence": "high",
      "strength": "strong",
      "support_group_ids": [
        "js1"
      ],
      "is_critical": true,
      "provenance": {
        "extraction_method": "llm",
        "model_id": "grok-4-1-fast-reasoning",
        "prompt_id": null,
        "run_id": null,
        "temperature": 0.1,
        "timestamp": "2026-02-03T00:13:15.735428"
      }
    },
    {
      "id": "e_1de2674b_7",
      "source": "c5",
      "target": "i1",
      "relation": "addresses",
      "anchor": {
        "doc_id": "sha256:e8717a4d8b1d",
        "start_char": 950,
        "end_char": 1100,
        "text_hash": "6cf1102200df3ad2",
        "display_location": "0",
        "secondary_spans": [],
        "surface_text": "l proceedings. The main plank adopted by the appellant is that on the date when he companyducted the second marriage the first marriage was number sub"
      },
      "explanation": "Concept of ex parte decree validity directly addresses issue of first marriage subsistence in view of decree in force",
      "confidence": "high",
      "strength": "strong",
      "support_group_ids": [],
      "is_critical": true,
      "provenance": {
        "extraction_method": "llm",
        "model_id": "grok-4-1-fast-reasoning",
        "prompt_id": null,
        "run_id": null,
        "temperature": 0.1,
        "timestamp": "2026-02-03T00:13:15.735428"
      }
    },
    {
      "id": "e_1de2674b_6",
      "source": "f10",
      "target": "a1",
      "relation": "supports",
      "anchor": {
        "doc_id": "sha256:e8717a4d8b1d",
        "start_char": 860,
        "end_char": 1020,
        "text_hash": "f210edf9f45eb137",
        "display_location": "0",
        "secondary_spans": [],
        "surface_text": "riminal companyrt the appellant moved the High Court of Allahabad for quashing the criminal proceedings. The main plank adopted by the appellant is th"
      },
      "explanation": "Respondent's non-dispute of setting aside supports argument that decree was in force on relevant date",
      "confidence": "high",
      "strength": "strong",
      "support_group_ids": [],
      "is_critical": true,
      "provenance": {
        "extraction_method": "llm",
        "model_id": "grok-4-1-fast-reasoning",
        "prompt_id": null,
        "run_id": null,
        "temperature": 0.1,
        "timestamp": "2026-02-03T00:13:15.735428"
      }
    },
    {
      "id": "e_1de2674b_3",
      "source": "f10",
      "target": "c5",
      "relation": "triggers",
      "anchor": {
        "doc_id": "sha256:e8717a4d8b1d",
        "start_char": 1050,
        "end_char": 1180,
        "text_hash": "fb640b72f1439835",
        "display_location": "0:9",
        "secondary_spans": [],
        "surface_text": " second marriage the first marriage was number subsisting in view of the ex parte decree which companytinued in force on the said "
      },
      "explanation": "Concession that decree set aside on 1994-03-31 supports concept of validity until set aside [REPAIRED: supports->triggers]",
      "confidence": "inferred",
      "strength": "strong",
      "support_group_ids": [],
      "is_critical": true,
      "provenance": {
        "extraction_method": "llm",
        "model_id": "grok-4-1-fast-reasoning",
        "prompt_id": null,
        "run_id": null,
        "temperature": 0.1,
        "timestamp": "2026-02-03T00:13:15.735428"
      }
    },
    {
      "id": "e_fb69b4f1_1",
      "source": "f13",
      "target": "c4",
      "relation": "triggers",
      "anchor": {
        "doc_id": "sha256:e8717a4d8b1d",
        "start_char": 1520,
        "end_char": 1600,
        "text_hash": "31eb82a73558f92d",
        "display_location": "0:12",
        "secondary_spans": [],
        "surface_text": "he offence under Section 494 of IPC on premise that he had undergone a ceremony "
      },
      "explanation": "The concept c4 explicitly states Section 497 IPC 'Not considered by court as no complaint filed', directly grounded in the fact f13 of no complaint filed [REPAIRED: grounds->triggers]",
      "confidence": "inferred",
      "strength": "strong",
      "support_group_ids": [],
      "is_critical": true,
      "provenance": {
        "extraction_method": "llm",
        "model_id": "grok-4-1-fast-reasoning",
        "prompt_id": null,
        "run_id": null,
        "temperature": 0.1,
        "timestamp": "2026-02-03T00:12:57.714140"
      }
    },
    {
      "id": "e_fb69b4f1_3",
      "source": "f13",
      "target": "i3",
      "relation": "supports",
      "anchor": {
        "doc_id": "sha256:e8717a4d8b1d",
        "start_char": 1520,
        "end_char": 1600,
        "text_hash": "31eb82a73558f92d",
        "display_location": "0:12",
        "secondary_spans": [],
        "surface_text": "he offence under Section 494 of IPC on premise that he had undergone a ceremony "
      },
      "explanation": "The fact of no complaint filed rebuts the issue of guilt under Section 497 IPC as it led to the provision not being considered [REPAIRED: rebuts->supports]",
      "confidence": "inferred",
      "strength": "moderate",
      "support_group_ids": [],
      "is_critical": false,
      "provenance": {
        "extraction_method": "llm",
        "model_id": "grok-4-1-fast-reasoning",
        "prompt_id": null,
        "run_id": null,
        "temperature": 0.1,
        "timestamp": "2026-02-03T00:12:57.714140"
      }
    },
    {
      "id": "e_c2ae505d_11",
      "source": "f14",
      "target": "c1",
      "relation": "triggers",
      "anchor": null,
      "explanation": "Complaint under 494 enables pending criminal proceedings f14 [REPAIRED: flipped; enables->triggers]",
      "confidence": "inferred",
      "strength": "moderate",
      "support_group_ids": [],
      "is_critical": true,
      "provenance": {
        "extraction_method": "llm",
        "model_id": "grok-4-1-fast-reasoning",
        "prompt_id": null,
        "run_id": null,
        "temperature": 0.1,
        "timestamp": "2026-02-03T00:12:20.179627"
      }
    },
    {
      "id": "e_c2ae505d_13",
      "source": "f14",
      "target": "c3",
      "relation": "triggers",
      "anchor": {
        "doc_id": "sha256:e8717a4d8b1d",
        "start_char": 1620,
        "end_char": 1680,
        "text_hash": "bb68b2b4304d13a5",
        "display_location": "0",
        "secondary_spans": [],
        "surface_text": "ther lady on 25.5.1993. Learned companynsel for the responde"
      },
      "explanation": "Pending proceedings trigger concept that they are futile under 494",
      "confidence": "high",
      "strength": "moderate",
      "support_group_ids": [],
      "is_critical": true,
      "provenance": {
        "extraction_method": "llm",
        "model_id": "grok-4-1-fast-reasoning",
        "prompt_id": null,
        "run_id": null,
        "temperature": 0.1,
        "timestamp": "2026-02-03T00:12:20.179627"
      }
    },
    {
      "id": "e_c2ae505d_12",
      "source": "f14",
      "target": "i4",
      "relation": "supports",
      "anchor": {
        "doc_id": "sha256:e8717a4d8b1d",
        "start_char": 1620,
        "end_char": 1800,
        "text_hash": "27e1ca0f83a304a5",
        "display_location": "0",
        "secondary_spans": [],
        "surface_text": "ther lady on 25.5.1993. Learned companynsel for the respondent companytended that the appellant is guilty of adultery at least from the date 31.3.1994"
      },
      "explanation": "Pending proceedings ground the issue of whether they should be quashed [REPAIRED: grounds->supports]",
      "confidence": "inferred",
      "strength": "strong",
      "support_group_ids": [],
      "is_critical": true,
      "provenance": {
        "extraction_method": "llm",
        "model_id": "grok-4-1-fast-reasoning",
        "prompt_id": null,
        "run_id": null,
        "temperature": 0.1,
        "timestamp": "2026-02-03T00:12:20.179627"
      }
    },
    {
      "id": "e_c2ae505d_19",
      "source": "f16",
      "target": "h3",
      "relation": "supports",
      "anchor": {
        "doc_id": "sha256:e8717a4d8b1d",
        "start_char": 2150,
        "end_char": 2302,
        "text_hash": "9fcd779cc9b2de40",
        "display_location": "0:17",
        "secondary_spans": [],
        "surface_text": "herefore, allow this appeal, set aside the impugned order and quash the proceeding taken pursuant to the criminal companyplaint filed by the first wif"
      },
      "explanation": "Supreme Court quashing establishes the holding h3 [REPAIRED: establishes->supports]",
      "confidence": "inferred",
      "strength": "strong",
      "support_group_ids": [
        "js3"
      ],
      "is_critical": true,
      "provenance": {
        "extraction_method": "llm",
        "model_id": "grok-4-1-fast-reasoning",
        "prompt_id": null,
        "run_id": null,
        "temperature": 0.1,
        "timestamp": "2026-02-03T00:12:20.179627"
      }
    },
    {
      "id": "e_1de2674b_5",
      "source": "f4",
      "target": "a1",
      "relation": "supports",
      "anchor": {
        "doc_id": "sha256:e8717a4d8b1d",
        "start_char": 860,
        "end_char": 1020,
        "text_hash": "f210edf9f45eb137",
        "display_location": "0",
        "secondary_spans": [],
        "surface_text": "riminal companyrt the appellant moved the High Court of Allahabad for quashing the criminal proceedings. The main plank adopted by the appellant is th"
      },
      "explanation": "Setting aside date after second marriage supports argument that decree continued in force on second marriage date",
      "confidence": "high",
      "strength": "moderate",
      "support_group_ids": [],
      "is_critical": true,
      "provenance": {
        "extraction_method": "llm",
        "model_id": "grok-4-1-fast-reasoning",
        "prompt_id": null,
        "run_id": null,
        "temperature": 0.1,
        "timestamp": "2026-02-03T00:13:15.735428"
      }
    },
    {
      "id": "e_1de2674b_2",
      "source": "f4",
      "target": "c5",
      "relation": "triggers",
      "anchor": {
        "doc_id": "sha256:e8717a4d8b1d",
        "start_char": 450,
        "end_char": 530,
        "text_hash": "d752350b3f0b4a73",
        "display_location": "0:5",
        "secondary_spans": [],
        "surface_text": " long as the first wife succeeded in getting the ex parte decree set aside on 31"
      },
      "explanation": "Fact of decree being set aside on 1994-03-31 supports that it was valid and operative until then as per concept [REPAIRED: supports->triggers]",
      "confidence": "inferred",
      "strength": "strong",
      "support_group_ids": [],
      "is_critical": true,
      "provenance": {
        "extraction_method": "llm",
        "model_id": "grok-4-1-fast-reasoning",
        "prompt_id": null,
        "run_id": null,
        "temperature": 0.1,
        "timestamp": "2026-02-03T00:13:15.735428"
      }
    },
    {
      "id": "e_c2ae505d_21",
      "source": "f5",
      "target": "a2",
      "relation": "supports",
      "anchor": null,
      "explanation": "No divorce since 1994 supports argument of adultery from that date",
      "confidence": "inferred",
      "strength": "weak",
      "support_group_ids": [],
      "is_critical": false,
      "provenance": {
        "extraction_method": "llm",
        "model_id": "grok-4-1-fast-reasoning",
        "prompt_id": null,
        "run_id": null,
        "temperature": 0.1,
        "timestamp": "2026-02-03T00:12:20.179627"
      }
    },
    {
      "id": "e_c2ae505d_1",
      "source": "f6",
      "target": "c1",
      "relation": "triggers",
      "anchor": {
        "doc_id": "sha256:e8717a4d8b1d",
        "start_char": 620,
        "end_char": 720,
        "text_hash": "2e630d7ed12a613c",
        "display_location": "0",
        "secondary_spans": [],
        "surface_text": "nd his first wife ever since 31.3.1994. The first wife filed a companyplaint against the appellant o"
      },
      "explanation": "Complaint filed alleging offence under Section 494 IPC directly establishes the concept c1 [REPAIRED: establishes->triggers]",
      "confidence": "inferred",
      "strength": "strong",
      "support_group_ids": [],
      "is_critical": true,
      "provenance": {
        "extraction_method": "llm",
        "model_id": "grok-4-1-fast-reasoning",
        "prompt_id": null,
        "run_id": null,
        "temperature": 0.1,
        "timestamp": "2026-02-03T00:12:20.179627"
      }
    },
    {
      "id": "e_c2ae505d_7",
      "source": "f9",
      "target": "a3",
      "relation": "grounds",
      "anchor": null,
      "explanation": "Appellant's core argument supports the specific argument a3 against conviction [REPAIRED: supports_arg->grounds]",
      "confidence": "inferred",
      "strength": "moderate",
      "support_group_ids": [],
      "is_critical": false,
      "provenance": {
        "extraction_method": "llm",
        "model_id": "grok-4-1-fast-reasoning",
        "prompt_id": null,
        "run_id": null,
        "temperature": 0.1,
        "timestamp": "2026-02-03T00:12:20.179627"
      }
    },
    {
      "id": "e_c2ae505d_5",
      "source": "f9",
      "target": "c2",
      "relation": "triggers",
      "anchor": null,
      "explanation": "Appellant's argument directly supports concept of no offence under 494 as first marriage not subsisting [REPAIRED: supports->triggers]",
      "confidence": "inferred",
      "strength": "strong",
      "support_group_ids": [],
      "is_critical": true,
      "provenance": {
        "extraction_method": "llm",
        "model_id": "grok-4-1-fast-reasoning",
        "prompt_id": null,
        "run_id": null,
        "temperature": 0.1,
        "timestamp": "2026-02-03T00:12:20.179627"
      }
    },
    {
      "id": "e_c2ae505d_6",
      "source": "f9",
      "target": "i2",
      "relation": "supports",
      "anchor": null,
      "explanation": "Appellant's argument grounds the issue of possible conviction under 494 [REPAIRED: grounds->supports]",
      "confidence": "inferred",
      "strength": "moderate",
      "support_group_ids": [],
      "is_critical": true,
      "provenance": {
        "extraction_method": "llm",
        "model_id": "grok-4-1-fast-reasoning",
        "prompt_id": null,
        "run_id": null,
        "temperature": 0.1,
        "timestamp": "2026-02-03T00:12:20.179627"
      }
    },
    {
      "id": "e_c2ae505d_14",
      "source": "h1",
      "target": "c3",
      "relation": "supports",
      "anchor": null,
      "explanation": "No possible conviction under h1 supports concept that proceedings are futile",
      "confidence": "inferred",
      "strength": "moderate",
      "support_group_ids": [],
      "is_critical": true,
      "provenance": {
        "extraction_method": "llm",
        "model_id": "grok-4-1-fast-reasoning",
        "prompt_id": null,
        "run_id": null,
        "temperature": 0.1,
        "timestamp": "2026-02-03T00:12:20.179627"
      }
    },
    {
      "id": "e_1de2674b_12",
      "source": "h1",
      "target": "i2",
      "relation": "resolves",
      "anchor": {
        "doc_id": "sha256:e8717a4d8b1d",
        "start_char": 1275,
        "end_char": 1425,
        "text_hash": "e1796560209a3953",
        "display_location": "0",
        "secondary_spans": [],
        "surface_text": "moved for setting aside the ex parte decree and succeeded in it when an order was passed on 31.3.1994. As per that order the ex parte decree of divorc"
      },
      "explanation": "Holding resolves issue by stating appellant cannot be convicted under Section 494 IPC",
      "confidence": "high",
      "strength": "strong",
      "support_group_ids": [],
      "is_critical": true,
      "provenance": {
        "extraction_method": "llm",
        "model_id": "grok-4-1-fast-reasoning",
        "prompt_id": null,
        "run_id": null,
        "temperature": 0.1,
        "timestamp": "2026-02-03T00:13:15.735428"
      }
    },
    {
      "id": "e_h1_determines_outcome",
      "source": "h1",
      "target": "outcome",
      "relation": "determines",
      "anchor": {
        "doc_id": "sha256:e8717a4d8b1d",
        "start_char": 1938,
        "end_char": 2092,
        "text_hash": "afab8a3d411fb118",
        "display_location": "0",
        "secondary_spans": [],
        "surface_text": "We, therefore, allow this appeal, set aside the impugned order and quash the proceeding taken pursuant to the criminal companyplaint filed by the first wife."
      },
      "explanation": null,
      "confidence": "high",
      "strength": "strong",
      "support_group_ids": [],
      "is_critical": true,
      "provenance": null
    },
    {
      "id": "e_c2ae505d_18",
      "source": "h2",
      "target": "h3",
      "relation": "supports",
      "anchor": null,
      "explanation": "Futility of proceedings grounds the final holding to quash [REPAIRED: grounds->supports]",
      "confidence": "inferred",
      "strength": "moderate",
      "support_group_ids": [
        "js3"
      ],
      "is_critical": true,
      "provenance": {
        "extraction_method": "llm",
        "model_id": "grok-4-1-fast-reasoning",
        "prompt_id": null,
        "run_id": null,
        "temperature": 0.1,
        "timestamp": "2026-02-03T00:12:20.179627"
      }
    },
    {
      "id": "e_h2_resolves_i4",
      "source": "h2",
      "target": "i4",
      "relation": "resolves",
      "anchor": {
        "doc_id": "sha256:e8717a4d8b1d",
        "start_char": 1620,
        "end_char": 1800,
        "text_hash": "27e1ca0f83a304a5",
        "display_location": "0",
        "secondary_spans": [],
        "surface_text": "As it is, we feel that the criminal proceeding now pending against the appellant for the offence under Section 494 of the IPC is only an exercise of futility. We do not want the criminal court to waste its time for that purpose."
      },
      "explanation": null,
      "confidence": "high",
      "strength": "strong",
      "support_group_ids": [],
      "is_critical": false,
      "provenance": null
    },
    {
      "id": "e_h2_determines_outcome",
      "source": "h2",
      "target": "outcome",
      "relation": "determines",
      "anchor": {
        "doc_id": "sha256:e8717a4d8b1d",
        "start_char": 1938,
        "end_char": 2092,
        "text_hash": "afab8a3d411fb118",
        "display_location": "0",
        "secondary_spans": [],
        "surface_text": "We, therefore, allow this appeal, set aside the impugned order and quash the proceeding taken pursuant to the criminal companyplaint filed by the first wife."
      },
      "explanation": null,
      "confidence": "high",
      "strength": "strong",
      "support_group_ids": [],
      "is_critical": true,
      "provenance": null
    },
    {
      "id": "e_h3_resolves_i4",
      "source": "h3",
      "target": "i4",
      "relation": "resolves",
      "anchor": {
        "doc_id": "sha256:e8717a4d8b1d",
        "start_char": 2150,
        "end_char": 2302,
        "text_hash": "9fcd779cc9b2de40",
        "display_location": "0:17",
        "secondary_spans": [],
        "surface_text": "We, therefore, allow this appeal, set aside the impugned order and quash the proceeding taken pursuant to the criminal complaint filed by the first wife."
      },
      "explanation": null,
      "confidence": "high",
      "strength": "strong",
      "support_group_ids": [],
      "is_critical": false,
      "provenance": null
    },
    {
      "id": "e_h3_determines_outcome",
      "source": "h3",
      "target": "outcome",
      "relation": "determines",
      "anchor": {
        "doc_id": "sha256:e8717a4d8b1d",
        "start_char": 1938,
        "end_char": 2092,
        "text_hash": "afab8a3d411fb118",
        "display_location": "0",
        "secondary_spans": [],
        "surface_text": "We, therefore, allow this appeal, set aside the impugned order and quash the proceeding taken pursuant to the criminal companyplaint filed by the first wife."
      },
      "explanation": null,
      "confidence": "high",
      "strength": "strong",
      "support_group_ids": [],
      "is_critical": true,
      "provenance": null
    },
    {
      "id": "e_1de2674b_9",
      "source": "i1",
      "target": "i2",
      "relation": "specializes",
      "anchor": null,
      "explanation": "Whether first marriage subsisting determines possibility of bigamy conviction for second marriage [REPAIRED: determines->specializes]",
      "confidence": "inferred",
      "strength": "moderate",
      "support_group_ids": [],
      "is_critical": true,
      "provenance": {
        "extraction_method": "llm",
        "model_id": "grok-4-1-fast-reasoning",
        "prompt_id": null,
        "run_id": null,
        "temperature": 0.1,
        "timestamp": "2026-02-03T00:13:15.735428"
      }
    },
    {
      "id": "e_c2ae505d_9",
      "source": "i2",
      "target": "h1",
      "relation": "addresses",
      "anchor": {
        "doc_id": "sha256:e8717a4d8b1d",
        "start_char": 1275,
        "end_char": 1425,
        "text_hash": "e1796560209a3953",
        "display_location": "0",
        "secondary_spans": [],
        "surface_text": "moved for setting aside the ex parte decree and succeeded in it when an order was passed on 31.3.1994. As per that order the ex parte decree of divorc"
      },
      "explanation": "Holding h1 resolves issue i2 negatively [REPAIRED: resolves->addresses]",
      "confidence": "inferred",
      "strength": "strong",
      "support_group_ids": [],
      "is_critical": true,
      "provenance": {
        "extraction_method": "llm",
        "model_id": "grok-4-1-fast-reasoning",
        "prompt_id": null,
        "run_id": null,
        "temperature": 0.1,
        "timestamp": "2026-02-03T00:12:20.179627"
      }
    },
    {
      "id": "e_c2ae505d_16",
      "source": "i4",
      "target": "h2",
      "relation": "addresses",
      "anchor": {
        "doc_id": "sha256:e8717a4d8b1d",
        "start_char": 1620,
        "end_char": 1800,
        "text_hash": "27e1ca0f83a304a5",
        "display_location": "0",
        "secondary_spans": [],
        "surface_text": "ther lady on 25.5.1993. Learned companynsel for the respondent companytended that the appellant is guilty of adultery at least from the date 31.3.1994"
      },
      "explanation": "Holding h2 resolves issue i4 in favor of quashing [REPAIRED: resolves->addresses]",
      "confidence": "inferred",
      "strength": "strong",
      "support_group_ids": [],
      "is_critical": true,
      "provenance": {
        "extraction_method": "llm",
        "model_id": "grok-4-1-fast-reasoning",
        "prompt_id": null,
        "run_id": null,
        "temperature": 0.1,
        "timestamp": "2026-02-03T00:12:20.179627"
      }
    }
  ],
  "reasoning_chains": [
    {
      "id": "rc_i2_h1",
      "issue_id": "i2",
      "fact_ids": [
        "f10",
        "f4",
        "f9"
      ],
      "concept_ids": [
        "c2",
        "c5"
      ],
      "argument_ids": [
        "a1",
        "a3"
      ],
      "holding_id": "h1",
      "edge_ids": [
        "e_1de2674b_11",
        "e_c2ae505d_10",
        "e_c2ae505d_8",
        "e_1de2674b_10",
        "e_c2ae505d_9",
        "e_1de2674b_4",
        "e_1de2674b_6",
        "e_1de2674b_5",
        "e_c2ae505d_7",
        "e_c2ae505d_5",
        "e_1de2674b_3",
        "e_1de2674b_2",
        "e_c2ae505d_6",
        "e_1de2674b_9",
        "e_1de2674b_8",
        "e_1de2674b_7"
      ],
      "justification_set_id": "js1",
      "critical_nodes": [
        "c2",
        "c5",
        "i2",
        "f10",
        "f4",
        "f9",
        "i1",
        "a1"
      ],
      "narrative": "Issue i2 resolved by holding h1. Facts: f10, f4, f9. Concepts: c2, c5. Arguments: a1, a3."
    },
    {
      "id": "rc_i4_h2",
      "issue_id": "i4",
      "fact_ids": [
        "f14",
        "f10",
        "f4",
        "f9"
      ],
      "concept_ids": [
        "c3",
        "c2",
        "c5"
      ],
      "argument_ids": [
        "a4",
        "a1",
        "a3"
      ],
      "holding_id": "h2",
      "edge_ids": [
        "e_c2ae505d_17",
        "e_c2ae505d_15",
        "e_c2ae505d_16",
        "e_c2ae505d_13",
        "e_c2ae505d_14",
        "e_c2ae505d_12",
        "e_1de2674b_11",
        "e_c2ae505d_10",
        "e_c2ae505d_8",
        "e_1de2674b_10",
        "e_c2ae505d_9",
        "e_1de2674b_4",
        "e_1de2674b_6",
        "e_1de2674b_5",
        "e_c2ae505d_7",
        "e_c2ae505d_5",
        "e_1de2674b_3",
        "e_1de2674b_2",
        "e_c2ae505d_6",
        "e_1de2674b_9",
        "e_1de2674b_8",
        "e_1de2674b_7"
      ],
      "justification_set_id": "js2",
      "critical_nodes": [
        "c3",
        "i4",
        "f14",
        "h1",
        "c2",
        "c5",
        "i2",
        "f10",
        "f4",
        "f9",
        "i1",
        "a1"
      ],
      "narrative": "Issue i4 resolved by holding h2. Facts: f14, f10, f4, f9. Concepts: c3, c2, c5. Arguments: a4, a1, a3."
    },
    {
      "id": "rc_i4_h3",
      "issue_id": "i4",
      "fact_ids": [
        "f16",
        "f14",
        "f10",
        "f4",
        "f9"
      ],
      "concept_ids": [
        "c3",
        "c2",
        "c5"
      ],
      "argument_ids": [
        "a4",
        "a1",
        "a3"
      ],
      "holding_id": "h3",
      "edge_ids": [
        "e_c2ae505d_19",
        "e_c2ae505d_18",
        "e_c2ae505d_17",
        "e_c2ae505d_15",
        "e_c2ae505d_16",
        "e_c2ae505d_13",
        "e_c2ae505d_14",
        "e_c2ae505d_12",
        "e_1de2674b_11",
        "e_c2ae505d_10",
        "e_c2ae505d_8",
        "e_1de2674b_10",
        "e_c2ae505d_9",
        "e_1de2674b_4",
        "e_1de2674b_6",
        "e_1de2674b_5",
        "e_c2ae505d_7",
        "e_c2ae505d_5",
        "e_1de2674b_3",
        "e_1de2674b_2",
        "e_c2ae505d_6",
        "e_1de2674b_9",
        "e_1de2674b_8",
        "e_1de2674b_7"
      ],
      "justification_set_id": "js3",
      "critical_nodes": [
        "f16",
        "h2",
        "c3",
        "i4",
        "f14",
        "h1",
        "c2",
        "c5",
        "i2",
        "f10",
        "f4",
        "f9",
        "i1",
        "a1"
      ],
      "narrative": "Issue i4 resolved by holding h3. Facts: f16, f14, f10, f4, f9. Concepts: c3, c2, c5. Arguments: a4, a1, a3."
    }
  ],
  "_meta": {
    "schema_version": "2.1.2",
    "quality_tier": "bronze",
    "extraction_model": "grok-4-1-fast-reasoning",
    "extraction_timestamp": "2026-02-03T00:07:06.660309",
    "retry_attempts": 0,
    "validation_warnings": [
      "Edge e1: 'establishes' not valid for fact -> concept. Valid: claims_satisfies, negates, partially_satisfies, satisfies, triggers",
      "Edge e2: No valid relations defined for fact -> fact",
      "Edge e3: No valid relations defined for fact -> fact",
      "Edge e4: No valid relations defined for fact -> fact",
      "Edge e5: 'supports' not valid for fact -> concept. Valid: claims_satisfies, negates, partially_satisfies, satisfies, triggers",
      "Edge e6: 'grounds' not valid for fact -> issue. Valid: addresses, supports, triggers",
      "Edge e7: 'supports_arg' not valid for fact -> argument. Valid: grounds, rebuts, supports, undercuts",
      "Edge e9: 'resolves' not valid for issue -> holding. Valid: addresses, requires",
      "Edge e11: No valid relations defined for concept -> fact",
      "Edge e12: 'grounds' not valid for fact -> issue. Valid: addresses, supports, triggers",
      "Edge e16: 'resolves' not valid for issue -> holding. Valid: addresses, requires",
      "Edge e18: 'grounds' not valid for holding -> holding. Valid: conflicts_with, constrains, specializes, supports, undercuts",
      "Edge e19: 'establishes' not valid for fact -> holding. Valid: grounds, supports",
      "Edge e20: No valid relations defined for fact -> fact",
      "Edge e1: 'grounds' not valid for fact -> concept. Valid: claims_satisfies, negates, partially_satisfies, satisfies, triggers",
      "Edge e2: 'resolves' not valid for concept -> issue. Valid: addresses, requires",
      "Edge e3: 'rebuts' not valid for fact -> issue. Valid: addresses, supports, triggers",
      "Edge e1: No valid relations defined for fact -> fact",
      "Edge e2: 'supports' not valid for fact -> concept. Valid: claims_satisfies, negates, partially_satisfies, satisfies, triggers",
      "Edge e3: 'supports' not valid for fact -> concept. Valid: claims_satisfies, negates, partially_satisfies, satisfies, triggers",
      "Edge e9: 'determines' not valid for issue -> issue. Valid: conflicts_with, requires, specializes"
    ]
  }
}