{
  "completed": [
    "2008_188",
    "2008_368",
    "1947_378",
    "2002_473",
    "2004_764",
    "1952_105",
    "2007_946",
    "1953_31",
    "1953_106",
    "2002_580",
    "1952_80",
    "1953_78",
    "1953_85",
    "1953_62",
    "1950_5",
    "2008_1460",
    "1952_70",
    "1953_116",
    "1953_19",
    "1952_19",
    "2010_721",
    "1953_12",
    "1952_35",
    "2001_1100",
    "1952_71",
    "1953_88",
    "1952_27",
    "1953_65",
    "2014_170",
    "1953_9",
    "1952_21",
    "2003_78",
    "2002_151",
    "1953_23",
    "1953_20",
    "1952_51",
    "1950_4",
    "2004_246",
    "1953_119",
    "2005_208",
    "1952_36",
    "2001_1005",
    "2019_890",
    "1952_93",
    "2000_1026",
    "1952_8",
    "1952_14",
    "2004_139",
    "1952_33",
    "1953_67"
  ],
  "stats": {
    "success": 50,
    "errors": 0,
    "total_facts": 1042,
    "total_concepts": 655,
    "total_issues": 266,
    "total_holdings": 332,
    "total_edges": 2927,
    "total_chains": 276,
    "outcome_correct": 42,
    "quality_gold": 1,
    "quality_silver": 9,
    "quality_bronze": 40,
    "quality_reject": 0
  },
  "timestamp": "2026-02-03T04:01:33.633440"
}